% Model,Smooth_Finite_PML_TM30_300GHz_COMSOL61_with_S11.mph
% Version,COMSOL 6.4.0.429
% Date,"Aug 22 2026, 14:43"
% Dimension,2
% Nodes,1338
% Expressions,13
% Description,"Observation angle from upward normal, Re normalized angular field, Im normalized angular field, Normalized angular field magnitude, Normalized angular field magnitude, dB, Normalized angular field phase, Normalized angular intensity, Re scattered E at 1 m, Im scattered E at 1 m, Scattered E magnitude at 1 m, Scattered E phase at 1 m, 2D scattering width, 2D scattering width, dB relative to 1 m"
% Length unit,mm
% X,Y,theta_obs (deg) @ freq=300,real(Sang_complex) (1) @ freq=300,imag(Sang_complex) (1) @ freq=300,Sang_magnitude (1) @ freq=300,Sang_dB @ freq=300,Sang_phase (deg) @ freq=300,Sang_power (1) @ freq=300,real(Escat_far_complex) (V/m) @ freq=300,imag(Escat_far_complex) (V/m) @ freq=300,Escat_far_magnitude (V/m) @ freq=300,Escat_far_phase (deg) @ freq=300,sigma2D (m) @ freq=300,sigma2D_dB @ freq=300
-20,1,-80,-0.002303619809370881,0.0016766194916426488,0.0028492560905139784,-50.90545559064598,143.95418394876285,8.118422122504134E-6,0.001982352521031138,-1.1362859356811057E-4,0.001985841951072829,-3.2756190954121758,2.4779043219955387E-5,-46.05945773531287
-19.999501471463972,1,-79.99800588585589,-0.002303880329632878,0.001674964629348658,0.002848450019481979,-50.90787429911029,143.98325763018033,8.11375501301925E-6,0.0019818277145761377,-1.1163481286720239E-4,0.0019850984356273105,-3.2212482020493223,2.476009505758146E-5,-46.0626427205947
-19.99701888139694,1,-79.98807552558776,-0.0023049855862820284,0.0016667158776685219,0.0028445080789486128,-50.91990667823912,144.13087132942903,8.091318599747043E-6,0.0019786493740602032,-1.017860949968939E-4,0.001981409904389185,-2.941557704683504,2.4668206624142978E-5,-46.07880651570396
-19.939549433094697,1,-79.75819773237879,-0.002326226676000826,0.0014756973522719447,0.0027548706102658695,-51.19802196338247,147.6111844596687,7.5893934138035355E-6,0.0018926357188640928,1.2355327114906074E-4,0.0018968044499154935,3.7380560158217437,2.2606524031225626E-5,-46.45783694936108
-19.93706684302766,1,-79.74826737211065,-0.0023269438213406935,0.0014674477874826214,0.002751072302805612,-51.210009589149166,147.76440465664874,7.568484495888328E-6,0.0018883637699599403,1.3312719049779248E-4,0.00189320704228673,4.036149768871736,2.252088264807426E-5,-46.474333605538746
-19.879597394725415,1,-79.51838957890166,-0.0023390238158677,0.0012766521017504098,0.0026648027731905996,-51.48674412795151,151.37523739338516,7.101249059611893E-6,0.0017773639053726583,3.5028783148175694E-4,0.0018117047836966175,11.152345037798503,2.062355665698968E-5,-46.856539829468275
-19.877114804658373,1,-79.50845921863349,-0.0023393376422995676,0.0012684240381706656,0.002661152054044256,-51.49865517552022,151.53411642523636,7.081809300582343E-6,0.0017720340712462695,3.5942500614792003E-4,0.0018082871831428173,11.469598769173265,2.0545833547721762E-5,-46.87294542091223
-19.819645356356087,1,-79.27858142542436,-0.0023419239329620736,0.0010784093637713663,0.002578347663251284,-51.773215232802826,155.27609439847603,6.647945886415368E-6,0.001637171366309308,5.646108371095821E-4,0.0017319589310693946,19.031068097264313,1.884791836764296E-5,-47.247531864638425
-19.81716276628905,1,-79.26865106515622,-0.0023418210581885217,0.001070228741007432,0.002574848868073046,-51.78501311614521,155.4406303221068,6.629919188545897E-6,0.0016308460190585879,5.73146124697451E-4,0.001728809460977185,19.3673677726301,1.8779431337509873E-5,-47.26334291570118
-19.75969331798672,1,-79.03877327194688,-0.0023346280590726136,8.816346835760877E-4,0.0024956103051601065,-52.05650829183752,159.31301365824254,6.2281340727922465E-6,0.0014738789359439385,7.625318913532191E-4,0.0016596240474395217,27.35866454305058,1.7306395988381544E-5,-47.618079328941505
-19.757210727919702,1,-79.02884291167881,-0.00233409734770076,8.73530835082367E-4,0.0024922676724146654,-52.06815297293034,159.48314077518705,6.211464212438802E-6,0.0014666485475155681,7.703010623973473E-4,0.00165682171377056,27.71268369928086,1.7247988376908816E-5,-47.63275691634829
-19.699741279617378,1,-78.79896511846951,-0.0023168962421437587,6.870725522404053E-4,0.002416687750539689,-52.33563151260332,163.48361406542247,5.840437153435504E-6,0.0012899968434377435,9.401338297427865E-4,0.001596410562807454,36.08712711046987,1.601308349994398E-5,-47.95536794799157
-19.697258689550363,1,-78.78903475820145,-0.002315929224590123,6.7907792633312E-4,0.0024135049195507284,-52.34708125772415,163.65919449451204,5.825065792813855E-6,0.0012819807462901248,9.469782233468689E-4,0.0015940138760439475,36.45609226061261,1.5965021232093134E-5,-47.968414329630335
-19.63978924124809,1,-78.55915696499235,-0.0022885575788373583,4.955390951157526E-4,0.0023416567967073283,-52.60957581184244,167.78369139590396,5.4834083976832445E-6,0.001088734044023299,0.0010936907072986544,0.00154339923499979,45.13276989745138,1.4967207214781449E-5,-48.248678703712876
-19.637306651181067,1,-78.54922660472427,-0.0022871488610835405,4.8768892429935755E-4,0.0023386362962023914,-52.62078939252777,167.96450864417085,5.469273489529812E-6,0.001080080356243592,0.0010994623534907083,0.001541434464325809,45.512477314251896,1.4929106668453091E-5,-48.25973859657736
-19.579837202878828,1,-78.31934881151531,-0.0022495199457858214,3.079134745529736E-4,0.0022705616973676943,-52.877372636747936,172.20709433014343,5.1554968850711335E-6,8.739857743298215E-4,0.0012197958702884846,0.001500773226727551,54.38050062762168,1.4151840165290763E-5,-48.49192861635394
-19.577354612811796,1,-78.30941845124718,-0.002247667602671266,3.0024539014650834E-4,0.0022677044456607095,-52.88831192291479,172.39284989359277,5.142531488758388E-6,8.648703505497807E-4,0.0012243629652232922,0.0014992248416145265,54.76568900341274,1.4122639489427066E-5,-48.500890756079144
-19.519885164509564,1,-78.07954065803825,-0.002199779243900564,1.2512794796135015E-4,0.002203402442678596,-53.138160169686586,176.74568515394728,4.855023719278341E-6,6.502961218412041E-4,0.0013154969593819595,0.001467638227787613,63.69687767105218,1.3533798477283073E-5,-48.68583896019665
-19.517402574442528,1,-78.06961029777011,-0.002197485187868442,1.1768153826551956E-4,0.0022007072862433555,-53.14879300302853,176.93599913464502,4.843155245402576E-6,6.409204056357876E-4,0.0013187495435634494,0.0014664445345318783,64.08193164219908,1.351178351319722E-5,-48.69290385391409
-19.459933126140275,1,-77.8397325045611,-0.0021394279527598013,-5.184344599750542E-5,0.0021401243050738644,-53.39125451765988,-163.703136066395,4.5801687439238245E-6,4.227928408280923E-4,0.0013784338130392881,0.0014419942231184272,72.94947153535912,1.306495881188245E-5,-48.83894220499047
-19.45745053607324,1,-77.82980214429296,-0.0021366982693205097,-5.902713436712162E-5,0.0021375876261135185,-53.40155769290167,-178.41617638480002,4.5693186393150065E-6,4.1338051735152455E-4,0.0013802894663166574,0.0014410500336700083,73.3292714696126,1.3047851661744854E-5,-48.84463039166973
-19.399981087770982,1,-77.59992435108393,-0.0020686627779582718,-2.219975653582295E-4,0.0020806094107003723,-53.6362211081108,-173.87352679861172,4.328967963638036E-6,1.9709231019595652E-4,0.0014069743694486,0.0014208796721257918,82.02682570448225,1.2685141461778145E-5,-48.96706370231278
-19.397498497703943,1,-77.58999399081577,-0.0020655080186318155,-2.2887658183150657E-4,0.0020782248352842225,-53.646183239727655,-173.675529019604,4.31905184042681E-6,1.8788469041711397E-4,0.0014073837014036404,0.0014200456235127408,82.39748363896803,1.2670254921474621E-5,-48.97216429213972
-19.340029049401643,1,-77.36011619760659,-0.0019877911640799576,-3.8431616122574087E-4,0.0020246710788413063,-53.87294053573957,-169.0563196099764,4.0993216393452245E-6,-2.0826571417149444E-5,0.0014003428484571675,0.0014006535168939733,90.8531379285837,1.2326568255809814E-5,-49.09159579990362
-19.33754645933461,1,-77.35018583733846,-0.0019842265872540726,-3.908482585552202E-4,0.0020224293143636532,-53.8825645613361,-168.85531160037905,4.090249840545238E-6,-2.9576460899552318E-5,0.0013992945310364253,0.0013997696480931418,91.2124311219086,1.2311022891268777E-5,-49.09708118707118
-19.28007701103228,1,-77.12030804412912,-0.0018972364404056651,-5.377811060867426E-4,0.001972051556880275,-54.101662831575986,-164.17316152727707,3.889012728633407E-6,-2.247796144797026E-4,0.0013587337858407956,0.0013773447953988362,99.39485172391544,1.1919733324145093E-5,-49.23736106300894
-19.27759442096526,1,-77.11037768386105,-0.0018932821904321271,-5.439243960226679E-4,0.001969940380644102,-54.1109679110732,-163.96974416549887,3.880691309187088E-6,-2.328142093976559E-4,0.0013562588490946517,0.0013762452909487017,99.74232818513407,1.190072627647951E-5,-49.24430358035309
-19.22012497266294,1,-76.88049989065178,-0.0017975413663485953,-6.813907244803277E-4,0.0019224235661072925,-54.32304475721903,-159.23871101300884,3.6957349950122253E-6,-4.085643706033311E-4,0.0012834049518948662,0.0013469998584982276,107.66033886123063,1.1400329726216788E-5,-49.4308745765516
-19.217642382595923,1,-76.8705695303837,-0.0017932225813269208,-6.871043754996644E-4,0.001920427976181673,-54.3320673739409,-159.03349215869042,3.6880670820912425E-6,-4.156299259245382E-4,0.001279580046111453,0.0013455265567356787,107.99721086044312,1.1375436018891967E-5,-49.44039252505179
-19.160172934293655,1,-76.64069173717462,-0.0016893698496460077,-8.141770517020985E-4,0.0018753957841100173,-54.53816627949693,-154.26752360979293,3.517129732017685E-6,-5.661740465282731E-4,0.0011767418805531617,0.0013059835462617918,115.69639131483424,1.0716674579098278E-5,-49.699494369977714
-19.157690344226634,1,-76.63076137690653,-0.001684716688741053,-8.194220205714051E-4,0.0018734983105246098,-54.54696043088415,-154.06109404083608,3.5100172124016876E-6,-5.720300129540621E-4,0.0011716912017085482,0.0013039971241313839,116.02539251342098,1.068415368899777E-5,-49.71273942938426
-19.100220895924398,1,-76.40088358369759,-0.0015735066232132726,-9.352238006470373E-4,0.0018305220614330546,-54.748524643513136,-149.2734735189339,3.3508296613469804E-6,-6.920335968042055E-4,0.0010422867320092988,0.001251222406198501,123.58585535315885,9.836894737854006E-6,-50.07160109572742
-19.09773830585737,1,-76.39095322342948,-0.0015685542050465136,-9.399635877110083E-4,0.001828703222157648,-54.75716111220058,-149.06638359639072,3.344175127893024E-6,-6.964627806065739E-4,0.0010361823150979138,0.001248611324163723,123.91123760236742,9.795968639090846E-6,-50.08978794106461
-19.040268857555123,1,-76.1610754302205,-0.0014508546868516306,-0.0010436847715392964,0.0017873138532996725,-54.95600703333207,-144.2692139666958,3.194508193041216E-6,-7.812513848052636E-4,8.847245775021681E-4,0.0011804016926105368,131.45061351997978,8.755004185119543E-6,-50.57777012506751
-19.037786267488087,1,-76.15114506995236,-0.0014456429315174795,-0.0010478861877728399,0.0017855527274170857,-54.964571834453636,-144.06195283617936,3.188217067670088E-6,-7.840705742493444E-4,8.777846866035102E-4,0.0011770897489887567,131.77846632844475,8.706069278497413E-6,-50.602246033689894
-18.980316819185838,1,-75.92126727674335,-0.0013224303481684865,-0.0011388023953607398,0.0017452550902266144,-55.16284520078451,-139.26571640047862,3.0459319066983133E-6,-8.298778465538572E-4,7.098209897966601E-4,0.0010921432212277846,139.4649956243776,7.494954828740055E-6,-51.252901644190445
-18.977834229118802,1,-75.91133691647522,-0.0013170037167716682,-0.0011424363274564044,0.001743529972032423,-55.17143738878837,-139.05869515901128,3.0399146450722896E-6,-8.309485077092806E-4,7.023063769502802E-4,0.001088097165338766,139.80416314594183,7.439690416761701E-6,-51.28525617323122
-18.920364780816545,1,-75.68145912326618,-0.0011893557333857705,-0.0012199260606326776,0.0017038185500807235,-55.371557217643804,-134.2719170825959,2.9030138525359756E-6,-8.351606866574181E-4,5.243060957635309E-4,9.862086588207438E-4,147.88877545023823,6.1118036166511795E-6,-52.13932737058782
-18.917882190749506,1,-75.67152876299802,-0.0011837628606816571,-0.001222968218777296,0.001702107643582687,-55.380286290796484,-134.06545678409157,2.8971881267799516E-6,-8.343992555258984E-4,5.165139645355455E-4,9.814484203401993E-4,148.25294664753986,6.053144940672671E-6,-52.18154048925689
-18.860412742447217,1,-75.44165096978887,-0.001052848683280239,-0.0012865298363508135,0.0016624827435099698,-55.58488239860266,-129.29448521441344,2.7638651054545436E-6,-7.957843985423324E-4,3.357020297455629E-4,8.638161917611223E-4,157.14061231127044,4.689332035236753E-6,-53.29062211303173
-18.85793015238018,1,-75.43172060952072,-0.0010471419010245374,-0.0012889614679402895,0.0016607648570738359,-55.5938655555905,-129.08880997272956,2.7581578568727185E-6,-7.931716304108269E-4,3.279576245887191E-4,8.584334836349617E-4,157.55297117721452,4.63128696407762E-6,-53.34520958326866
-18.800460704077846,1,-75.2018428163114,-9.142100021332582E-4,-0.0013382291729284914,0.0016207483775450377,-55.80571541109562,-124.33771221870568,2.6268419562534345E-6,-7.120804675807128E-4,1.5209302574955533E-4,7.282904167555612E-4,167.96358878004347,3.3337864872138796E-6,-54.773517687174035
-18.797978114010824,1,-75.19191245604331,-9.084447530983407E-4,-0.0013400377243464874,0.0016190035825280732,-55.815074894763804,-124.1329471080496,2.621191210835202E-6,-7.076692542732386E-4,1.4473887457284654E-4,7.224914895756716E-4,168.46748480671727,3.2810916341835607E-6,-54.84339144931123
-18.740508665708507,1,-74.96203466283404,-7.748080878395656E-4,-0.001374796139661883,0.0015781535942132703,-56.03704479473923,-119.40350967913773,2.4905862088819513E-6,-5.86193634058547E-4,-1.8159819524529734E-5,5.866853046480256E-4,-163.2846000989636,2.163867439370238E-6,-56.65234134549951
-18.73802607564149,1,-74.95210430256597,-7.690422331067112E-4,-0.0013759758474772823,0.0015763638180974105,-56.04690551299202,-119.19968270932357,2.484942555026241E-6,-5.80114671632608E-4,-2.4776856443891475E-5,5.809055072262832E-4,-177.50903642365995,2.1215007689585886E-6,-56.73882025283861
-18.680556627339215,1,-74.72222650935686,-6.360610384643325E-4,-0.0013961727431958534,0.0015342873593788818,-56.281899844591976,-114.49149516139842,2.3540562807404176E-6,-4.2218921802593726E-4,-1.6675385068796886E-4,4.5428524616145257E-4,-158.3916561939226,1.2976454259772954E-6,-58.87457710226424
-18.678074037272197,1,-74.71229614908879,-6.303540635154991E-4,-0.0013967251357855364,0.0015324368917666027,-56.29238740081351,-114.28854235674801,2.3483839212711715E-6,-4.1465390785340645E-4,-1.7229743049869482E-4,4.4949924957992065E-4,-157.3649162604046,1.2702362359474603E-6,-58.96628711790888
-18.620604588969957,1,-74.48241835587984,-4.994164034558617E-4,-0.0014024818684068338,0.001488800569237248,-56.54330838417858,-109.59914110092282,2.2165471753712465E-6,-2.2608689239816802E-4,-2.8582139573302487E-4,3.650633607153629E-4,-128.29205459489407,8.376615263447952E-7,-60.772276739932074
-18.61812199890293,1,-74.47248799561173,-4.938285317117997E-4,-0.0014024161591515338,0.001486876466884713,-56.55454759154168,-109.39691363071697,2.210824484379586E-6,-2.1738689357451193E-4,-2.8998199371594853E-4,3.631981629112398E-4,-126.82207038044317,8.288619841511591E-7,-60.81548190343092
-18.56065255060069,1,-74.24261020240277,-3.6632882496397503E-4,-0.0013940353925926514,0.0014414146222980736,-56.824266633013735,-104.72196161807474,2.0776979039479655E-6,-5.807573625897071E-6,-3.6833495728253596E-4,3.6908599249277417E-4,-90.94715433910321,8.559946482884793E-7,-60.67602104062214
-18.558169960533654,1,-74.23267984213463,-3.6092005068029116E-4,-0.0013933687464852643,0.001439407006279432,-56.83638053789666,-104.52023397811513,2.071917442651656E-6,3.6895004567888375E-6,-3.708470137534028E-4,3.7156019421620193E-4,-89.49730778873342,8.678959508508701E-7,-60.619763074748725
-18.500700512231404,1,-74.00280204892563,-2.3823589447401149E-4,-0.0013713390472427662,0.0013919273574553937,-57.1277213355365,-99.85371446423167,1.937485553519626E-6,2.289776055311554E-4,-4.0852469995834585E-4,4.6875200044235174E-4,-60.798389108055474,1.381448629246595E-6,-58.602251006772946
-18.49821792216437,1,-73.99287168865749,-2.3306495022980806E-4,-0.0013700967040426702,0.0013898296011434054,-57.1408307401083,-99.65219284458026,1.9316535271023086E-6,2.3883673492443072E-4,-4.0918385643898205E-4,4.7419004491423025E-4,-59.793190436074994,1.4141351047996872E-6,-58.502872562382024
-18.440748473862104,1,-73.76299389544843,-1.1653263007946502E-4,-0.0013350936400795788,0.0013402163776630432,-57.45656364483708,-94.98659910591869,1.7962059051708993E-6,4.671038952528493E-4,-4.0228834426170285E-4,6.167100223405527E-4,-40.78000470883887,2.3911275392525762E-6,-56.21940609028304
-18.43826588379507,1,-73.75306353518029,-1.1165590737784727E-4,-0.0013333088790818744,0.0013380251883959684,-57.47078709924796,-94.78492925077448,1.790341072957742E-6,4.768356695617495E-4,-4.0096787495300893E-4,6.232654297723504E-4,-40.099783701539195,2.4424596652706995E-6,-56.12753336035177
-18.38079643549278,1,-73.52318574197113,-2.545057691433265E-6,-0.0012861923042778874,0.001286239865050967,-57.81363395092541,-90.11143612744377,1.6544412538317883E-6,6.962782672576301E-4,-3.475705376496426E-4,7.783843566442677E-4,-26.554055821440066,3.8084420358514993E-6,-54.19623327672908
-18.378313845425744,1,-73.51325538170299,1.984497672475716E-6,-0.0012839062383667378,0.0012839552653017435,-57.82908818051681,-89.9092101592362,1.6485733363349944E-6,7.053563846654848E-4,-3.442359721897005E-4,7.850622101075186E-4,-26.03835205937182,3.87414154889953E-6,-54.12188372186897
-18.320844397123416,1,-73.28337758849366,1.0249654745342606E-4,-0.0012257135121389838,0.0012300350528286065,-58.201736870075685,-85.21781682925308,1.5130168259044922E-6,9.035511174938678E-4,-2.446865270904779E-4,9.362436317643413E-4,-15.169896836289091,5.508973890596796E-6,-52.59161435839109
-18.31836180705639,1,-73.27344722822558,1.0663054073400396E-4,-0.001222974702062131,0.0012276602686924845,-58.218537610492895,-85.01457864117134,1.507184482149989E-6,9.114341304460436E-4,-2.3940739016616304E-4,9.425192087323289E-4,-14.733849423800358,5.583050017723824E-6,-52.53345789997987
-18.26089235875407,1,-73.04356943501628,1.9748413749561997E-4,-0.0011549096768425084,0.0011717145596706689,-58.62366591408951,-80.29421452841174,1.3729478794149065E-6,0.001075885490998784,-9.656381347582621E-5,0.001080350983403405,-5.140875571982126,7.334627297051425E-6,-51.34761595524645
-18.258409768687056,1,-73.03363907474822,2.0117980405429613E-4,-0.001151773560560731,0.0011692558258654207,-58.64192914491486,-80.08946342789959,1.3671963543713794E-6,0.001082042277635375,-8.952138885108155E-5,0.001085903557769267,-4.741053347411117,7.410134484545149E-6,-51.30299064513897
-18.200940320384785,1,-72.80376128153914,2.8145741132939127E-4,-0.001075191267482573,0.001111460821037549,-59.08223788824898,-75.32805022292997,1.2353801520612217E-6,0.0012008078201611073,9.112427051600883E-5,0.0012044071167271154,4.3307284837910185,9.115194304790987E-6,-50.40314138275837
-18.198457730317767,1,-72.79383092127107,2.8467864047475056E-4,-0.0010717194039682792,0.0011089271126553597,-59.10208148222313,-75.12124251843241,1.2297587148461942E-6,0.0012047459534944103,9.963419758121306E-5,0.0012090336111325233,4.719377692715316,9.185253712963115E-6,-50.369770078815606
-18.14098828201553,1,-72.56395312806212,3.536276613782378E-4,-9.881064780152072E-4,0.001049518875342711,-59.5803377985851,-70.30570462147645,1.1015267474155907E-6,0.0012671166224281214,3.099571786158121E-4,0.0013046387236709043,13.738967683439885,1.0695016855349031E-5,-49.70861139792702
-18.138505691948502,1,-72.55402276779401,3.5634593477739453E-4,-9.843656099255205E-4,0.001046921577528698,-59.60188363823073,-70.0962527708832,1.0960860544350264E-6,0.001268412495222095,3.195275255759709E-4,0.0013082357120841564,14.133350033402937,1.075397457935263E-5,-49.68464944979985
-18.08103624364626,1,-72.32414497458504,4.133992102242312E-4,-8.953166179111693E-4,9.861877856104314E-4,-60.12097598850515,-65.21246564031371,9.726047794765478E-7,0.001265618099378534,5.489182528709118E-4,0.0013797171351076242,23.44232225989741,1.1961070211441522E-5,-49.22250222398621
-18.078553653579228,1,-72.31421461431691,4.15594424186604E-4,-8.913775630405938E-4,9.835403133195543E-4,-60.14435264605308,-64.99973439978568,9.673943014088334E-7,0.0012639473611092856,5.59040512985551E-4,0.0013822880325525322,23.85566123424442,1.2005615448381754E-5,-49.20630405984148
-18.021084205276978,1,-72.08433682110791,4.603876976970773E-4,-7.985675284209391E-4,9.218110021082288E-4,-60.70736041571474,-60.03239464077809,8.49775104676742E-7,0.0011898506250454534,7.94712743447255E-4,0.0014310676097790704,33.735951404000005,1.2867799731294626E-5,-48.90503987086836
-18.01860161520994,1,-72.07440646083975,4.620488390495466E-4,-7.945039156151324E-4,9.191283831938783E-4,-60.73270654844364,-59.8156933286194,8.448407515081902E-7,0.001185017220999264,8.047939625502019E-4,0.001432739136797629,34.17954286817071,1.289783780809182E-5,-48.8948865598992
-17.961132166907678,1,-71.84452866763071,4.944345002357948E-4,-6.99657469888133E-4,8.567659997892553E-4,-61.34298851316904,-54.74808470989106,7.340882488549593E-7,0.0010367542890956222,0.0010322592933890984,0.0014632891001880631,44.87314629558496,1.3453696892929055E-5,-48.71161360345276
-17.95864957684064,1,-71.83459830736255,4.955601469308258E-4,-6.955443410119269E-4,8.540644359375943E-4,-61.370457199569735,-54.52665416381819,7.294703130298589E-7,0.001028716185859281,0.0010416462155445948,0.0014643270509730258,45.35635576393201,1.3472776043932516E-5,-48.70545007682775
-17.901180128538343,1,-71.6047205141534,5.156166107182811E-4,-6.004020682879285E-4,7.914535567287716E-4,-62.03176510204532,-49.34026802425222,6.264391941533285E-7,8.072375973756824E-4,0.0012453516471762484,0.0014844249137892116,57.04670084300349,1.3845130325355554E-5,-48.58704375424849
-17.89869753847131,1,-71.59479015388526,5.162152308180182E-4,-5.96314373699347E-4,7.887499781844987E-4,-62.061529442409224,-49.11325996122589,6.221707091476781E-7,7.961271600910329E-4,0.0012533616517796217,0.0014852358782938904,57.57531192049838,1.3860264623743704E-5,-48.582300549585945
-17.841228090168983,1,-71.36491236067593,5.242513799874567E-4,-5.02597048291145E-4,7.262870764033109E-4,-62.77815556874357,-43.787202958704555,5.275330565588795E-7,5.065917644807555E-4,0.0014174759530851929,0.0015056799455102066,70.33110677026309,1.4244465789271512E-5,-48.46355770353162
-17.83874550010196,1,-71.35498200040784,5.243414062911447E-4,-4.986080688665535E-4,7.23598708062234E-4,-62.810416008461516,-43.55364802858565,5.236386384534847E-7,4.92728745041318E-4,0.0014234339066781009,0.0015067782571590164,70.90425214425916,1.4265280768182361E-5,-48.45723197472129
-17.781276051799637,1,-71.12510420719855,5.208956216435535E-4,-4.079796103140279E-4,6.616823989776872E-4,-63.58738731429667,-38.06372820788945,4.378629066046843E-7,1.447043581141141E-4,0.0015327565237050797,0.0015400339219921642,84.60260607211475,1.4901953016061324E-5,-48.26762326275432
-17.778793461732622,1,-71.11517384693049,5.205052839794352E-4,-4.0415934416786306E-4,6.590263573594597E-4,-63.622381335782016,-37.822486671807155,4.3435811185513753E-7,1.2859958298514027E-4,0.0015360361380231747,0.001541952822242202,85.20982910061485,1.4939198113589255E-5,-48.25683149891818
-17.72132401343036,1,-70.88529605372143,5.063387090170483E-4,-3.181894244972125E-4,5.980485992616229E-4,-64.46571778834534,-32.13979803775162,3.5770012652208434E-7,-2.6397112270447494E-4,0.0015769899677413205,0.0015994391210175478,99.49586870352057,1.6073952007584E-5,-47.93892168005284
-17.718841423363333,1,-70.87536569345333,5.055056120675025E-4,-3.1460298090053043E-4,5.954415424417968E-4,-64.50373287924911,-31.889482960457286,3.545913229578795E-7,-2.816229933464018E-4,0.0015770577230907181,0.001602591243412862,100.11752999066252,1.6137558827698808E-5,-47.92186839793739
-17.661371975061094,1,-70.64548790024438,4.8158944618983555E-4,-2.3473030945697453E-4,5.357803436793255E-4,-65.42079476468994,-25.97818560249143,2.8709682978307344E-7,-7.007244843416335E-4,0.0015387150577969731,0.001691285566384139,114.47515506490122,1.7973328269015834E-5,-47.45401269286061
-17.658889384994065,1,-70.63555753997626,4.803598875763422E-4,-2.3143635583716893E-4,5.332382002469318E-4,-65.46218592617309,-25.717041292448762,2.8438154304387895E-7,-7.190643078952769E-4,0.0015351742563826417,0.0016958292656680967,115.08825726697924,1.807032149048313E-5,-47.43077178887479
-17.60141993669183,1,-70.40567974676732,4.478566709138587E-4,-1.5893373208609118E-4,4.7525250410896264E-4,-66.46214421309058,-19.530812172731583,2.2589906954890815E-7,-0.0011431989904073583,0.0014102545509749763,0.0018159349585073366,129.01876709321573,2.0720611327906396E-5,-46.836421683262486
-17.598937346624794,1,-70.39574938649918,4.4628470200183814E-4,-1.5598304214725658E-4,4.7279031446773815E-4,-66.50735771497185,-19.25651745319289,2.2356673677364477E-7,-0.0011612351755141495,0.0014028866521604549,0.0018217242536077297,129.60521587428642,2.0853270730873353E-5,-46.80883176699036
-17.541467898322548,1,-70.1658715932902,4.0652374244413476E-4,-9.19253010615629E-5,4.168179685882963E-4,-67.60183204620918,-12.732731114240753,1.7376890248923333E-7,-0.0015663080456802076,0.0011886565322785704,0.0019667734539928366,142.79473538934425,2.4306065394721804E-5,-46.143382141610324
-17.538985308255512,1,-70.15594123302206,4.046699827504247E-4,-8.935945277984707E-5,4.144498866572105E-4,-67.65143753133496,-12.44207184729755,1.7180194183683268E-7,-0.0015829610801590625,0.0011774566377083413,0.0019734143522127244,143.34623765534207,2.4470764112421175E-5,-46.11413881701506
-17.481515859953248,1,-69.926063439813,3.591172765572296E-4,-3.4595426003960355E-5,3.6081009895200017E-4,-68.85535123021349,-5.491958266639641,1.302129126609413E-7,-0.001943444182811879,8.764578411234467E-4,0.002132414635552147,155.7155940812973,2.8572530257988726E-5,-45.4410296467656
-17.479033269886212,1,-69.91613307954485,3.570475015156423E-4,-3.2445697334121374E-5,3.5854963435801403E-4,-68.91008400527494,-5.180263358152489,1.2858800320117673E-7,-0.0019576025847848275,8.616610886454802E-4,0.002139378508949459,156.2331741631068,2.875961440899926E-5,-45.41272139773426
-17.421563821583913,1,-69.68625528633567,3.072707070299413E-4,1.2424727744962142E-5,3.075524204779177E-4,-70.24275706908372,2.3283626249187512,9.461457588724324E-8,-0.002247943747323507,4.82191855149449E-4,0.002299539464878833,167.88476358974668,3.322637574726723E-5,-44.78560238429872
-17.419081231516877,1,-69.67632492606752,3.050542379057361E-4,1.4138220316046024E-5,3.054130742902335E-4,-70.30356915540887,2.6682317282650927,9.330403865342033E-8,-0.0022585294053576372,4.6428758876508776E-4,0.0023062740130579107,168.37548086864783,3.342129682249709E-5,-44.760194831293546
-17.361611783214546,1,-69.44644713285818,2.526834701559118E-4,4.878094501408095E-5,2.573807651122664E-4,-71.78990616687776,10.942564399614355,6.626787261585069E-8,-0.002454746979438263,2.0568277792658712E-5,0.0024552898151117505,179.51289837657865,3.787921411457149E-5,-44.21630466738201
-17.359129193147524,1,-69.4365167725901,2.503914037669476E-4,5.004982450787059E-5,2.5537738534505577E-4,-71.85800980540357,11.322103565643237,6.524105014516378E-8,-0.002460786862289792,2.9921996067916204E-7,0.0024613031048797275,165.07924894307155,3.8064890760288894E-5,-44.19504200695776
-17.301659744845203,1,-69.20663897938081,1.9707681806782363E-4,7.440641573834203E-5,2.1068946908952646E-4,-73.52896127576103,20.70465022150501,4.440982311769371E-8,-0.0025421697347206263,-4.8773572200157364E-4,0.0025890015523502563,-169.1448553362185,4.211669725011157E-5,-43.75565472707328
-17.299177154778192,1,-69.19670861911277,1.9478014230386412E-4,7.523430524056543E-5,2.0884107931410991E-4,-73.60578989279284,21.143387365801654,4.363437045396637E-8,-0.002542870015591946,-5.093914393998403E-4,0.0025939223124569785,-168.67703774255196,4.227680287095353E-5,-43.739144303032056
-17.241707706475925,1,-68.9668308259037,1.4214745860004929E-4,8.952420505685009E-5,1.6802915263327097E-4,-75.49464247101052,32.230599235238515,2.8250082557938714E-8,-0.0024936817325396862,-0.0010167153453650613,0.0026934762458205638,-157.82260252510926,4.5583888921484375E-5,-43.41199093782766
-17.239225116408903,1,-68.95690046563561,1.3991510714390522E-4,8.992664504579838E-5,1.663650743788854E-4,-75.58142938255808,32.76331491249649,2.7693105237009135E-8,-0.0024884995689903855,-0.0010385805322841036,0.0026970999731488186,-157.34981761945684,4.5706491369348814E-5,-43.400299328636734
-17.18175566810667,1,-68.72702267242668,8.952038466469299E-5,9.464122596231625E-5,1.3032243946840887E-4,-77.70254554161338,46.632437218790635,1.6996331329916373E-8,-0.0022995690431753214,-0.0015361265492107622,0.002765985401247394,-146.2597160465319,4.8070852374105447E-5,-43.18122567053832
-17.179273078039635,1,-68.71709231215854,8.74172904136901E-5,9.46452327221126E-5,1.2889591055430786E-4,-77.79839556298809,47.32180904537308,1.662533228484485E-8,-0.002288276670192205,-0.0015568797764572812,0.0027683111380537714,-145.7714820439318,4.815163909952476E-5,-43.17391730535996
-17.121803629737396,1,-68.48721451894959,4.070238509711509E-5,9.053346242812171E-5,9.933278083794216E-5,-80.06133074503362,65.84726805329346,9.874848845135154E-9,-0.0019583476668139773,-0.002013010144943883,0.002809040921491369,-134.21328539708153,4.957887500646314E-5,-43.047046699931286
-17.11932103967036,1,-68.47728415868144,3.878759617309134E-5,9.017672341090755E-5,9.824775289676304E-5,-80.15639899197409,66.7910793544243,9.65847299198826E-9,-0.0019410831847951854,-0.0020312577541602823,0.0028102958052217096,-133.7002459536257,4.962314638512703E-5,-43.04316419229485
-17.061851591368107,1,-68.24740636547243,-2.962187432076445E-6,7.822248426914869E-5,7.837956699620211E-5,-82.11788238300218,92.22387575388944,6.146281820967066E-9,-0.0014777925707659143,-0.002413604102977052,0.002830763120116468,-121.47937125352107,5.034856332024918E-5,-42.980132306928176
-17.059369001301068,1,-68.23747600520427,-4.6372628702826115E-6,7.755219899949286E-5,7.780597422943969E-5,-82.18056550661723,93.47292610662734,6.0548708644189216E-9,-0.0014550919218167242,-0.0024279666337679705,0.0028314027750660055,-120.93452938089138,5.0371313755521275E-5,-42.978169276333745
-17.00189955299881,1,-68.00759821199524,-4.033178574409492E-5,5.894361242506167E-5,7.153367870445256E-5,-82.90984307796876,124.38526982963151,5.117131831705117E-9,-8.754541886262937E-4,-0.0027055596723512126,0.002844449938673248,-107.93152858773705,5.0836606609050784E-5,-42.93823637750096
-16.99941696293177,1,-67.99766785172709,-4.172493972149329E-5,5.801500104111808E-5,7.157455059687158E-5,-82.90499649967097,125.71171784945577,5.123119602029368E-9,-8.482593760726805E-4,-0.002714768399239615,0.0028451137084021206,-107.35222887800721,5.086034600323264E-5,-42.93621060546202
-16.94194751462948,1,-67.76779005851793,-7.050259924329772E-5,3.4106424112182245E-5,7.840211734922402E-5,-82.11413269501512,154.14601640974814,6.147829337629538E-9,-1.785533853947352E-4,-0.002860340470542971,0.0028667815689069295,-93.573958267854,5.163800376930132E-5,-42.87031294648463
-16.939464924562444,1,-67.75785969824979,-7.158212572491073E-5,3.298093942164979E-5,7.889282482471514E-5,-82.06053450317278,155.2227838372066,6.226017702888698E-9,-1.4819303905445408E-4,-0.0028633382934141367,0.0028681801436351117,-92.96405964713517,5.1688460747524325E-5,-42.8660815931253
-16.881995476260112,1,-67.52798190504045,-9.283656670514497E-5,5.248618727720051E-6,9.303764506701426E-5,-80.62809191680243,176.7289409551906,8.6583968918248E-9,5.768232405603943E-4,-0.002855650802170598,0.0029142787574462678,-78.58379431927618,5.336341248838853E-5,-42.72759503649642
-16.87951288619309,1,-67.51805154477236,-9.358224682332675E-5,3.991911164405559E-6,9.371853645271183E-5,-80.56488958470159,162.61791380868692,8.786153198126612E-9,6.086833157932776E-4,-0.0028516905066830944,0.002917014147366061,-77.95442276514832,5.3463814112311574E-5,-42.7194603573195
-16.822043437890766,1,-67.28817375156308,-1.0698115375091141E-4,-2.6015416614782153E-5,1.1013535486658551E-4,-79.16252964821346,-166.35641202196794,1.2132629559195119E-8,0.0013472635454667163,-0.002677713558015155,0.002998543419262737,-63.2966029100043,5.649431038698215E-5,-42.48003647518976
-16.81956084782375,1,-67.27824339129502,-1.0738487468300849E-4,-2.733571912623934E-5,1.1084679695736333E-4,-79.10655812839559,-165.74000693741067,1.2290039257553418E-8,0.0013787002189487925,-0.002666445601838286,0.0030029133970213007,-62.663716846130086,5.665942038334234E-5,-42.46741082223682
-16.762091399521484,1,-67.04836559808594,-1.1287980833862252E-4,-5.804971361686839E-5,1.2696013840497543E-4,-77.92737844796505,-152.80132009574527,1.6121466418050413E-8,0.0020842891283531667,-0.002323202608426574,0.0031221505446401856,-48.10962397377352,6.124845259673405E-5,-42.12920122273267
-16.759608809454463,1,-67.03843523781785,-1.1294577698351702E-4,-5.936633778269788E-5,1.2762793202900126E-4,-77.8817457919654,-152.28763553371007,1.6291461001206084E-8,0.0021132302333827483,-0.0023047442352516784,0.0031280322068672275,-47.48871825860599,6.147982723593942E-5,-42.112878857214746
-16.702139361152224,1,-66.8085574446089,-1.1077230169221197E-4,-8.925362773339423E-5,1.422806217833929E-4,-76.93754522063765,-141.15163778886014,2.024585387351875E-8,0.0027372578960212367,-0.00180063285454136,0.0032773969832646872,-33.345375968781,6.749133812694893E-5,-41.70772255231341
-16.699656771085195,1,-66.79862708434078,-1.10516827769592E-4,-9.050201695802398E-5,1.4287179613925913E-4,-76.90147630549991,-140.69643771960654,2.0414317494107093E-8,0.0027616144436974463,-0.0017756106121269584,0.0032842745573139873,-32.74638642959303,6.777520517817895E-5,-41.689530893557745
-16.642187322782956,1,-66.56874929113184,-1.0118451299403794E-4,-1.181184817259847E-4,1.5555535669432605E-4,-76.16258052800929,-130.59275150646894,2.419899065147618E-8,0.0032567712925395775,-0.0011310256322999003,0.0034485317959507635,-19.158559528121515,7.472375429134314E-5,-41.265621664889665
-16.63970473271592,1,-66.5588189308637,-1.0063535180761626E-4,-1.1923909991791903E-4,1.5605592633884794E-4,-76.13463529036963,-130.17111723367697,2.4354832433616248E-8,0.0032745864989001793,-0.0011005843609140458,0.0034556457187856567,-18.583824021163803,7.50324790877011E-5,-41.24772547652124
-16.582235284413674,1,-66.3289411376547,-8.490761348610368E-5,-1.4328177513280501E-4,1.6657269427984523E-4,-75.56808681461168,-120.65663309870511,2.7747484545765535E-8,0.0035983863389676043,-3.4769957833064307E-4,0.0036160767510185696,-5.525474557450018,8.216059884430125E-5,-40.85353416514925
-16.579752694346638,1,-66.31901077738655,-8.410287584548764E-5,-1.4422226118499594E-4,1.6697834066217398E-4,-75.54693269072646,-120.25380986014619,2.7882651222519576E-8,0.003607991945731349,-3.1347268016300147E-4,0.0036226155819112167,-4.970761862405115,8.245791185190721E-5,-40.837834896757336
-16.52228324604437,1,-66.08913298417748,-6.296703557520054E-5,-1.635767592758425E-4,1.753000308821137E-4,-75.1244493317374,-111.05801136948743,3.073072314286573E-8,0.0037263786187743636,5.049123877350408E-4,0.0037613541339122925,7.711378879604539,8.889426979150524E-5,-40.51137192363455
-16.51980065597733,1,-66.07920262390932,-6.19536906205379E-5,-1.6429384204751042E-4,1.756121103444423E-4,-75.1089814047005,-110.66469510337416,3.0840121170274936E-8,0.0037265470116662307,5.408741139310867E-4,0.0037666263663331152,8.254589728389819,8.914344053397894E-5,-40.49919443588246
-16.462331207675046,1,-65.84932483070018,-3.658205827525291E-5,-1.7807524410232267E-4,1.8181691288867552E-4,-74.80735857509944,-101.61187660169533,3.305772270692404E-8,0.0036172616453059286,0.0013734520329687359,0.0038701743659982045,20.787868872359937,9.411168253270007E-5,-40.263616925956306
-16.459848617608014,1,-65.83939447043205,-3.541407343593484E-5,-1.785363326690418E-4,1.8204058043459425E-4,-74.79666815096996,-101.22185258504331,3.313902209601018E-8,0.0036073409822211648,0.001408792602428861,0.003873737890231104,21.330297795213603,9.428487561066665E-5,-40.25561359102787
-16.40237916930568,1,-65.60951667722271,-7.117282403706559E-6,-1.8612166963932877E-4,1.8628136725107162E-4,-74.59663006507022,-92.19198298357765,3.470089389588995E-8,0.003262746621286114,0.0021987820356356167,0.003935474637701137,33.97404300884849,9.73138942713459E-5,-40.11826646989102
-16.399896579238657,1,-65.59958631695463,-5.853462597764866E-6,-1.8630604269891538E-4,1.8642452558757436E-4,-74.58995075181701,-91.80093135786198,3.475419770654559E-8,0.0032427658097880716,0.002230989582905155,0.003937223817983886,34.52704415822434,9.740031731242152E-5,-40.11440219555647
-16.342427130936336,1,-65.36970852374536,2.3972313899515603E-5,-1.8735674214573255E-4,1.8890867366433235E-4,-74.47496739688604,-82.70982943695087,3.5686530990069525E-8,0.0026718296821641413,0.002919951645144926,0.003958948358363505,47.539716126230886,9.847808305063178E-5,-40.066605025478125
-16.339944540869325,1,-65.35977816347732,2.5270709363360793E-5,-1.87256273704045E-4,1.889811992250851E-4,-74.47163033842047,-82.31472374082244,3.571391302959635E-8,0.002642560781851365,0.002946537109709465,0.003959157597357113,48.113872690189815,9.848848325262103E-5,-40.066145544326446
-16.282475092567054,1,-65.12990037026822,5.5200678796496415E-5,-1.817292992187906E-4,1.8995349127106422E-4,-74.42705487430409,-73.10422901681757,3.608233280382535E-8,0.0018717251524375893,0.0034787533628285456,0.003951505849302152,61.71758855583574,9.810817024521273E-5,-40.082949226655195
-16.279992502500033,1,-65.11997001000013,5.647244924134709E-5,-1.8134867475102278E-4,1.8996649257256137E-4,-74.4264599150805,-72.70304625104428,3.60872683004485E-8,0.0018346927402508447,0.0034974471917167483,0.0039508151001923595,62.32092050316658,9.807388710061814E-5,-40.084468321304165
-16.22252305419779,1,-64.89009221679117,8.511198831918375E-5,-1.6949551980640102E-4,1.896913352636407E-4,-74.43905051742016,-63.3364532520945,3.598280590401189E-8,9.074249395481254E-4,0.003824558443900173,0.003932038622890806,76.65261974734588,9.714389691742271E-5,-40.12584683946402
-16.22004046413076,1,-64.88016185652306,8.629853170080692E-5,-1.688519174883475E-4,1.89656344592275E-4,-74.44065398875718,-62.9280443833186,3.596954148075017E-8,8.64855184774761E-4,0.0038335107791042534,0.003931352319395608,77.28816830634362,9.710997781564115E-5,-40.12736253821212
-16.16257101582852,1,-64.65028406331409,1.1234137407832383E-4,-1.5120511948061213E-4,1.8839812184813485E-4,-74.49847136662704,-53.3880761707487,3.5493874813573074E-8,-1.602448771545718E-4,0.003919051159075203,0.003923752829773685,92.34065613314212,9.67348924623736E-5,-40.144168488139506
-16.160088425761483,1,-64.64035370304595,1.1338914459111051E-4,-1.5032735407842035E-4,1.8832621163682883E-4,-74.50178931399391,-52.97210229363828,3.546680040242829E-8,-2.0553832588641194E-4,0.003917018672042126,0.003924027607720354,93.00414530447354,9.674845562482144E-5,-40.14356087513742
-16.102618977459226,1,-64.41047590983692,1.3567240291146546E-4,-1.2767474831670828E-4,1.863284079415026E-4,-74.5944245266231,-43.259567554647845,3.471832367041674E-8,-0.0012580827993488638,0.003740438980170168,0.0039478643124700894,108.58784555130701,9.792749243734183E-5,-40.09096027675904
-16.10013638739219,1,-64.40054554956878,1.3653517521637038E-4,-1.2660189997094155E-4,1.8622929350806664E-4,-74.59904843343733,-42.83643260154741,3.46814161374629E-8,-0.0013028737412556707,0.0037269404385271406,0.003949808873995336,109.26733891807972,9.802413168814857E-5,-40.086689379770945
-16.042666939089933,1,-64.17066775635973,1.5408865424288443E-4,-9.994941340225972E-5,1.8369449117320864E-4,-74.7180866371345,-32.96817312548439,3.374373855708364E-8,-0.002305363754156944,0.0032867064410642822,0.0040161698522084175,125.0425159397042,1.0134578331309258E-4,-39.94197670188149
-16.040184349022898,1,-64.16073739609159,1.5472948702089428E-4,-9.872898871967813E-5,1.8357573636609264E-4,-74.72370624752382,-32.538902510827384,3.370014228769141E-8,-0.0023462409797258784,0.0032621295499524923,0.004019967660146897,125.72183209232345,1.0153783275691396E-4,-39.933778928419315
-15.98271490072061,1,-63.93085960288245,1.668168922782896E-4,-6.925335154695035E-5,1.8064960193977936E-4,-74.86327221837537,-22.544105519651467,3.263437232119391E-8,-0.0032198187984285157,0.0025775107175379803,0.0041259511844623535,141.31688733603613,1.069624871582015E-4,-39.70775444828336
-15.980232310653577,1,-63.920929242614314,1.6720969303575563E-4,-6.793904886084029E-5,1.8051607209901047E-4,-74.86969767335633,-22.110144100274642,3.2586165485029304E-8,-0.0032534521573685245,0.0025431549721808807,0.004131159177579576,141.98174788499009,1.0723296413232582E-4,-39.69680812693419
-15.922762862351268,1,-63.69105144940508,1.733596156012149E-4,-3.693234865116261E-5,1.7727864838518466E-4,-75.02688691184099,-12.024747882871173,3.1427832353793984E-8,-0.0039243390699295385,0.0016543903432751517,0.004260294734757726,157.13546342692734,1.1404164337727466E-4,-39.42945190808211
-15.920280272284238,1,-63.681121089136965,1.7349022337205387E-4,-3.5581521687400165E-5,1.77132340323598E-4,-75.0340616016347,-11.587682545391269,3.137600105552736E-8,-0.003947764582053666,0.0016124346193743214,0.004265983120983927,157.77859553282173,1.1434647436540113E-4,-39.41786464765784
-15.862810823981938,1,-63.45124329592775,1.7351518187769764E-4,-4.390007684406334E-6,1.7359906906953007E-4,-75.20907143042184,-1.4473779666965747,3.0136771359755007E-8,-0.004353881113999355,5.79074425910558E-4,0.00439365512675208,172.41905292107407,1.2129289464605284E-4,-39.16171796967957
-15.860328233914915,1,-63.44131293565967,1.7338190433342074E-4,-3.0609408230459233E-6,1.7343938548682028E-4,-75.21706891126139,-1.0086220617285118,3.0081381594741354E-8,-0.004364781375132565,5.324637015313232E-4,0.004398705693062276,158.13412466431078,1.215717755840867E-4,-39.151733767177255
-15.802858785612635,1,-63.21143514245055,1.6738423817290186E-4,2.697912481997157E-5,1.6957240718924364E-4,-75.41292055903568,9.158421367540118,2.8754963107942924E-8,-0.004461965589104909,-5.701668152057114E-4,0.004499649667522306,-172.72164345138475,1.2721523176077438E-4,-38.95464580825671
-15.800376195545612,1,-63.201504782182454,1.6699780399532954E-4,2.823000225497911E-5,1.6939684886558597E-4,-75.42192331416196,9.597925844219516,2.869548811645749E-8,-0.004458919188639969,-6.179141842408648E-4,0.004503074383902343,-172.11184560842344,1.2740874101858967E-4,-38.94802998506905
-15.742906747243357,1,-62.97162698897343,1.5536181806501836E-4,5.585638304534664E-5,1.6512485672618674E-4,-75.64378227821284,19.777284280660655,2.726641678672999E-8,-0.00422612431988742,-0.0017040082995798196,0.004558137187178115,-158.04230468698978,1.305434322230214E-4,-38.84245722891788
-15.740424157176324,1,-62.961696628705305,1.5474473327309614E-4,5.697720763946161E-5,1.6493001313144792E-4,-75.65404512558737,20.21729381346456,2.7202151246462917E-8,-0.004208797708277741,-0.001749063453651137,0.004559329463859383,-157.43324291585895,1.3061163555284298E-4,-38.840182266950215
-15.682954708874076,1,-62.73181883549632,1.3811516812241086E-4,8.106243762721145E-5,1.601731036592261E-4,-75.90824955739532,30.41243897834447,2.5655669883479834E-8,-0.0036516729023607065,-0.002729077087190699,0.004560252980245433,-143.2277027650616,1.306645496686963E-4,-38.838422959102694
-15.680472118807039,1,-62.72188847522818,1.3730049509910202E-4,8.200841039563096E-5,1.5995576415624607E-4,-75.92005379915663,30.853532929324775,2.558614784075317E-8,-0.0036209304982539785,-0.002767616359437908,0.004559145543398181,-142.6057189015876,1.306011852845485E-4,-38.840535563309814
-15.623002670504786,1,-62.49201068201915,1.1654810469910179E-4,1.0161410558182432E-4,1.5465091760541517E-4,-76.21300502632505,41.08746284779754,2.39172128052117E-8,-0.0027732742376619817,-0.0035559752479306776,0.004511108868060762,-127.94916864293847,1.2786369336361317E-4,-38.93254272380391
-15.620520080437753,1,-62.48208032175102,1.1557771341851806E-4,1.0234964637262049E-4,1.5440911556132165E-4,-76.22660985503545,41.531058494592784,2.3842546796709064E-8,-0.0027311876953825236,-0.0035845239969826866,0.00450822997438108,-127.30138864171508,1.2770071257845917E-4,-38.93809342228785
-15.563050632135486,1,-62.25220252854194,9.175343852745742E-5,1.1677145999723344E-4,1.4853221250056765E-4,-76.56365973385066,51.84547873041064,2.2062192317368393E-8,-0.001653913074286863,-0.004107651021007755,0.004429819648258541,-111.92971687356504,1.2329728835569823E-4,-39.09049599180564
-15.560568042068452,1,-62.24227216827381,9.067580924401385E-5,1.1727189923216758E-4,1.4826604441840483E-4,-76.5792556233163,52.29374641890779,2.198326739891888E-8,-0.0016036584135602752,-0.004123425110591946,0.004426221500621894,-111.24720262380262,1.230971251323773E-4,-39.09755610699712
-15.503098593766175,1,-62.01239437506471,6.495569711302748E-5,1.2607258890742475E-4,1.4184728321969635E-4,-76.96367370115111,62.746073872697025,2.012109419090117E-8,-3.81116259698535E-4,-0.0043273355279149954,0.004345942184605051,-95.03125957066437,1.1867224322888379E-4,-39.25653629575014
-15.50061600369914,1,-62.002464014796566,6.382338076255862E-5,1.2632529867636003E-4,1.4155939252516418E-4,-76.98134032522401,63.20176251678801,2.003957998716825E-8,-3.267575477292664E-4,-0.004328546576737207,0.0043429557267488685,-94.31298007953134,1.1850909178135988E-4,-39.26250329497075
-15.44314655539684,1,-61.77258622158736,3.744698030944438E-5,1.2935392701430735E-4,1.3469009029371933E-4,-77.41340513549892,73.86008468936839,1.8141921332060645E-8,9.394863935920812E-4,-0.004185214233607608,0.004291347757201318,-77.34766860810173,1.1570914730303831E-4,-39.36633116012074
-15.440663965329811,1,-61.762655861319246,3.631384532171916E-5,1.293588207342227E-4,1.3438575051968207E-4,-77.43307564175072,74.32625667769086,1.8060102284815765E-8,9.933166830901913E-4,-0.00417130451347549,0.004290151402971945,-76.60341830213738,1.156445492575342E-4,-39.36874954827872
-15.383194517027505,1,-61.53277806811002,1.0519261168604281E-5,1.267548066419525E-4,1.272154333223569E-4,-77.90934594595113,85.26206731123486,1.6184304882754102E-8,0.0021928816760747754,-0.0036830364982649738,0.004288468132173395,-59.2322227996617,1.1555381286972029E-4,-39.37215794916498
-15.380711926960483,1,-61.52284770784194,9.437671664932266E-6,1.2652416916673876E-4,1.2690219943696358E-4,-77.93078137000536,85.74172946584147,1.6104766233563137E-8,0.0022413836665335896,-0.0036548127407873415,0.004289593103171481,-58.48080855330905,1.156145443392748E-4,-39.36988340443944
-15.323242478658205,1,-61.29296991463282,-1.460324486353992E-5,1.1870571256423924E-4,1.1962557620804893E-4,-78.44368184587374,97.02008908628586,1.4310824719663387E-8,0.0032650140314991645,-0.002855991080144575,0.004339862486633003,-41.180797464027236,1.183403146987931E-4,-39.26869112717296
-15.32075988859118,1,-61.28303955436472,-1.5585165805420176E-5,1.182633591961536E-4,1.1931250133904894E-4,-78.4664641992535,97.51570881039005,1.423606161967788E-8,0.0033036698678318866,-0.002815633608857623,0.004342909028657685,-40.442199782580566,1.1850671034900022E-4,-39.2626026747257
-15.263290440288923,1,-61.0531617611557,-3.682790390440278E-5,1.0590063625247693E-4,1.1214665490517765E-4,-79.00445011440176,109.1828696362634,1.257739368518683E-8,0.00405384497866162,-0.0017713893481400666,0.004425880954934033,-23.608183741366844,1.2307818261378316E-4,-39.09822435650749
-15.260807850221893,1,-61.04323140088758,-3.7668772122522595E-5,1.0528043759351835E-4,1.1184311129263359E-4,-79.02800838609232,109.69580226436068,1.2509426654901683E-8,0.004078874955423842,-0.0017223236146908516,0.004429654379746687,-22.894525601309265,1.2328818383875579E-4,-39.09082337928598
-15.203338401919641,1,-60.813353607678565,-5.525004226106658E-5,8.925485763023855E-5,1.0499656290921E-4,-79.57667941671902,121.76571259828948,1.1024747017687848E-8,0.0044800520537165755,-5.239896612372386E-4,0.00451240387405391,-6.6749153341645675,1.2793728659330492E-4,-38.93005552500123
-15.200855811852605,1,-60.80342324741043,-5.591732677142329E-5,8.849870537204471E-5,1.0471078532684922E-4,-79.60036431464682,122.29564940465313,1.096482505986431E-8,0.004488830466425284,-4.7062070885480926E-4,0.0045153854554283186,-5.9864468837707605,1.2810627558937287E-4,-38.924313457385004
-15.143386363550354,1,-60.573545454201415,-6.919856442665657E-5,6.985038007536562E-5,9.834849550459821E-5,-80.14482150922285,134.73910399365326,9.672826075626995E-9,0.00449621066469774,7.718566894318864E-4,0.004563724856936481,9.738724757999684,1.3086365610162713E-4,-38.83181500343837
-15.14090377348332,1,-60.56361509393328,-6.967019156080104E-5,6.900570425076672E-5,9.808609329941779E-5,-80.16803429299428,135.2837579382636,9.621279153291025E-9,0.0044875937405977045,8.245312490159767E-4,0.004564607358657646,10.41199085115489,1.3091419163372588E-4,-38.83013287465631
-15.08343432518106,1,-60.33373730072424,-7.826803538549514E-5,4.887204841026212E-5,9.229774336534491E-5,-80.6963423930161,148.0261036205946,8.519201328747426E-9,0.004093344927818425,0.0019926880262692705,0.004554345223186661,25.95738978507056,1.3032625673404656E-4,-38.84968394854194
-15.08095173511402,1,-60.32380694045609,-7.853338313062994E-5,4.798902689722644E-5,9.206056429993391E-5,-80.7186961869011,148.5813975167804,8.475470719752088E-9,0.004067867836380591,0.0020395557921291567,0.004552438707992471,26.631785007017367,1.302173783754158E-4,-38.85332785199767
-15.023482286811742,1,-60.093929147246975,-8.233518862793412E-5,2.753803274038379E-5,8.684189968828176E-5,-81.22556436606166,161.51412486805157,7.541781936308678E-9,0.003303908071813606,0.00301814152744431,0.004476721573780475,42.41427038199941,1.259220883415024E-4,-38.99901830496271
-15.020999696744706,1,-60.08399878697884,-8.239540575970787E-5,2.666665665153395E-5,8.662766673048476E-5,-81.24702377553724,162.0750225753397,7.50461746969335E-9,0.0032638181386880506,0.0030544996695153694,0.004472174926847026,43.108584495133115,1.2566688770302746E-4,-39.00786022831576
-14.963530248442414,1,-59.854120993769655,-8.155871849975253E-5,7.0288116263291926E-6,8.188337177940615E-5,-81.7362271234331,175.08142021949354,6.705108841243958E-9,0.0022005564810983007,0.003743697505590658,0.004344469577782615,59.557161507967265,1.185926809658268E-4,-39.2595106478476
-14.961047658375383,1,-59.84419063350154,-8.142634300749952E-5,6.215983689390035E-6,8.168633974479475E-5,-81.75716177706408,160.735783031528,6.672885187186538E-9,0.002149664862128634,0.0037657696232523048,0.004338296728231958,60.28840956589462,1.1825624264328628E-4,-39.27187390360138
-14.903578210073071,1,-59.614312840292286,-7.636222451888013E-5,-1.1581005692401687E-5,7.725636907335214E-5,-82.24145522814482,-171.36927472568595,5.968743875766161E-9,8.904947998456498E-4,0.004092582408134228,0.004190440268038582,77.72955847582934,1.1033282833676895E-4,-39.57306336281461
-14.901095620006046,1,-59.60438248002419,-7.606011908780281E-5,-1.2294160011785282E-5,7.7068883836599E-5,-82.26257474945263,-170.80950854807645,5.939822487423503E-9,8.338478573087933E-4,0.004097969111193913,0.004184300300571029,78.50698871742885,1.100096532108152E-4,-39.5857973305115
-14.84362617170377,1,-59.37450468681509,-6.740123582886616E-5,-2.7383744810680723E-5,7.277117706813415E-5,-82.76096467394431,-157.88179077361272,5.295833776271247E-9,-4.943427789690521E-4,0.004025411316177795,0.004057917748015794,97.0050601523922,1.0346417099098915E-4,-39.85217254265298
-14.841143581636747,1,-59.36457432654699,-6.696090207191731E-5,-2.79641826921953E-5,7.258567282429682E-5,-82.78315752462834,-157.32441620462754,5.2688888708285435E-9,-5.509501233062871E-4,0.00401341753859391,0.004053573360732538,97.82307164771768,1.0324241675491175E-4,-39.86146292223451
-14.78367413333449,1,-59.134696533337966,-5.551628775704123E-5,-3.968869701678548E-5,6.82623986819212E-5,-83.31654718747798,-144.43102322512817,4.659949930170586E-9,-0.001810497853955829,0.0035462735806238385,0.003984052470230864,117.04674298673586,9.973112814586482E-5,-40.011707940349396
-14.781191543267461,1,-59.124766173069844,-5.497566254591432E-5,-4.011323013715538E-5,6.80732582771629E-5,-83.34067948240941,-143.87343906207897,4.634188072183357E-9,-0.0018611237598712975,0.0035180645348401648,0.0039825778183695424,117.88266755757263,9.965715826894126E-5,-40.01491680324943
-14.723722094965211,1,-58.894888379860845,-4.167497744354022E-5,-4.805782070638642E-5,6.362837806567686E-5,-83.92720049675185,-130.9224256465619,4.048777739549121E-9,-0.002918326447805977,0.002704260244005293,0.003980951758741277,137.1778865732736,9.957578924301007E-5,-40.01846361382776
-14.721239504898179,1,-58.884958019592716,-4.10758510857309E-5,-4.8314235195453084E-5,6.343322859296433E-5,-83.9539222608903,-130.3593505044139,4.024008445232868E-9,-0.0029575379082549835,0.002662813741997193,0.003982107742823007,138.0016105933912,9.963371856016787E-5,-40.01594575577428
-14.663770056595919,1,-58.655080226383696,-2.6906720750709664E-5,-5.232469519382719E-5,5.885421330340127E-5,-84.60471694657905,-117.20330611570105,3.4640374697585787E-9,-0.0036978416094466254,0.0015898841452351414,0.004027296137138185,156.73072535028749,1.0190787648740572E-4,-39.91793756225571
-14.661287466528883,1,-58.64514986611555,-2.6291945072785055E-5,-5.241214237061679E-5,5.865446965629411E-5,-84.63429274493957,-116.62745596089543,3.4405898703056454E-9,-0.003721351095164182,0.001539728635322554,0.004029586820412126,157.52135641139967,1.0202386644400302E-4,-39.9129996803913
-14.603818018226624,1,-58.415272072906504,-1.2234503636637806E-5,-5.259538675433039E-5,5.401608359440772E-5,-85.34985983783,-103.08355355302153,2.9179591675846925E-9,-0.004063215191510032,3.264155321451855E-4,0.004078292044815031,175.4037660933683,1.0450498783779468E-4,-39.80863995196388
-14.601335428159587,1,-58.40534171263836,-1.1645175822206716E-5,-5.2524015338682026E-5,5.381672010432531E-5,-85.38202310716744,-102.4867297391694,2.8964776661897646E-9,-0.004068420425614545,2.731685912565549E-4,0.004079685658926698,161.25168098913653,1.0457633329306388E-4,-39.8056686595248
-14.54386597985731,1,-58.17546391942925,1.3917848490631325E-6,-4.9231100342111746E-5,4.9267228737952456E-5,-86.14920135469106,-88.36792191287635,2.427469054691723E-9,-0.0039740867976549655,-9.432110744662955E-4,0.004086353058747477,-166.649270693414,1.0491840112210981E-4,-39.7914837998868
-14.541383389790274,1,-58.165533559161105,1.9189713938282954E-6,-4.9020952770828394E-5,4.9075803579278E-5,-86.18305079662322,-87.74269317363847,2.4086494199337956E-9,-0.0039604406978901215,-9.934627204610795E-4,0.004085147567873681,-165.91460506494394,1.0485665214238075E-4,-39.7940525631672
-14.483913941487973,1,-57.9356557659519,1.315586978899616E-5,-4.281375930358208E-5,4.480603180054689E-5,-86.9736480486051,-72.90520340930635,2.007760127268305E-9,-0.0034420556960460843,-0.002072644207853974,0.004019749051569974,-148.94309736876193,1.0152658763506816E-4,-39.934242737409285
-14.481431351420945,1,-57.925725405683785,1.3590924258417948E-5,-4.249300705614641E-5,4.463097835268303E-5,-87.00766490185418,-72.24734801505288,1.9920992874016484E-9,-0.00341120819399769,-0.002114058136207314,0.0040151845664130196,-148.20445807247364,1.0129677673093963E-4,-39.944138847855506
-14.423961903118638,1,-57.69584761247455,2.2425236740514175E-5,-3.409688948686857E-5,4.08270237871139E-5,-87.78139677384578,-56.65380322986386,1.6669844209882031E-9,-0.0025311932142464957,-0.0029297213965388718,0.0038736320968398123,-130.8199521494773,9.428099895281681E-5,-40.25590860639148
-14.421479313051616,1,-57.685917252206465,2.2746657672137357E-5,-3.369953110208255E-5,4.0675318184581506E-5,-87.81372601592054,-55.96509310964723,1.6546094476548937E-9,-0.0024868704683408457,-0.0029574233793735233,0.0038661762694535964,-130.04873135483095,9.391921436833868E-5,-40.27268291036199
-14.364009864749333,1,-57.45603945899733,2.87873525273654E-5,-2.394528987940987E-5,3.746079280597496E-5,-88.52875158207836,-39.74099028395137,1.4034073643618185E-9,-0.0013520757760505102,-0.0034132968627368695,0.00367342228630877,-111.600600435134,8.478810316910962E-5,-40.71691534706902
-14.36152727468231,1,-57.44610909872924,2.8983274827692373E-5,-2.3508476784950106E-5,3.7335487120989786E-5,-88.55783663587953,-39.03069776250854,1.394024130430003E-9,-0.0012996931556082932,-0.003424023186354928,0.003664738113011778,-110.77158960701615,8.438798188009554E-5,-40.737493572307706
-14.304057826380056,1,-57.21623130552023,3.206935790923039E-5,-1.3267859245624108E-5,3.472113823459804E-5,-89.1883428223508,-22.465012964728867,1.2056203981579167E-9,-4.963726836310852E-5,-0.003467060985422988,0.003469730429603724,-90.81095935783378,7.564574537285605E-5,-41.212416122923784
-14.301575236313024,1,-57.2063009452521,3.213797733465713E-5,-1.2829045101014529E-5,3.461981068754385E-5,-89.21371344666619,-21.74791887553578,1.1985872750092907E-9,4.322938612079641E-6,-0.003459629594939682,0.0034622170763918053,-89.91478739676964,7.531803486050603E-5,-41.23122229192448
-14.244105788010772,1,-56.97642315204309,3.233980925896909E-5,-2.948538139634776E-6,3.2488228325700636E-5,-89.76565141549536,-5.19994154047724,1.0555275913674164E-9,0.0012140188248012918,-0.0030883196373971515,0.0033208524396453397,-68.5345547648345,6.929230690931849E-5,-41.59326902653087
-14.24162319794374,1,-56.96649279177496,3.2289054108226744E-5,-2.542664199499255E-6,3.240345167168233E-5,-89.78834566584045,-4.490584179415029,1.0500242677547856E-9,0.0012628000414422111,-0.0030638553566114256,0.003316605184127272,-67.59183937283971,6.9114633123384E-5,-41.604351889227594
-14.184153749641485,1,-56.73661499856594,2.989237396642352E-5,6.219442718097157E-6,3.0545389446511925E-5,-90.30124260877386,11.762209570078674,9.330549381163678E-10,0.0022799332187945325,-0.0023301986369286404,0.003262526344279754,-45.625138815577856,6.687877750312433E-5,-41.74712479179447
-14.18167115957445,1,-56.7266846382978,2.9738850396947202E-5,6.562512688100077E-6,3.0467268707967957E-5,-90.32350384988688,12.455856398533868,9.282909988812571E-10,0.002317374005367492,-0.002292064434295065,0.0032620410596454897,-44.68312409436653,6.685882525343892E-5,-41.748413118012444
-14.12420171127219,1,-56.49680684508876,2.521276316437998E-5,1.359097961302369E-5,2.8654144250043727E-5,-90.85642999944847,28.336363632321852,8.210944668739984E-10,0.0030132264652644888,-0.0012965008151950637,0.0032825973873028226,-23.285318943158043,6.770419691196651E-5,-41.69385377850282
-14.121719121205153,1,-56.48687648482061,2.4980057006826453E-5,1.3848576961729605E-5,2.8573646498460976E-5,-90.88090764926481,29.016148691914353,8.164939179373549E-10,0.0030345946381601344,-0.0012499233189579686,0.003284308937170316,-22.38708049627941,6.777488493890398E-5,-41.689330397709554
-14.064249672902877,1,-56.256998691611514,1.893150865473663E-5,1.8713714573636382E-5,2.663022417959479E-5,-91.49274854398836,44.67962920982585,7.092097742661049E-10,0.003321851676147542,-1.293938061457601E-4,0.0033264071171415998,-2.234977232945518,6.952344631058009E-5,-41.5786995293627
-14.061767082835841,1,-56.24706833134337,1.8647978346576495E-5,1.887186987660544E-5,2.6541828602051904E-5,-91.52169785742349,45.356972771987294,7.045183849954624E-10,0.0033245263135060887,-8.081295836774322E-5,0.0033276283504406366,-1.3916419862261464,6.957442741903468E-5,-41.57550641094618
-14.004297634533543,1,-56.01719053813417,1.1766349520730364E-5,2.1356331266354527E-5,2.439327191624205E-5,-92.25495378023327,61.161052556835756,5.950817038785617E-10,0.0031704248104297856,0.001008868967218171,0.0033289280179346157,17.651019777111742,6.962877922225923E-5,-41.57211426340477
-14.001815044466513,1,-56.00726017786606,1.1462587394734137E-5,2.141054515320504E-5,2.429632246005039E-5,-92.28963693326467,61.855072034151064,5.903702730239579E-10,0.003154320782271527,0.0010526544865476146,0.003327297076094195,18.460300242101766,6.956079597706318E-5,-41.576385015180946
-13.944345596164208,1,-55.77738238465683,4.458885559843685E-6,2.1518260183915848E-5,2.1985469300752326E-5,-93.15777549204613,78.31031199466486,4.83417228042917E-10,0.0025868570757202657,0.0019580342278430352,0.0032461439791325658,37.1272790179288,6.620946783709632E-5,-41.79089199781427
-13.941863006097186,1,-55.767452024388746,4.165054274443485E-6,2.1473478713632285E-5,2.188436272446715E-5,-93.1979048077495,79.04539174305322,4.789873524324973E-10,0.0025545145249007625,0.001990818503024816,0.0032406259291394967,37.942292807074864,6.598544222421677E-5,-41.805729450248094
-13.884393557794901,1,-55.53757423117961,-2.289306909854994E-6,1.942000996457046E-5,1.9565074010369258E-5,-94.17096448170221,96.743586763432,3.828464133177475E-10,0.0016603548113690895,0.0025828406929660533,0.003072392776039757,57.275925120078455,5.931302291204263E-5,-42.268830695613005
-13.881910967727876,1,-55.52764387091151,-2.546042597135333E-6,1.9289807044199377E-5,1.9468482655270145E-5,-94.2139966775875,97.54478204505617,3.7907551418723784E-10,0.0016166579203523283,0.002599928113285222,0.0030637147227983936,58.1448287537597,5.897939792401856E-5,-42.29347860724396
-13.824441519425623,1,-55.2977660777025,-7.875777769429942E-6,1.5474940759403102E-5,1.7375216581512116E-5,-95.20196977900514,116.99491905878632,3.0193949944060457E-10,5.304881241508824E-4,0.002793627267846728,0.0028457267613822127,79.26293040613729,5.088545913805507E-5,-42.93460519036757
-13.821958929358594,1,-55.287835717434376,-8.073508291939597E-6,1.5279976688227186E-5,1.7294051966199763E-5,-95.24259108414707,117.87716445393113,2.9911926526594046E-10,4.8202888364896337E-4,0.0027925786940848755,0.002836354529893231,80.22931017922689,5.055081550689424E-5,-42.963270550884474
-13.764489481056344,1,-55.057957924225384,-1.184652635717854E-5,1.0244878316335409E-5,1.5674067799531834E-5,-96.09674966421991,139.16517840171267,2.4569876158814965E-10,-6.316765056940677E-4,0.0025613322670383887,0.0026405936205638647,103.86725883563197,4.3813067998979456E-5,-43.58437223809154
-13.762006890989312,1,-55.04802756395725,-1.1970351171084163E-5,1.0010766429473605E-5,1.5617469649055113E-5,-96.12806167437518,140.1160006994699,2.439204330774591E-10,-6.775196508709067E-4,0.002542415943684572,0.0026339735479286304,104.94019821071542,4.3592756539578195E-5,-43.606091473394244
-13.704537442687053,1,-54.81814977074822,-1.3931306018336733E-5,4.3833965027565915E-6,1.4616611767539867E-5,-96.70321087747702,162.54463798839518,2.1365260559044783E-10,-0.0016481113569519125,0.0019242187313904676,0.00253625751687131,130.58297608682372,4.041751111594789E-5,-43.934364169496405
-13.702054852620016,1,-54.80821941048008,-1.3974431846020307E-5,4.138163443595896E-6,1.4586663315824631E-5,-96.72095240553384,163.51748379177423,2.127742101498805E-10,-0.0016842611518842192,0.0018904759233922019,0.002534841756795227,131.7034911551909,4.037212182813284E-5,-43.93918427589015
-13.644585404317757,1,-54.578341617271036,-1.4061821116212262E-5,-1.4282609161074146E-6,1.4145094086629132E-5,-96.98790655371,-159.2903325104229,2.000847708148325E-10,-0.002360708348631463,9.846888218085828E-4,0.0025603917935305897,157.34878127007318,4.119027492059543E-5,-43.85209260712391
-13.64210281425072,1,-54.56841125700289,-1.4025907433186537E-5,-1.6568967047783996E-6,1.413455257326427E-5,-96.994365598347,-173.25717113745685,1.9978589304428577E-10,-0.0023814882558953272,9.415754468522806E-4,0.002563520930462757,158.4219249305565,4.129140859194452E-5,-43.841524218407244
-13.584633365948449,1,-54.33853346379379,-1.2371186201036546E-5,-6.546906105362279E-6,1.4006242543065114E-5,-97.0735688871537,-152.11280542651372,1.9617490894179512E-10,-0.0026565386008747236,-1.0406054403802039E-4,0.002660784028927185,-162.86175698864497,4.44842247881045E-5,-43.51807875490789
-13.582150775881413,1,-54.32860310352565,-1.2265906115421706E-5,-6.734192686716486E-6,1.4002641113903235E-5,-97.07580242473036,-151.22888213959106,1.9607402961193092E-10,-0.0026586147210326296,-1.4943233340946902E-4,0.0026650988082955974,-176.78883942852036,4.462855188657709E-5,-43.50399725412297
-13.52468132757911,1,-54.09872531031644,-9.174667353523297E-6,-1.0428811494917359E-5,1.3898518449019E-5,-97.14063374115695,-131.33942236679533,1.9316898901305996E-10,-0.002487435414601346,-0.0011602159994733934,0.0027466546391155373,-155.0019559027205,4.740134261757413E-5,-43.242147058773725
-13.522198737512078,1,-54.088794950048324,-9.016522292082232E-6,-1.055531455265258E-5,1.3890890524896762E-5,-97.14541073506848,-130.4990254567774,1.9295739239249086E-10,-0.0024704414403201396,-0.0012001469133280063,0.002748601260650176,-154.0888976313949,4.746830548737809E-5,-43.23597025459429
-13.464729289209775,1,-53.8589171568391,-4.933427144718319E-6,-1.2681100218409419E-5,1.3614900952661946E-5,-97.31973691834561,-111.25481683060107,1.8536667378928663E-10,-0.0018803916000466054,-0.0020015096015851366,0.0027481336199202547,-133.2130866953793,4.745215776736611E-5,-43.23744846964924
-13.462246699142751,1,-53.848986796571005,-4.7439227916950615E-6,-1.2734526305501371E-5,1.3598031647062155E-5,-97.3305321952108,-110.42244442028675,1.8490870326269728E-10,-0.0018471140391799813,-0.0020289456961714715,0.0027458903766338066,-132.3048292472473,4.737509221016893E-5,-43.24457586439458
-13.404777250840475,1,-53.6191090033619,-2.045934552828107E-7,-1.3098239411912113E-5,1.3107995157947972E-5,-97.64934878612998,-90.88845613837042,1.7182251130179224E-10,-9.364268314072525E-4,-0.0024752881765224242,0.002648547379060538,-110.71459003806298,4.407622830152119E-5,-43.558135770781426
-13.402294660773446,1,-53.60917864309379,-7.945759171021375E-9,-1.3074555186856414E-5,1.308365485436838E-5,-97.66551923863024,-90.02215656377676,1.711859397113978E-10,-8.924878703960251E-4,-0.002485029324194717,0.0026428101725363843,-109.73765560593522,4.388607644728755E-5,-43.57703414612075
-13.344825212471193,1,-53.37930084988478,4.4176846158236945E-6,-1.1680044694765468E-5,1.2496526937313404E-5,-98.06431030869439,-69.27426881547082,1.5616672064991651E-10,1.8275545740392116E-4,-0.002485724293154134,0.002494891111752089,-85.78351372117741,3.911103088740887E-5,-44.07732846363318
-13.34234262240416,1,-53.36937048961665,4.597096936023932E-6,-1.1583778578836431E-5,1.2472813392676832E-5,-98.08079597575917,-68.34082391008987,1.5557405910259501E-10,2.297035821324129E-4,-0.002475407657146829,0.0024889377729221743,-84.67832511146548,3.892427587338771E-5,-44.09804862737244
-13.28487317410191,1,-53.13949269640764,8.36458138712068E-6,-8.629279380369232E-6,1.2027942134627764E-5,-98.3962159411376,-45.88803271509713,1.4467282282522326E-10,0.0012790566357523507,-0.002013426660981548,0.002388286336151754,-57.57014261137518,3.583908858553002E-5,-44.456516030896466
-13.282390584034879,1,-53.129562336139514,8.504772680439705E-6,-8.47296762818599E-6,1.2016415582386077E-5,-98.40451059668125,-44.885374045729634,1.4439455432990926E-10,0.0013205298549642812,-0.0019841025307025,0.0023867432717489395,-56.34751771378084,3.579243812905726E-5,-44.462087183583435
-13.224921135732618,1,-52.89968454293048,1.115228063592069E-5,-4.3288494398146E-6,1.1973556621376016E-5,-98.43553886541397,-21.219189258570182,1.4336613427208059E-10,0.0021500169609795896,-0.0011235251726099049,0.0024289662533523637,-27.60619350164926,3.7070494744368794E-5,-44.30982783172077
-13.222438545665586,1,-52.88975418266235,1.1235971141120554E-5,-4.131670524630619E-6,1.19832149091771E-5,-98.42857571495745,-20.193550287619093,1.4359886427337912E-10,0.0021781198241834477,-0.001079693465997793,0.002434391745830411,-26.382559104237966,3.723771621620144E-5,-44.29060958487829
-13.164969097363326,1,-52.6598763894533,1.2433065844012128E-5,6.99418382758154E-7,1.2462913300955415E-5,-98.08771751936753,3.205134949145252,1.55328046523714E-10,0.002623798242986848,4.0127049286117936E-5,0.002626880294843476,0.8486338637292424,4.336032651107295E-5,-43.629725520539914
-13.16248650729629,1,-52.64994602918516,1.2449518095552902E-5,9.136965516492221E-7,1.2493934170760167E-5,-98.06622331563004,4.184192543345832,1.5610601160085202E-10,0.0026326428781464693,9.107253096092976E-5,0.002637155265769832,1.9588308604931601,4.370149364668218E-5,-43.59592388998878
-13.105017058994001,1,-52.42006823597602,1.2032582791446063E-5,5.850563091905974E-6,1.3388649459846533E-5,-97.46550590493356,25.91213383241406,1.7926566894666768E-10,0.0025913700821410084,0.0012748538055420923,0.0028903750167140704,26.171093551974636,5.2495588592200605E-5,-42.79947272807557
-13.102534468926967,1,-52.410137875707875,1.1978769715894446E-5,6.0561272531758745E-6,1.3432356576913397E-5,-97.43724825349807,26.80445292838705,1.8044066352077937E-10,0.0025782492216341033,0.0013237298840416203,0.002900792373190294,27.160268306545657,5.28741908299528E-5,-42.76816654628843
-13.045065020624666,1,-52.18026008249866,9.969289372969062E-6,1.0501434965534981E-5,1.4487944722256344E-5,-96.78011033975216,46.472933790390385,2.0991215667600685E-10,0.0020300938373136925,0.002350968187235692,0.0031083975677920895,49.17319974563621,6.0711210297132236E-5,-42.167632143776956
-13.042582430557639,1,-52.170329722230555,9.850264229788815E-6,1.0673211470675102E-5,1.4532657354101954E-5,-96.7533310915639,47.28357508630185,2.1120965540974712E-10,0.0019961827829090414,0.0023883126644314782,0.0031151808726954952,50.103384790177124,6.0975442466544935E-5,-42.14862038669136
-12.98511298225534,1,-51.940451929021364,6.453797153360236E-6,1.4078322449608643E-5,1.5494572207525395E-5,-96.19656610953191,65.36017050769729,2.400903369316963E-10,0.0010138386204869127,0.00305101414914629,0.0032173802414740592,71.61107799574815,6.504096183840294E-5,-41.8681767317334
-12.982630392188316,1,-51.93052156875327,6.282212829361419E-6,1.419472121837463E-5,1.5531002995016843E-5,-96.17613113008872,66.1187431758919,2.4121889527191656E-10,9.642616578513728E-4,0.0030687736861554774,0.0032194334690805798,72.55765157057641,6.512369479361452E-5,-41.862614763842494
-12.925160943886048,1,-51.700643775544194,1.8677928693721748E-6,1.612032376362913E-5,1.6235533521083476E-5,-95.79073641889575,83.38279671120218,2.6359660888506646E-10,-2.933433122648791E-4,0.0032101942205215845,0.0032262789247288156,95.21883719057041,6.540090169042804E-5,-41.844163545863395
-12.92267835381902,1,-51.69071341527608,1.662603607258169E-6,1.616565527460009E-5,1.6259247512728942E-5,-95.77803245231483,84.12368205922449,2.643656674816058E-10,-3.501504321699364E-4,0.003203306761883704,0.003225638883150989,96.24381428973618,6.537497455033549E-5,-41.84588813943537
-12.865208905516766,1,-51.46083562206707,-3.275681654471812E-6,1.633175735055031E-5,1.6664761132731184E-5,-95.56403623121491,101.33657627618997,2.7771541324801595E-10,-0.001660331852827028,0.0027508894106639406,0.0032163782908092866,121.10944779928121,6.500011323076392E-5,-41.870858878713385
-12.862726315449734,1,-51.45090526179894,-3.4912175727374425E-6,1.6298061816952407E-5,1.6676688197825087E-5,-95.55781239374606,102.08954231070278,2.7811248050444986E-10,-0.001713913102622987,0.0027184677467248022,0.0032175289693176664,122.23068073322916,6.504681467445474E-5,-41.86776427852793
-12.805256867147474,1,-51.2210274685899,-8.386825270235817E-6,1.4617836245012406E-5,1.6861373949785064E-5,-95.46214419890072,119.84156125501443,2.843061536828216E-10,-0.0028262257296852223,0.0017044978065300566,0.0033041123375716127,148.89071583788945,6.85955219195456E-5,-41.63716884151916
-12.80277427708044,1,-51.211097108321766,-8.58764687548244E-6,1.4505917251664376E-5,1.68671290542531E-5,-95.45917913208213,120.62621755696914,2.845002059406744E-10,-0.0028658768545454637,0.0016503618883975735,0.0033112971109390543,150.0504312559638,6.889621017785362E-5,-41.61842614356012
-12.745304828778172,1,-50.981219315112696,-1.286310935303576E-5,1.1099400597517406E-5,1.699926838348938E-5,-95.39139863653875,139.2062730747082,2.8897534110676817E-10,-0.0035463592755679064,2.1539449014172272E-4,0.0035565426035735585,176.4985156386822,7.948125668127786E-5,-40.99793670282677
-12.74282223871114,1,-50.97128895484457,-1.3025104230001432E-5,1.0918932470385421E-5,1.7007138680780094E-5,-95.38738297641738,140.02613377945457,2.8924330368095517E-10,-0.0035631031660900312,1.4779141032717345E-4,0.003570177535743784,162.69466805193352,8.009496214092498E-5,-40.96484826368225
-12.685352790408878,1,-50.74141116163552,-1.6156136546376527E-5,6.1045773052532714E-6,1.7281072224986113E-5,-95.24860295822823,159.29537056083083,2.9863659626380257E-10,-0.0036394636244200065,-0.001475486425977627,0.003930519812490296,-157.95845746475686,9.70780430828457E-5,-40.12962594433453
-12.682870200341842,1,-50.731480801367375,-1.625885309702126E-5,5.873249432266007E-6,1.7298540278735812E-5,-95.23984724620269,160.13463814791274,2.9924202540109783E-10,-0.0036278858073012852,-0.0015450048338275675,0.003946828326586835,-156.9535077076646,9.788618194639226E-5,-40.093673505588626
-12.625400752039573,1,-50.5016030081583,-1.7834199872744866E-5,1.3762177537246973E-7,1.7845049465732863E-5,-94.9697001121429,179.54914680731093,3.184497963563097E-10,-0.003027393626279397,-0.0030664840106842837,0.004312215494157831,-134.65333831453881,1.1684513096106546E-4,-39.324498438264186
-12.622918161972535,1,-50.491672647890155,-1.7863226310783252E-5,-1.2061514049544773E-7,1.7875050368980282E-5,-94.95514258585766,165.47219383299176,3.195239951494676E-10,-0.002986984793532567,-0.0031249044654113123,0.004326341651896973,-133.72136245064564,1.1761036073054542E-4,-39.2960205875422
-12.565448713670243,1,-50.26179485468098,-1.763363770668321E-5,-6.172344782949761E-6,1.8692718869910776E-5,-94.56665018628222,-160.7189004554833,3.494256408825496E-10,-0.0017593208253913787,-0.004245811519760873,0.004599009237289343,-112.52109930771029,1.3289869235723933E-4,-38.76504047967609
-12.56296612360321,1,-50.25186449441285,-1.7582379387149628E-5,-6.4297664999737884E-6,1.8732110201016054E-5,-94.5483892273879,-159.92151983885842,3.5090207920665605E-10,-0.001695027749281866,-0.0042809555362824095,0.004607936280371345,-111.60722851626063,1.3341350636355022E-4,-38.74814117011928
-12.505496675300915,1,-50.02198670120366,-1.5493054109105873E-5,-1.2137719539832816E-5,1.9690927736310503E-5,-94.1147871484962,-141.9341568683585,3.8774236728231206E-10,-1.4331093426830893E-5,-0.00474903771501763,0.004752510061595533,-90.18069948895094,1.4191507229634396E-4,-38.47976625415084
-12.503014085233888,1,-50.01205634093556,-1.5363696762308035E-5,-1.2365800543467573E-5,1.97323135566206E-5,-94.09655070146901,-141.1782756787691,3.8937429241611883E-10,6.386646082026751E-5,-0.004751929434808434,0.004756453616912681,-89.2305498163344,1.421501946720356E-4,-38.47254652898393
-12.445544636931599,1,-49.7821785477264,-1.1566131633004346E-5,-1.7087115859269984E-5,2.064262371085719E-5,-93.70478339893776,-124.10227714663513,4.2612578694443206E-10,0.001920232111950552,-0.004413416872525742,0.0048170894334902655,-66.49219728170851,1.4579740324605715E-4,-38.36251216118183
-12.443062046864572,1,-49.7722481874583,-1.1369659506478013E-5,-1.725967464307829E-5,2.06779044365599E-5,-93.68993539911736,-123.38014683425631,4.2758229549047325E-10,0.0019987372134375654,-0.00438028610396692,0.004819555012099836,-65.47228067596768,1.4594680351117127E-4,-38.3580708006559
-12.385592598562303,1,-49.54237039424922,-6.210957714870799E-6,-2.044040909343226E-5,2.1372066170728356E-5,-93.40310819618192,-106.90774546321994,4.5676921424913997E-10,0.0036930498659327447,-0.003218531605801401,0.00490339193134382,-41.081681867636334,1.510689351172002E-4,-38.20829012980355
-12.383110008495276,1,-49.53244003398111,-5.966194858704087E-6,-2.053658461323783E-5,2.1395527089560997E-5,-93.3935633921428,-106.20218793202537,4.5777104141818906E-10,0.0037568900026704287,-0.0031520366647537898,0.0049094689234230144,-40.00224123871581,1.5144504374048253E-4,-38.197571966824675
-12.325640560193019,1,-49.30256224077208,4.369882576677004E-8,-2.177583540653612E-5,2.1784937250277304E-5,-93.23688274861253,-89.8884666312818,4.745844717899374E-10,0.004949641297818087,-0.0013041440153443644,0.005123562116157928,-14.777824002830256,1.6494344557424828E-4,-37.826874801257624
-12.323157970125987,1,-49.292631880503954,3.119489546557623E-7,-2.1782559027113896E-5,2.179499418410153E-5,-93.23286750827123,-89.17963356320841,4.750220628608336E-10,0.004985193725267725,-0.0012135012296927699,0.005136393573531322,-13.694887911857727,1.65774405842883E-4,-37.805241301581276
-12.26568852182374,1,-49.06275408729497,6.552151030587804E-6,-2.0881426352556225E-5,2.189485915494862E-5,-93.19315700694868,-72.58067306249369,4.793848710048324E-10,0.0053998059137019905,0.0010405184929680592,0.005504039328199274,10.885373271467234,1.9035603143627305E-4,-37.20481344961832
-12.263205931756707,1,-49.05282372702683,6.815689353369619E-6,-2.079509744957031E-5,2.1894445790726952E-5,-93.19332116269656,-71.85135002520892,4.793667886917655E-10,0.0053975353771043445,0.0011406378151354222,0.00552214904879086,11.915279897209233,1.916138312444521E-4,-37.17633850472507
-12.20573648345446,1,-48.82294593381785,1.2620239652335812E-5,-1.77845275090144E-5,2.18177118315463E-5,-93.2238169356867,-54.64022071843152,4.760126551049853E-10,0.00487945260437738,0.0034169939343938562,0.005961552373111878,34.982785134302716,2.233177258118726E-4,-36.51126590075819
-12.20325389338742,1,-48.81301557354969,1.2850512821491507E-5,-1.7611679376218583E-5,2.181331471438506E-5,-93.22556777767835,-53.880812105908014,4.75820817262592E-10,0.004836136765832329,0.0035087174595270654,0.005980028356131378,35.94752069706359,2.2470352882495126E-4,-36.484366653177545
-12.145784445085148,1,-48.58313778034059,1.758125965240944E-5,-1.2755382025883759E-5,2.17321335754224E-5,-93.25795301491202,-35.96220920012379,4.722856656218742E-10,0.0033943331677096346,0.0053827207852174454,0.00636810648757723,57.749540335824925,2.548090653178916E-4,-35.938141291816315
-12.14330185501811,1,-48.57320742007245,1.775253187542107E-5,-1.2512230706301473E-5,2.1731403704657942E-5,-93.25824446103418,-35.17520386248402,4.722539131177431E-10,0.003314293427112212,0.0054480678587658605,0.00638211489688388,58.677894247323245,2.5592882169834483E-4,-35.91900839797758
-12.085832406715811,1,-48.34332962686325,2.0871056733768512E-5,-6.283543847851275E-6,2.1808085353553556E-5,-93.2276508922,-16.75791103215663,4.755927679379502E-10,0.001135356756589547,0.006531153077206137,0.006633835490557588,80.12892296741933,2.765119134440583E-4,-35.582953672809424
-12.08334981664878,1,-48.33339926659514,2.0963358211851558E-5,-5.994435226511646E-6,2.181648411856635E-5,-93.22431135728044,-15.958429520170377,4.759597056040842E-10,0.0010303533481340814,0.0065554575261093494,0.006641428559862308,81.06533099438616,2.7714374969274906E-4,-35.57299315046089
-12.025880368346478,1,-48.10352147338592,2.2093773536202686E-5,9.710709647760832E-7,2.212678473534951E-5,-93.10164635343769,2.511965358608875,4.895960122382731E-10,-0.0015404169097604226,0.006572941197801948,0.006756313189991615,103.18391798050463,2.86813882184017E-4,-35.4240134166841
-12.023397778279454,1,-48.093591113117824,2.2095284179197245E-5,1.2761742846381227E-6,2.2144839704839695E-5,-93.09457058037461,3.3030015323605006,4.903963585182344E-10,-0.0016527425847832605,0.0065479759027996685,0.006759543013903374,104.16691931892524,2.8708794701204886E-4,-35.419858776794506
-11.965928329977165,1,-47.86371331990866,2.1070482177943453E-5,8.247721357822014E-6,2.2638479550694316E-5,-92.90307911886549,21.37142834457261,5.125035945029561E-10,-0.00416292532389703,0.005402541718865472,0.006826398520603049,127.61017041498295,2.927949862752039E-4,-35.33437346601579
-11.963445739910142,1,-47.85378295964057,2.0979061509188497E-5,8.536456668350461E-6,2.2661512342026296E-5,-92.89424999459348,22.13838189696795,5.135474529884692E-10,-0.004261905659468843,0.005328706676087288,0.006830452472095883,128.652316611822,2.9314346233964817E-4,-35.32922573641258
-11.905976291607868,1,-47.62390516643148,1.7864622797508454E-5,1.4767655383341028E-5,2.318892282773759E-5,-92.69441054803106,39.573392666199595,5.377288535912517E-10,-0.006229477532969455,0.003135779673232924,0.0069808510133586915,153.26977772577493,3.061962212790049E-4,-35.14006640061676
-11.903493701540839,1,-47.61397480616336,1.768828479301745E-5,1.5008832995117661E-5,2.3209449152142614E-5,-92.68672080146005,40.312967984980524,5.386807094648082E-10,-0.006295143059141573,0.003022830220060838,0.006990859594537639,154.3437696419369,3.0707791070449326E-4,-35.12766426153352
-11.846024253238582,1,-47.38409701295434,1.2780624858889042E-5,1.982109652147393E-5,2.3594645873101863E-5,-92.5437394575157,57.18256234308624,5.567084277586452E-10,-0.007299321456345914,1.080443200480539E-4,0.007306927048672579,179.13583758766416,3.354750875321501E-4,-34.74361622400547
-11.843541663171555,1,-47.37416665268623,1.2536871297277921E-5,1.998822891644105E-5,2.3605779170831275E-5,-92.53963636837739,57.903320813262,5.572332179470711E-10,-0.007316348804984182,-2.5931936125821798E-5,0.007323952449777427,165.28376210044323,3.370447492159363E-4,-34.723454553416566
-11.786072214869305,1,-47.14428885947723,6.335067693887696E-6,2.284849590632546E-5,2.3720700839875497E-5,-92.49744977884015,74.50183889934353,5.626716619832804E-10,-0.007085167409316701,-0.0031705198632499235,0.007768783626035126,-155.90975726769005,3.792292898552461E-4,-34.211303366851055
-11.783589624802271,1,-47.13435849920909,6.04912318263026E-6,2.2922873775820864E-5,2.3718847343736262E-5,-92.49812963089084,75.21943016186854,5.625838783824171E-10,-0.0070462922212234545,-0.00330185274117097,0.0077887972625665745,-154.90441448339638,3.811869299555074E-4,-34.18896337961848
-11.726120176500027,1,-46.904480706000115,-7.970882531439688E-7,2.3506476445534553E-5,2.3530469330478784E-5,-92.56739371521755,91.94287376565453,5.536836913239898E-10,-0.005523217644340111,-0.006098306804050612,0.008234065121244364,-132.1817589263045,4.260106869058552E-4,-33.70603765890719
-11.723637586432986,1,-46.89455034573196,-1.0949667294419649E-6,2.3479421782983865E-5,2.3516600254483342E-5,-92.57252201214796,92.67454431123124,5.530321026112843E-10,-0.005431380880627811,-0.006201848646061666,0.008251036742067326,-131.21866605353412,4.277660137879003E-4,-33.6881232462394
-11.666168138130717,1,-46.66467255252287,-7.855665990178404E-6,2.1710374442735394E-5,2.3098969109376144E-5,-92.72816561546327,109.89437981554688,5.335645467197581E-10,-0.002805624215615211,-0.008091347694447507,0.008570382439697148,-109.13357615984361,4.615140494845333E-4,-33.35824428823951
-11.663685548063679,1,-46.65474219225472,-8.133517840419483E-6,2.1584385675524664E-5,2.3078339997058517E-5,-92.73593141007758,110.6534763636383,5.326125480231087E-10,-0.002674298381269229,-0.008145252437704913,0.00858034881914069,-108.17873478365189,4.6258558030526494E-4,-33.34812562876164
-11.606216099761381,1,-46.42486439904552,-1.407983668790864E-5,1.76477864266562E-5,2.258798273895151E-5,-92.92247158754839,128.58626960615607,5.102193924056637E-10,6.348108833806654E-4,-0.008699035806766208,0.008729069870234533,-85.83191840465898,4.7875850186741614E-4,-33.19884886339914
-11.60373350969435,1,-46.4149340387774,-1.4307593109318563E-5,1.7436412742710663E-5,2.256824635474553E-5,-92.93006162684966,129.37659322541748,5.093278303528675E-10,7.833590754842788E-4,-0.008689324283101782,0.008732553158601539,-84.84676686728606,4.7914011458553515E-4,-33.19537843124175
-11.546264061392042,1,-46.18505624556817,-1.879448705910229E-5,1.1760797249207977E-5,2.2183187557923356E-5,-93.07953134073465,147.96473226275083,4.920949901348329E-10,0.004189269973430451,-0.007703979885559985,0.008777048532874006,-61.4677521737123,4.8403519064368797E-4,-33.15123201308251
-11.543781471325019,1,-46.175125885300076,-1.894741813457862E-5,1.1487225653316937E-5,2.2171129680471038E-5,-93.08424852039366,148.77689750251392,4.915595513310184E-10,0.004327630525408438,-0.007627955523197204,0.008779005082888043,-60.42979480067166,4.8425115601412544E-4,-33.149297271314396
-11.486312023022728,1,-45.94524809209092,-2.148828238489246E-5,4.698236405930799E-6,2.2008260560820285E-5,-93.14828654655756,167.66606231141387,4.843636366735971E-10,0.007178600624299091,-0.005184401673968339,0.008863476633407969,-35.84394952254555,4.93615543090939E-4,-33.06612676274697
-11.483829432955705,1,-45.93531773182283,-2.154988609878126E-5,4.392728814169664E-6,2.200639151696949E-5,-93.14902330777629,168.4804258442163,4.842812690230474E-10,0.007279229708709096,-0.0050521190111136975,0.008870350669322482,-34.764381761131254,4.94383514457875E-4,-33.059410690571646
-11.426359984653434,1,-45.70543993861374,-2.1874010222939548E-5,-2.7570492965580513E-6,2.2059015056463678E-5,-93.12827850607921,-157.91114200538206,4.866002402011127E-10,0.008982537073663246,-0.0015229321385758859,0.009119602700347324,-9.634961742752619,5.225604347083462E-4,-32.81873163501861
-11.423877394586407,1,-45.695509578345636,-2.183798855501558E-5,-3.0605890392822916E-6,2.2064155208299772E-5,-93.12625592269153,-172.0215695059899,4.868271696753747E-10,0.009023236085390421,-0.0013562376629152957,0.009134462938714427,-8.555365111255128,5.242696354003715E-4,-32.804627764716415
-11.366407946284152,1,-45.465631785136615,-1.992364955714154E-5,-9.777757589672177E-6,2.2204859434753744E-5,-93.07104122854248,-153.86257633382783,4.930559857787811E-10,0.009168375973739123,0.0026449913587156025,0.009550985368785616,16.07708684487538,5.731734471211181E-4,-32.41733753517488
-11.363925356217122,1,-45.455701424868494,-1.979471689246741E-5,-1.0045693628722562E-5,2.2209862332154394E-5,-93.06908351512637,-153.09176970555788,4.932780811210468E-10,0.009137166281199637,0.002815876469256333,0.00957077476907842,17.118867740793938,5.755536344316388E-4,-32.39937496193322
-11.306455907914872,1,-45.225823631659495,-1.5873456485396136E-5,-1.5588109772914653E-5,2.2258221680032125E-5,-93.05019073169782,-135.5209582038791,4.954284324138421E-10,0.00759275135873477,0.006538182263379565,0.010028242878448073,40.71825502170717,6.318855519725794E-4,-31.993794386582373
-11.303973317847838,1,-45.21589327139136,-1.566686024882836E-5,-1.579099935345654E-5,2.225559922064144E-5,-93.05121561285287,-134.77140126163656,4.953118619210551E-10,0.00749109021870529,0.006680064333744922,0.010046162890351764,41.718007024239036,6.341434307263967E-4,-31.97826810090472
-11.246503869545592,1,-44.98601547818237,-1.0197877050309124E-5,-1.9554774306775435E-5,2.206444625955304E-5,-93.12614576602468,-117.54130753896257,4.868405109884626E-10,0.004453150923535774,0.009375334169365339,0.010387507830949737,64.58340116457758,6.779633707858619E-4,-31.68801069404832
-11.244021279478552,1,-44.97608511791422,-9.937664345578112E-6,-1.9670832783448744E-5,2.2049714146069126E-5,-93.13195813302703,-116.79773451234318,4.861918304982763E-10,0.004296676152834354,0.009458503998211675,0.010398040445448108,65.5678622596235,6.793359263871448E-4,-31.679188260898663
-11.186551831176285,1,-44.74620732470514,-3.5548773722073966E-6,-2.1261601261200308E-5,2.156708826455153E-5,-93.32419904958726,-99.48857797648662,4.651424663010205E-10,2.740231156711355E-4,0.01053270583936385,0.010545024373641675,88.50450917366247,6.986753617289361E-4,-31.557253412484037
-11.184069241109247,1,-44.73627696443699,-3.2710959366168293E-6,-2.12792771175111E-5,2.1540580635649686E-5,-93.33489986768326,-98.73149450346038,4.640016883538792E-10,9.045198178418256E-5,0.010537211735142186,0.010547618467840917,89.51122692861185,6.99018577392975E-4,-31.555113333328837
-11.126599792806944,1,-44.506399171227784,3.29114430793432E-6,-2.0558778385975462E-5,2.0831325188152438E-5,-93.62571946608094,-80.89975659669685,4.339499124337907E-10,-0.004175436521523934,0.009682309702454128,0.010553873718688525,113.32468553250601,6.998478960040153E-4,-31.549963511141332
-11.124117202739916,1,-44.49646881095967,3.5659867980832633E-6,-2.047810920873596E-5,2.079818566192E-5,-93.63956146193408,-80.11219332017244,4.325714600314905E-10,-0.004351067307861667,0.009602729478698993,0.010553551615983436,114.37993689936769,6.998051686649876E-4,-31.550228548496015
-11.066647754437607,1,-44.26659101775043,9.559789575857226E-6,-1.75800004014441E-5,2.0022541539376817E-5,-93.9696809738525,-61.457400345077545,4.0090824524629665E-10,-0.008020642635585792,0.006880183729503523,0.01057783758415215,139.37146148784208,7.030298541434392E-4,-31.530264534755972
-11.064165164370582,1,-44.25666065748233,9.794584815657609E-6,-1.741256619136076E-5,1.9990825665298434E-5,-93.98344662688491,-60.63256581184088,3.996386834063354E-10,-0.008152631055606195,0.006727771731286366,0.010582125212682246,140.4704268260322,7.036011934583926E-4,-31.52675242712977
-11.006695716068295,1,-44.02678286427319,1.4547511611390686E-5,-1.2725123112550972E-5,1.9339524120597646E-5,-94.27112673283096,-41.17272921946359,3.7402087988721884E-10,-0.010453834734661036,0.0025820404267153977,0.010778999408937878,166.11563381513312,7.30027498125747E-4,-31.366657080206007
-11.004213126001272,1,-44.01685250400509,1.4716257240492378E-5,-1.2492586224756353E-5,1.931658498889673E-5,-94.28142193600537,-40.32024630060328,3.7313292075053883E-10,-0.010513125322774706,0.0023835776070852167,0.01079215053685389,152.31343341658578,7.318147234654161E-4,-31.35609372032261
-10.946743677699004,1,-43.78697471079602,1.771144609941577E-5,-6.610083718185078E-6,1.8916538208781114E-5,-94.46318030499015,-20.464424009431532,3.578365398335702E-10,-0.01090566662014062,-0.0024230880415343826,0.011182432083264617,-167.48686495009161,7.857040084681872E-4,-31.0475423492484
-10.944261087631977,1,-43.77704435052791,1.7796338499678456E-5,-6.341483650367651E-6,1.890503474700293E-5,-94.46845622380239,-19.608255633123473,3.5740081622339644E-10,-0.01087633148492734,-0.0026297729021204407,0.011201562531311368,-166.41450132041467,7.883975216467575E-4,-31.032709762732374
-10.88679163932972,1,-43.54716655731888,1.8733709385093546E-5,9.93776073771315E-9,1.874492865021724E-5,-94.5423257770871,0.029780276321196952,3.513724806659195E-10,-0.009179806806121658,-0.007153957262482974,0.011648601555073228,-142.08286317279578,8.525772523962892E-4,-30.692789176825432
-10.88430904926269,1,-43.53723619705076,1.872723122531757E-5,2.81804743820233E-7,1.874113820842358E-5,-94.54408130566193,0.8648220462312863,3.512303077319686E-10,-0.009063252095245692,-0.007327118572306598,0.011665980602332973,-141.05115029557567,8.551204476307943E-4,-30.679825045784746
-10.82683960096044,1,-43.30735840384176,1.7557952630332482E-5,6.334616988159838E-6,1.8676061939278815E-5,-94.57429444878757,19.837662810313663,3.487953346505898E-10,-0.005518897369104007,-0.010629063890643057,0.011986708150243974,-117.44815990668768,9.027801417943708E-4,-30.44422551367854
-10.824357010893406,1,-43.297428043573625,1.7463685322333214E-5,6.5772806206113885E-6,1.867204589887411E-5,-94.57616385874509,20.640752195772798,3.486454570003529E-10,-0.005334713830840257,-0.01073151672024242,0.011995812777076445,-116.43205014475609,9.041490706707361E-4,-30.437615843203254
-10.76688756259116,1,-43.06755025036464,1.4393375758914087E-5,1.1617976731395053E-5,1.8506787793934988E-5,-94.65338506744268,38.91030905495159,3.4250166708012234E-10,-5.822595062903799E-4,-0.012072505887576555,0.012097252703182904,-92.76547212949063,9.195036097804944E-4,-30.36446690479234
-10.764404972524122,1,-43.05761989009649,1.4225426364769572E-5,1.1803318817817655E-5,1.8494737976008003E-5,-94.65905311528668,39.68898353839229,3.420566458272617E-10,-3.65268010807875E-4,-0.012079740543864181,0.012097444392823536,-91.72719528293416,9.195327017220309E-4,-30.364329041464824
-10.706935524221848,1,-42.82774209688739,9.685518865958126E-6,1.5260542347091922E-5,1.808385167204746E-5,-94.8542131101481,57.60115626980385,3.2702810838206824E-10,0.004666815279757576,-0.011090634175115556,0.012044185305022177,-67.18140940086205,9.114542758604012E-4,-30.402654348396656
-10.70445293415481,1,-42.81781173661924,9.466628184593165E-6,1.5368247767079276E-5,1.805979673031244E-5,-94.86580253276011,58.37615957373831,3.261606898551646E-10,0.004872983237862185,-0.01099679209623038,0.012041446025628667,-66.09461602058859,9.110396056655675E-4,-30.404629475745367
-10.64698348585251,1,-42.58793394341004,4.057437071719939E-6,1.6882236887524098E-5,1.737222520907546E-5,-95.20297372160566,76.492605919885,3.018000355691446E-10,0.00914682087172395,-0.007779104969283118,0.012020134473259938,-40.38479193914346,9.078174511099856E-4,-30.420014851150945
-10.644500895785482,1,-42.57800358314193,3.816007595383546E-6,1.6902220743104658E-5,1.733773506538407E-5,-95.22027064387835,77.28967228884734,3.0060508714197973E-10,0.009298481510260376,-0.007599358756939717,0.012023122429108666,-39.25596049626658,9.082698785148293E-4,-30.417860954221954
-10.587031447483174,1,-42.348125789932695,-1.7712391981839431E-6,1.636650091545641E-5,1.6471785142814508E-5,-95.66531519302258,96.18562326674146,2.7132787272455417E-10,0.011882012621377907,-0.002731830396690342,0.012205114599386977,-12.957901155983244,9.359774691583311E-4,-30.287382229319277
-10.58454885741615,1,-42.3381954296646,-2.004813172858398E-6,1.6299993983555353E-5,1.6433513568447782E-5,-95.68553536356752,97.02592990158209,2.700691603517941E-10,0.011944793633281778,-0.0025003806156321863,0.012218116920396288,-11.82642053116853,9.37977788834464E-4,-30.27815672023689
-10.527079409113863,1,-42.10831763645545,-7.076885930316146E-6,1.3869853308710462E-5,1.5581294189263674E-5,-96.14805175561978,117.04121125486093,2.427836776363498E-10,0.012218497524733689,0.0030574012059637694,0.012607980929792251,14.035483078373012,9.987943725125717E-4,-30.00534231871463
-10.524596819046842,1,-42.09838727618736,-7.274108591667903E-6,1.3729004063622848E-5,1.554827676530868E-5,-96.1664586961938,117.92941884654078,2.4175461020263674E-10,0.012175299051522195,0.003293595551860973,0.012626801602528034,15.131577384470818,0.0010017806836965257,-29.992394211285625
-10.467127370744569,1,-41.868509482978276,-1.1224015971030082E-5,9.795686245796188E-6,1.4908070904575741E-5,-96.53163500233259,138.8933258843349,2.2225389178399091E-10,0.009984358897114241,0.008386839789342562,0.01305165260064747,40.018693069245465,0.00107032380314075,-29.704934671221558
-10.464644780677542,1,-41.85857912271017,-1.136189059392256E-5,9.601735937091842E-6,1.4887048190069087E-5,-96.54386567570639,139.80869168546965,2.2162610327168537E-10,0.009840054573790277,0.00857752339230262,0.013067148768369393,41.07594100005183,0.0010728632971960608,-29.694612872398285
-10.407175332375285,1,-41.62870132950115,-1.3744846669283266E-5,4.735900606247369E-6,1.4548119911771268E-5,-96.74387728100632,160.98982436399825,2.116485144734435E-10,0.005554389117465911,0.012096510312379348,0.013322905740823267,65.32962355985708,0.0011152666804465454,-29.526231739496804
-10.404692742308255,1,-41.618770969233026,-1.3808712213206902E-5,4.516181334537473E-6,1.4539177912783358E-5,-96.74920836601709,161.89446467226156,2.1138795559390135E-10,0.0053359923877445824,0.012198915473266032,0.013328426895318258,66.3773977237863,0.0011161890878931247,-29.522624584446998
-10.347223294006007,1,-41.388893176024034,-1.4395815794991454E-5,-6.11625194101412E-7,1.4418134123135414E-5,-96.8218204637483,-162.66048308146867,2.0788267251886993E-10,-2.0170197165845862E-4,0.013324336809207778,0.013338593119863884,90.8644867252747,0.0011178923232518028,-29.516001368345822
-10.344740703938974,1,-41.378962815755905,-1.4381045942092024E-5,-8.274578296077571E-7,1.44144454806943E-5,-96.8240428064228,-176.70351621018813,2.0777631510317409E-10,-4.497607373426428E-4,0.013312977346783612,0.013335019255823153,91.94188646485493,0.001117294189487042,-29.5183321598435
-10.28727125563673,1,-41.14908502254693,-1.3183631190976184E-5,-5.5384021714375405E-6,1.4308049823110977E-5,-96.88839490149485,-157.21279881184606,2.0472046828649768E-10,-0.006084105846913848,0.011711851648766957,0.013211729949087042,117.44949002361446,0.0010967298838838832,-29.599011872146885
-10.28478866556969,1,-41.13915466227877,-1.3095975391908261E-5,-5.722383848464049E-6,1.4300229139113608E-5,-96.89315264229937,-156.39147627228473,2.0449714226313534E-10,-0.0063088680970443105,0.01158506361270185,0.013207234529606902,118.57829194403358,0.0010959830196084312,-29.601965293232116
-10.227319217267421,1,-40.90927686906969,-1.0357567487790855E-5,-9.420406259218835E-6,1.4008479513361562E-5,-97.07220906012238,-137.70956604776737,1.9623882120303636E-10,-0.010811393694253563,0.007509840079960129,0.013178592588080292,145.21003081600261,0.001091234148324316,-29.620820828506666
-10.224836627200384,1,-40.89934650880154,-1.0212098725256543E-5,-9.549973069558657E-6,1.3989795151961469E-5,-97.08383722357522,-136.90971275953802,1.9571723329235545E-10,-0.010962703244463091,0.0072913766425523625,0.013182629051890526,146.37368530604695,0.0010919044810929694,-29.6181678250483
-10.167367178898083,1,-40.669468715592345,-6.369346615090518E-6,-1.1799765104041051E-5,1.341653599708014E-5,-97.44729436236375,-118.35190504945308,1.800077445087687E-10,-0.013302047729104802,0.0015533968915896295,0.013407455286484194,173.32845900079144,0.0011294700708025472,-29.47129576206083
-10.164884588831056,1,-40.65953835532423,-6.188172325761275E-6,-1.1860646666839334E-5,1.3385974073302813E-5,-97.46716415532457,-117.53868365856425,1.7919093127419973E-10,-0.013343914255983086,0.0012883909110351633,0.013422347355859161,159.57407456799908,0.0011319859576602006,-29.461673679798768
-10.107415140528747,1,-40.42966056211499,-1.8064148572703185E-6,-1.2441845101027524E-5,1.2580100060395235E-5,-98.00651723416715,-98.24925381523961,1.5826632621230376E-10,-0.012927173708908132,-0.004896428187011243,0.013837823963103207,-159.2675258413369,0.001203150515674972,-29.196890638515494
-10.104932550461726,1,-40.419730201846896,-1.6154787611884381E-6,-1.2429746931909528E-5,1.2542874088170431E-5,-98.03230326342693,-97.38685027812103,1.573323455469907E-10,-0.012846578549379732,-0.005150575627753364,0.013856239792670087,-158.1566112917872,0.001206354783100418,-29.185337091645806
-10.047463102159432,1,-40.18985240863773,2.691879808097704E-6,-1.1360029915890362E-5,1.1683080045014506E-5,-98.64908134975227,-76.6556696687727,1.3650169843116767E-10,-0.009674724564639315,-0.010416684341387799,0.014230288569374873,-132.89489704068893,0.0012723591240544993,-28.953951613943612
-10.044980512092408,1,-40.17992204836964,2.8664510562378285E-6,-1.1280883455835018E-5,1.164869233318549E-5,-98.6746646208757,-75.72411792561812,1.3569839831281942E-10,-0.00948568504838489,-0.010602719063535916,0.014241770547492918,-131.81697318916662,0.0012744090217166983,-28.946931580087206
-9.987511063790137,1,-39.950044255160556,6.523339612591356E-6,-8.805117321923896E-6,1.0967285317720537E-5,-99.1981529097047,-53.45676253452489,1.202851717681044E-10,-0.004181859901190459,-0.013738126253793777,0.014374441561679059,-106.93497454547956,0.0012982606871707655,-28.866382432853424
-9.98502847372311,1,-39.94011389489245,6.658828756007799E-6,-8.673882239554745E-6,1.0944763481099834E-5,-99.21595187513464,-52.473336484519145,1.1979001152910225E-10,-0.003923517692478957,-0.013811998585291758,0.014374077872741508,-105.8521201277229,0.001298195143602176,-28.866602702311642
-9.927559025420853,1,-39.71023610168342,9.204643855181539E-6,-5.221367993201773E-6,1.0591243533894901E-5,-99.50108883499834,-29.56128145640832,1.1217516638041656E-10,0.0023802162120168074,-0.014042482542544348,0.014257640100527118,-80.38090579617797,0.00127724950974241,-28.937254146608634
-9.925076435353823,1,-39.7003057414153,9.284769586128088E-6,-5.05958081315759E-6,1.058297108131915E-5,-99.50785423165227,-28.58137317158318,1.119994418405846E-10,0.0026514055240474273,-0.013984054325015802,0.014250058230929737,-79.25499904148444,0.00127589225532297,-28.94187712120008
-9.867606987051577,1,-39.470427948206314,1.0434315346314173E-5,-1.1760705003551442E-6,1.0508218357518109E-5,-99.56941851100805,-6.432739583993334,1.1042266030784995E-10,0.008551098101410266,-0.011171061364051684,0.01408434064709843,-52.56909834619407,0.0012463883083286063,-29.043475464386926
-9.865124396984541,1,-39.46049758793817,1.0451272638621769E-5,-1.0085152690582189E-6,1.05077489418374E-5,-99.5698062517867,-5.509305378922669,1.1041278801448028E-10,0.008773605464114953,-0.010989821088634411,0.014080635841944616,-51.39174964929511,0.0012457314441454417,-29.045756230694472
-9.807654948682297,1,-39.230619794729186,1.0128269040857518E-5,2.726681230358107E-6,1.0495576255770137E-5,-99.57987457939672,15.066213322615834,1.101571297357918E-10,0.012906111419709224,-0.005690589313989516,0.014121863816013085,-23.80129767951134,0.0012530379290090299,-29.020364049581676
-9.805172358615257,1,-39.220689434461036,1.0083508438224546E-5,2.8756781378512296E-6,1.0492337036554865E-5,-99.58256165309315,15.921971351981687,1.1008929573612881E-10,0.013027391787639961,-0.00542474024056091,0.014130296174739581,-22.60736168385605,0.0012545390400174527,-29.015193734772797
-9.747702910312988,1,-38.99081164125196,8.42332976463536E-6,5.935054733821752E-6,1.0310149601207598E-5,-99.73472650820844,35.17144784551441,1.0629982220681007E-10,0.014389507735205352,0.0012075121126176819,0.01445660058146488,4.784453313140795,0.0013131532854225002,-28.81690986099336
-9.74522032024595,1,-38.98088128098381,8.326986733056551E-6,6.045152087151643E-6,1.029606997067294E-5,-99.74664522534702,35.98866278690185,1.0601086266195102E-10,0.014378659426792978,0.0014987561128488066,0.014474412766365493,5.946992195522583,0.001316395104456769,-28.80622665213073
-9.687750871943647,1,-38.7510034877746,5.648827585784629E-6,8.028141295117359E-6,9.822007015544912E-6,-100.15613412922788,54.87797324123687,9.647496177888621E-11,0.012577483333526424,0.007960025687129151,0.014900389121804556,32.31709977477569,0.0013950139279603217,-28.554283967594394
-9.685268281876615,1,-38.74107312750647,5.5179119277682825E-6,8.085811188075031E-6,9.795279897123535E-6,-100.1799068573044,55.706894146104226,9.595277290416343E-11,0.012433422462109418,0.008209488061366545,0.014916173889695626,33.43439142059809,0.0013979672237724957,-28.545074864266837
-9.627798833574303,1,-38.51119533429721,2.271077783535596E-6,8.772665699841028E-6,9.067896438897305E-6,-100.85018703663447,75.5015434344549,8.223292743765589E-11,0.0078044210690022065,0.012985231908263497,0.015165378426506422,58.98611449017852,0.0014450636464338003,-28.40114233591662
-9.62531624350728,1,-38.50126497402912,2.12671520195497E-6,8.77291218655182E-6,9.033703910971046E-6,-100.88308739978412,76.39738389327773,8.161518320949869E-11,0.007557367940983229,0.013133340933742781,0.015169427006506642,60.08679000360239,0.0014458333106187387,-28.39881783428431
-9.567846795204986,1,-38.27138718081995,-1.1804801031441156E-6,8.149657926660827E-6,8.241533180213916E-6,-101.68022513167472,98.26092559030647,6.792907197796685E-11,0.0011145575108541456,0.015057398653075668,0.0151144658923731,85.76467517133425,0.001435376397545126,-28.430348435214206
-9.565364205137964,1,-38.26145682055186,-1.316324538643138E-6,8.096389944035654E-6,8.210302729519859E-6,-101.71315506387482,99.26001310747048,6.741418349431999E-11,8.201120367541607E-4,0.015066667560256923,0.015106890010878822,86.89381796230913,0.0014339402226306584,-28.434710463750243
-9.5078947568357,1,-38.0315790273428,-4.194078777002351E-6,6.347701757573981E-6,7.61563576783632E-6,-102.36607575421154,123.46706848191025,5.800062199869787E-11,-0.005958739639148985,0.013613308120644969,0.014877523225986638,113.63927133345727,0.0013907283114454746,-28.567600056087198
-9.505412166768672,1,-38.02164866707469,-4.301893446302162E-6,6.252734325454423E-6,7.597732970911524E-6,-102.38640788713623,124.54440695217178,5.7726705141837114E-11,-0.00623189941025265,0.013478167794150873,0.014868637067581259,114.82401921336046,0.0013890659408240032,-28.572784855240954
-9.447942718466427,1,-37.79177087386571,-6.351063359503214E-6,3.724587024763595E-6,7.369898460297429E-6,-102.6507840038585,149.61121402176855,5.4315580520402466E-11,-0.011741766917239481,0.008912904489928902,0.01475979453881873,142.7940097670297,0.001368801669168951,-28.63659541353692
-9.445460128399395,1,-37.78184051359758,-6.416602215135796E-6,3.6054581780904815E-6,7.3675470045976775E-6,-102.65354201301652,150.67183204374706,5.428075285774587E-11,-0.011927909151586391,0.008662254517369556,0.014761824787523395,144.01577016492442,0.0013691793642442258,-28.635404221641448
-9.387990680097158,1,-37.55196272038863,-7.384683226087093E-6,7.440965312961729E-7,7.428167364018439E-6,-102.58237527943933,174.23990653529958,5.5177782775003406E-11,-0.01481904130948318,0.0020073429049259186,0.014972776183319297,172.27470101742676,0.0014085954226230129,-28.51217216037283
-9.385508090030122,1,-37.54203236012048,-7.40088143715643E-6,6.210704211069847E-7,7.432902437207304E-6,-102.57684295730155,160.2946974769576,5.5248187012079154E-11,-0.014871403505797352,0.0016988244143069612,0.014988042356803757,158.57312461182565,0.001411475513357259,-28.503339323436787
-9.328038641727872,1,-37.31215456691149,-7.2136784831661295E-6,-2.1015254448529957E-6,7.5184556034889185E-6,-102.47742962440547,-163.761455772276,5.652720603063921E-11,-0.014386501633759393,-0.00548748171339447,0.015414969778338032,-159.13438023134938,0.0014930314805254809,-28.259385518240027
-9.325556051660831,1,-37.302224206643324,-7.181400824246233E-6,-2.2087756904783606E-6,7.518283618417151E-6,-102.47762908458759,-162.8998906558662,5.6524629889776425E-11,-0.014289374497943177,-0.005780497596993173,0.015433080833656488,-157.9775067386775,0.0014965400037618127,-28.249180437126153
-9.268086603358554,1,-37.07234641343421,-5.946148454617214E-6,-4.370764654769663E-6,7.383929089120296E-6,-102.63428613539288,-143.67803427629815,5.4522870883005616E-11,-0.010470050005705096,-0.011765724995020946,0.015766411193861112,-131.6740758348155,0.0015618771688839478,-28.063557511203122
-9.265604013291517,1,-37.06241605316607,-5.873685765715638E-6,-4.446257432348748E-6,7.3711477418874516E-6,-102.64942773673728,-142.86235486208295,5.433541896282924E-11,-0.010243740147881153,-0.011971572027927346,0.015774308245145304,-130.54962091363424,0.0015634381712364047,-28.05919681481841
-9.20813456498921,1,-36.83253825995684,-3.85390627256899E-6,-5.7409695423467435E-6,6.918710180389676E-6,-103.19975596655283,-123.85998071310605,4.7871470508819746E-11,-0.0039486619540029765,-0.015268955049099942,0.01578818325076662,-104.50251834244803,0.0015661894327688593,-28.051559184018263
-9.205651974922182,1,-36.82260789968873,-3.7553330552802587E-6,-5.774805591539197E-6,6.892994220232475E-6,-103.23229995850573,-123.01208310522193,4.751822624867346E-11,-0.003645753457156782,-0.01533540547668719,0.015781783842167506,-103.36357084613685,0.0015649230137623833,-28.055088819995284
-9.14818252661987,1,-36.59273010647948,-1.3221633998756842E-6,-6.054711672620813E-6,6.202092027359127E-6,-104.14983096204459,-102.29487261780184,3.8471407768004346E-11,0.0036331170159949666,-0.015079973898138806,0.015529647498895351,-76.45401412388733,0.0015153209043565726,-28.194984769973647
-9.145699936552852,1,-36.5827997462114,-1.2148474570893892E-6,-6.044386119816786E-6,6.170631698543479E-6,-104.19411944528512,-101.33005237795227,3.8082695498097705E-11,0.003939683400331823,-0.014987848162423987,0.015517597757372752,-75.26091246217739,0.0015129700369021946,-28.201726388955095
-9.08823048825056,1,-36.35292195300224,1.2167914098300366E-6,-5.337405826371038E-6,5.480111607120196E-6,-105.2248206365823,-77.13074837913202,3.003598715381496E-11,0.010426275791676987,-0.011172277134033218,0.015301259269042411,-46.98082102715355,0.001471074647861183,-28.323662765878808
-9.085747898183536,1,-36.34299159273415,1.3151069591981808E-6,-5.2878560837830174E-6,5.455467003765896E-6,-105.26377605427123,-76.00072347601817,2.976487789965624E-11,0.010660693856969938,-0.010941314864580557,0.01529815293030908,-45.73774603818775,0.001470475754299772,-28.32542138996129
-9.028278449881277,1,-36.11311379952512,3.3548663451226924E-6,-3.7840878880315007E-6,5.063545921590043E-6,-105.91104440707,-48.42994139458364,2.5640335070380806E-11,0.014729138822353638,-0.00444561332694753,0.01540543801725991,-16.804963309759057,0.0014911755382483695,-28.264728335226327
-9.025795859814249,1,-36.103183439257,3.428928142238642E-6,-3.7065049860283672E-6,5.0560780055560775E-6,-105.92373301437935,-47.217515747003375,2.5563973608294563E-11,0.01483163590394671,-0.004130769302684085,0.015417856875188742,-15.564153844004363,0.0014935874078903398,-28.257748465993036
-8.968326411512002,1,-35.87330564604802,4.772769608868827E-6,-1.7184229250812338E-6,5.078335714774064E-6,-105.88559471952198,-19.81213874876212,2.578962848236939E-11,0.015419576303433548,0.0034709871321866917,0.015824458248159753,12.672533930617288,0.0015734073975238621,-28.031660800729227
-8.965843821444965,1,-35.863375285779874,4.812164267686325E-6,-1.628060277562075E-6,5.0855766594781495E-6,-105.87328523203391,-18.699484368598682,2.5863629412649982E-11,0.015361983936259786,0.003792305803795843,0.01584358402513969,13.864224291238669,0.00157721336229982,-28.0211695233183
-8.908374373142717,1,-35.633497492570875,5.287647135694098E-6,4.6837409555949235E-7,5.312534405916653E-6,-105.49405435737282,5.048822301017108,2.8223595191128703E-11,0.01225671802722173,0.010608730098650406,0.016228224896837985,40.86738162764665,0.0016547171385658287,-27.812799695279075
-8.905891783075683,1,-35.62356713230273,5.288268602118867E-6,5.549955486066136E-7,5.321315942510112E-6,-105.47966995744683,5.986124815824228,2.8316738457230268E-11,0.012050592363650673,0.010855616750323694,0.016238713045017276,42.0159763808007,0.001656851371907738,-27.807173837438427
-8.848422334773415,1,-35.39368933909366,4.876464808647261E-6,2.387760118271346E-6,5.432857240095119E-6,-105.29943764647759,26.08512860409136,2.951596157971745E-11,0.005969259332061651,0.01514957796827441,0.016301105008378756,68.49058312791037,0.0016696059483031552,-27.77386066326046
-8.84593974470638,1,-35.38375897882552,4.840884292634468E-6,2.4557561174932622E-6,5.431340982358044E-6,-105.3018805876933,26.904653396764115,2.94996130381673E-11,0.005664145590735747,0.01525816105160384,0.01629557725328889,69.64340737224543,0.00166847694490114,-27.776814788805016
-8.788470296404098,1,-35.1538811856164,3.6720151322528258E-6,3.720926840925061E-6,5.230559400873632E-6,-105.62917356314766,45.388060532254144,2.7359625341420184E-11,-0.0019014803304553756,0.015895629687018027,0.01602810359503881,96.8220716348928,0.0016141577628840365,-27.9205766789142
-8.785987706337066,1,-35.14395082534826,3.6087259954383953E-6,3.7595597166685957E-6,5.214308652908411E-6,-105.65645422839735,46.193242310236336,2.7191379558814274E-11,-0.002229608344991721,0.01583594872893901,0.01601381981278133,98.02722286158716,0.0016112833430458214,-27.928324457557103
-8.728518258034779,1,-34.91407303213912,1.9330599904724408E-6,4.271184342810651E-6,4.691403897709906E-6,-106.57462839268022,65.673411223204,2.2012876799615012E-11,-0.009373422568871196,0.012594889656030972,0.015720898063247647,126.65620956025971,0.0015528720547766345,-28.088665257528852
-8.726035667967748,1,-34.904142671871,1.8547588663232736E-6,4.2755530723388956E-6,4.664172552126472E-6,-106.62556293765658,66.58719756647221,2.175954191648737E-11,-0.009640956634467712,0.012379578873799287,0.015714121584087318,127.91936801267008,0.0015515300335470835,-28.092400139668115
-8.668566219665458,1,-34.67426487866183,-5.568933200700424E-9,3.992925039516198E-6,3.9971358957631975E-6,-107.9662055572652,90.11878191973345,1.598167478917423E-11,-0.014522657776817771,0.00603278310433564,0.015747257524543406,157.43272118750232,0.001558081220837927,-28.07410638155464
-8.666083629598429,1,-34.664334518393716,-8.434463199172279E-8,3.9645616460678525E-6,3.970506545857563E-6,-108.02413817663911,91.27041945833751,1.576857660639599E-11,-0.014659777288261296,0.005714967496116629,0.01575762019097781,158.70224745817976,0.0015601390932125712,-28.068410540688905
-8.608614181296147,1,-34.43445672518459,-1.7938311713819758E-6,2.992713940176322E-6,3.4947295966809687E-6,-109.13223669388522,120.96553726161663,1.2214612215051565E-11,-0.01598416906667728,-0.002143804493851698,0.016147686158547885,-157.4674610086503,0.001638339641965449,-27.856030334600742
-8.60613159122912,1,-34.42452636491649,-1.8592871745355645E-6,2.9390109188279406E-6,3.4839143499021202E-6,-109.15871759935207,122.34130818767021,1.2137844175668538E-11,-0.01595338273184277,-0.002483270239458835,0.016167303630311148,-171.15524629386022,0.0016423246210357273,-27.84548852214218
-8.548662142926851,1,-34.19464857170741,-3.1275590858992886E-6,1.5030821502676771E-6,3.475280799856708E-6,-109.18025263142454,154.3130611637053,1.2077716025451276E-11,-0.01332292757512624,-0.00983401476629673,0.016578310604044764,-143.5789924796697,0.0017268815118592338,-27.627417292717535
-8.546179552859822,1,-34.18471821143929,-3.1689992964361483E-6,1.435685440879649E-6,3.4841034030225624E-6,-109.15850642362166,155.60760949152015,1.2139915472706884E-11,-0.013129740690870743,-0.010107005384549962,0.016589953499515534,-142.409516249039,0.0017293018066670911,-27.621303814711855
-8.488710104557564,1,-33.95484041823026,-3.799231164316434E-6,-1.655236633240513E-7,3.8064187124152645E-6,-108.39007685420442,-162.62590789439435,1.4490144625961192E-11,-0.007172440002848921,-0.015023027886457619,0.01666623217738149,-115.52537781298633,0.0017452383297233674,-27.581452951021763
-8.486227514490531,1,-33.94491005796213,-3.8107834716231116E-6,-2.3303809953151152E-7,3.821195706038259E-6,-108.35636381284196,-176.51873562185966,1.4602744093038985E-11,-0.006865025588740393,-0.015157167490568144,0.016660340605535492,-114.35692504183135,0.0017440084637444597,-27.58453352323705
-8.428758066188278,1,-33.715032264753106,-3.729938994755753E-6,-1.6853395371335684E-6,4.095431282192448E-6,-107.75413749206872,-155.69723141661825,1.677305240971853E-11,9.047291815331366E-4,-0.016315973244002992,0.01636111553323349,-86.8250539631036,0.001681930129917934,-27.741965525406282
-8.42627547612124,1,-33.70510190448497,-3.711370282369103E-6,-1.74006334733702E-6,4.101372181438612E-6,-107.74142668351745,-154.88191926765006,1.6821293897596097E-11,0.001247175892159965,-0.016274175201917176,0.016344629524076216,-85.60331967155685,0.0016785446512346909,-27.750728602706292
-8.368806027818978,1,-33.475224111275914,-2.9775291983575823E-6,-2.7730171532348566E-6,4.070811145591682E-6,-107.8064226824501,-137.0325915106099,1.657166432928612E-11,0.008807483919504894,-0.013322913394444665,0.01599288710429671,-56.53267851695524,0.0016070717031006346,-27.93968021690252
-8.366323437751944,1,-33.46529375100777,-2.9340340313445223E-6,-2.8050969765404694E-6,4.061320193981693E-6,-107.82694908699561,-136.27016089409804,1.6495409248916803E-11,0.009095005755798443,-0.01311408334574413,0.015983804362758213,-55.247488506403606,0.0016052417573823039,-27.944600914192264
-8.308853989449666,1,-33.23541595779867,-1.7202048826342125E-6,-3.2410713779845687E-6,3.6714725831786457E-6,-108.70390951240253,-117.93379518353547,1.3482019645137332E-11,0.01444216955296716,-0.006786323191131291,0.01597974170262826,-25.17757761063003,0.0016044257124690387,-27.946808568635223
-8.306371399382634,1,-33.22548559753054,-1.6612360582574409E-6,-3.2454487082275448E-6,3.6485034297750673E-6,-108.75904906841933,-117.06528041718236,1.3315478940327149E-11,0.014597786937508473,-0.006464037704764559,0.015989439256064844,-23.88366110173991,0.0016063804320949223,-27.94155720883969
-8.248901951080345,1,-32.99560780432138,-2.1923016260658347E-7,-3.029721560594677E-6,3.0408551098314675E-6,-110.34188449379104,-94.08986312969795,9.250874290610784E-12,0.01628249383554519,0.0015921622520840921,0.01638157223119513,5.570469281709622,0.0016861435440706021,-27.731125139368004
-8.246419361013315,1,-32.98567744405326,-1.5660789472181168E-7,-3.006915514946764E-6,3.015097051646826E-6,-110.41581338232638,-92.91202915820675,9.094422122983983E-12,0.016263138478877583,0.0019430515794973315,0.01640162330098941,6.81045057195773,0.0016902757118918814,-27.720504445982993
-8.188949912711026,1,-32.75579965084411,1.2319795597905893E-6,-2.2136173048133472E-6,2.5384302079190893E-6,-111.90967344288673,-60.85885835728487,6.44514677824451E-12,0.013792461978180506,0.009588839900989871,0.01681804812901942,34.796685788361174,0.0017771869490988165,-27.502710285764483
-8.186467322643997,1,-32.745869290575996,1.2863194953436995E-6,-2.1694249998497524E-6,2.5280003792617874E-6,-111.94454386577284,-59.303062517496734,6.390911557464276E-12,0.013601335119100572,0.009874435680981621,0.016829250126065023,35.98200609866409,0.0017795486019538454,-27.49691054705082
-8.128997874341714,1,-32.51599149736687,2.3628231218645843E-6,-9.827476016039878E-7,2.564047163548208E-6,-111.8217161491329,-22.62111310205394,6.574687583132194E-12,0.007592857412016498,0.015048441453595558,0.01687509951858751,63.222579898065426,0.0017892566667226646,-27.473275364049996
-8.126515284274687,1,-32.506061137098754,2.399025129982741E-6,-9.26943014941697E-7,2.5765156053856524E-6,-111.78040788417344,-21.169869434746506,6.640137441243586E-12,0.007279564806682561,0.015191078171706299,0.01686703957410987,64.40752068189413,0.0017875535922158019,-27.477438872711748
-8.069045835972418,1,-32.27618334388967,2.974459293792921E-6,3.982696617791391E-7,3.0039627352262548E-6,-110.44725356827254,7.580412412086975,9.026053370755016E-12,-6.824962498397851E-4,0.016471343306345754,0.016506454659805263,92.37473888842696,0.0017119478909459614,-27.66515566600452
-8.066563245905387,1,-32.266252983621555,2.986489896009866E-6,4.539683683657935E-7,3.023422316516433E-6,-110.39098755122663,8.611045290810061,9.14320531621301E-12,-0.0010344608583310192,0.016431075067727497,0.016487374456233463,93.61838330786115,0.0017079947975525748,-27.6752083347845
-8.00909379760313,1,-32.03637519041253,2.973973032200344E-6,1.6442609461109601E-6,3.4000509058233706E-6,-109.37069298783597,28.91785134775359,1.156138334840877E-11,-0.008811080352482032,0.013435958940076919,0.016090327570970724,123.25606054694569,0.0016267156535134481,-27.88692353298607
-8.006611207536098,1,-32.0264448301444,2.9606026766660653E-6,1.688549576956644E-6,3.4100155373100038E-6,-109.34496405953966,29.690889314842345,1.1628453644616597E-11,-0.00910645692406434,0.013222220436138361,0.01608039118434024,124.5667752488709,0.0016247007508855922,-27.89227207084232
-7.949141759233843,1,-31.796567036935368,2.387892355640705E-6,2.5062276934019068E-6,3.4631355943215084E-6,-109.21061803492114,46.38626711787941,1.1993330208849605E-11,-0.014578367628061948,0.006734718116198171,0.016082332145571532,155.19498705546013,0.0016250930568429336,-27.891223897789885
-7.946659169166807,1,-31.78663667666723,2.3527566054525873E-6,2.530436467641139E-6,3.456807687513606E-6,-109.2267422336269,47.09825039255929,1.195018237136294E-11,-0.014736039186658854,0.006404640260195212,0.016093057144250807,156.5092796120764,0.0016272691577257378,-27.885454254640038
-7.889189720864543,1,-31.556758883458173,1.3531029594753446E-6,2.8196596583865505E-6,3.129204365948668E-6,-110.09208511085693,64.38772197320132,9.793712756471569E-12,-0.016386888444280764,-0.0018224286661507616,0.01650995637998354,-158.76156727254096,0.001712677116784782,-27.663320895905812
-7.886707130797506,1,-31.546828523190037,1.3038554689772083E-6,2.8194055487650997E-6,3.1083863380729117E-6,-110.15089493392406,65.22467277543866,9.665408920108764E-12,-0.016362502896838813,-0.0021789622673809407,0.016530335731147063,-172.4171256233417,0.001716908265793859,-27.652606229073168
-7.829237682495229,1,-31.316950729980928,8.742013196313028E-8,2.535134788894943E-6,2.539422246143983E-6,-111.9075957635496,88.08147847731996,6.452317564306363E-12,-0.013708740848129742,-0.00989159691947343,0.01692520240528994,-144.19823072733303,0.0017999035393926114,-27.447540198012717
-7.826755092428197,1,-31.307020369712795,3.4157616879877964E-8,2.511091525155339E-6,2.5151009069521726E-6,-111.99125523885431,89.3033174631371,6.3289343914196615E-12,-0.013507648355036714,-0.010176345800802629,0.01693396653780105,-143.00227603610273,0.0018017618986066882,-27.44302872805002
-7.7692856441259135,1,-31.077142576503658,-1.1541965092482347E-6,1.7254876373021783E-6,2.080926464610682E-6,-113.6359480417109,123.82704076179812,4.331387623960547E-12,-0.007250793790781,-0.01523810459512604,0.016895465493127117,-115.44891030604141,0.001793579602736383,-27.462802714079384
-7.766803054058881,1,-31.06721221623553,-1.20092544237493E-6,1.6831359947185456E-6,2.0735392965947945E-6,-113.66575820081064,125.53110404211097,4.2995687751723296E-12,-0.006927410471640135,-0.015371727254393744,0.016883138850782978,-114.24559521576268,0.001790972506984591,-27.469164339602273
-7.709333605756594,1,-30.837334423026377,-2.1292465521972437E-6,5.685041986091652E-7,2.2084673353980948E-6,-113.11901298599314,164.9861753115465,4.8782238198599215E-12,0.0012215945522662866,-0.016362516113489697,0.016429903706020998,-85.72696495132351,0.0016961111796604347,-27.705544650354664
-7.7068510156895655,1,-30.827404062758262,-2.1604654052761608E-6,5.169279381877369E-7,2.2255501763913314E-6,-113.0534877993781,151.5679837911306,4.955804760330987E-12,0.001578182667995201,-0.01630707720452442,0.01640804409228352,-84.45453882289823,0.001691601241530694,-27.717110458230223
-7.64938156738728,1,-30.597526269549128,-2.6536530825099697E-6,-6.91046423189549E-7,2.7445479230940694E-6,-111.2324862383609,-165.45801381505783,7.53563567146441E-12,0.009361733695957799,-0.012932325278638015,0.015989108112621307,-54.099649813549235,0.0016063136181819842,-27.941736352723325
-7.646898977320253,1,-30.587595909281017,-2.663632379252354E-6,-7.410649960755229E-7,2.7668880565191588E-6,-111.16161261770259,-164.49023002442544,7.65836072920466E-12,0.009652220693225378,-0.012702562833623464,0.015980271040904076,-52.7598874157761,0.0016045315693951324,-27.946519654059365
-7.589429529017984,1,-30.35771811607194,-2.635498610241607E-6,-1.792164692128307E-6,3.1885148646873107E-6,-109.9287967822185,-145.80466072257633,1.0167905462679643E-11,0.014892371169170705,-0.005892021635855571,0.01603966597710666,-21.59711176334579,0.0016164833076282438,-27.91430210633197
-7.586946938950955,1,-30.34778775580383,-2.622772897527211E-6,-1.830358565421479E-6,3.1996713925994317E-6,-109.89802640159138,-145.09809539347523,1.0238218248793456E-11,0.015035056635037682,-0.0055518987828391195,0.01605312750523861,-20.26826660964413,0.0016192073516238562,-27.907040820549557
-7.529477490648697,1,-30.117909962594794,-2.0904135920438917E-6,-2.510803859491134E-6,3.2682716460489424E-6,-109.71364251736453,-129.77878860092105,1.0681612983150403E-11,0.01624951377503954,0.002787451012487654,0.016509021203486265,9.718426516582968,0.0017124842892074072,-27.66381596633288
-7.5269949005816645,1,-30.107979602326665,-2.0579618216774298E-6,-2.5294954515356236E-6,3.262220156599176E-6,-109.73000551922897,-129.1173970344622,1.0642728101856345E-11,0.016203663647733898,0.00314226721644688,0.016528952373403686,10.97305488212833,0.0017166185015454868,-27.65332711931807
-7.469525452279411,1,-29.878101809117638,-1.1360840453235901E-6,-2.7047428765441787E-6,2.9351050719066737E-6,-110.6484005606637,-112.76006980194013,8.616651212902254E-12,0.013035479850939002,0.01065637412550604,0.01685740343197797,39.25647642571841,0.001785508962159999,-27.482395791318787
-7.467042862212374,1,-29.868171448849502,-1.0906564544773746E-6,-2.700361793280279E-6,2.914173430980735E-6,-110.71153695016807,-111.94815550766016,8.495790748709992E-12,0.01281343951087681,0.010925395746478894,0.016861085765227875,40.4595006289038,0.0017862859617491151,-27.480490986084735
-7.40957341391011,1,-29.63829365564044,3.264743896295151E-8,-2.3411858100471278E-6,2.3440617903192702E-6,-112.60328699374426,-89.13909255220726,5.498264358980662E-12,0.006147023196343461,0.015480182427370585,0.01667666447124669,68.34269795873749,0.001747430697384421,-27.57603449742674
-7.407090823843074,1,-29.6283632953723,8.191039893912407E-8,-2.3149299026896368E-6,2.320126720143853E-6,-112.69238463965593,-87.88296244185898,5.38599523226578E-12,0.005811352046915103,0.015586802810553222,0.0166581127319659,69.56950062276793,0.001743557998928106,-27.585735264526015
-7.3496213755407975,1,-29.398485502163197,1.1829495825839873E-6,-1.5017062570456624E-6,1.9167516604562407E-6,-114.34963341429871,-51.726348962620975,3.6747779365955025E-12,-0.002465501306865149,0.01588243830417898,0.01609537550907521,98.8287155760616,0.0016277522021606499,-27.884240306818576
-7.3471387854737635,1,-29.38855514189506,1.2263285851301306E-6,-1.4592223204937537E-6,1.9120084462553334E-6,-114.37024878247404,-49.94942409442913,3.655814477808103E-12,-0.002819371702139838,0.015796188514957538,0.016071568603048342,100.13889898329116,0.0016229354925784512,-27.89708506038719
-7.289669337171475,1,-29.158677348685906,2.0896755226747854E-6,-3.63811917682554E-7,2.1253931930870095E-6,-113.45269771313578,-9.956655374067687,4.5187532844700905E-12,-0.01034619272484472,0.011749489365781829,0.01568017264120139,131.36389724702872,0.001544837824096959,-28.111197902043024
-7.287186747104446,1,-29.148746988417784,2.1187592341575033E-6,-3.139732922130145E-7,2.145542616778208E-6,-113.37226666521462,-8.507496122709943,4.606807535650956E-12,-0.010617057473482901,0.01149525831837022,0.01567522238271097,132.7338624453946,0.001543857867713861,-28.113927352801273
-7.229717298802157,1,-28.918869195208625,2.578675772595069E-6,8.368156866458782E-7,2.713078474066298E-6,-111.33296979558806,17.925291792220285,7.364297516632854E-12,-0.015236180449986814,0.004274494953368473,0.015848531192081152,164.31464912564158,0.0015781915106356415,-28.018439017470456
-7.2272347087351285,1,-28.908938834940518,2.5879604839823934E-6,8.837733202612209E-7,2.7364441609628404E-6,-111.2578202047167,18.818484069478963,7.49096077683024E-12,-0.015346234975254492,0.003925781490322006,0.015865883555397534,150.74074971458037,0.0015816592494711879,-28.008960941546178
-7.169765260432847,1,-28.679061041731398,2.559497141586757E-6,1.8554292495117112E-6,3.1624306040025534E-6,-110.00014040002532,35.92039964699563,1.0002213518078773E-11,-0.015729146757985035,-0.004378588401609292,0.016348927781861772,-164.45923094628398,0.0016794316882796432,-27.748455415939116
-7.167282670365822,1,-28.669130681463287,2.5473979229903393E-6,1.8900232936661817E-6,3.1731084923632146E-6,-109.97041130904947,36.56645270677404,1.0068875861337796E-11,-0.01564676159532621,-0.004720697144671304,0.016366289263075106,-163.21104824832523,0.0016829926960127285,-27.739215911367992
-7.1098132220635595,1,-28.439252888254234,2.0413954890178462E-6,2.4884374030125746E-6,3.2196181079105835E-6,-109.84392986697642,50.638323145438086,1.0365981808151048E-11,-0.01168728400682553,-0.011699001082887652,0.016556869213488503,-134.97754764036767,0.0017224092453888922,-27.63863738486477
-7.107330631996527,1,-28.42932252798611,2.010485836994339E-6,2.5038664709562163E-6,3.2122513190032825E-6,-109.8641747331048,51.25196101366514,1.0319401701289872E-11,-0.011436592910811975,-0.01193518157461437,0.016552233822131515,-133.76679645151057,0.0017214495310178602,-27.641081134201407
-7.049861183694276,1,-28.199444734777103,1.129898910659859E-6,2.614378949899126E-6,2.8493760465751022E-6,-110.90610114309321,66.6525140964447,8.121095287523676E-12,-0.004291378595806068,-0.015561983922540542,0.016163919749390514,-105.41300390430816,0.0016416400584175167,-27.847314150094274
-7.04737859362724,1,-28.189514374508963,1.086347136309963E-6,2.607868428072821E-6,2.8267873003014627E-6,-110.97640184523102,67.43329313679013,7.994607555324644E-12,-0.003945633693218607,-0.01562382281908443,0.016138182153301088,-104.15210218461449,0.001636429943723141,-27.861193423604156
-6.989909145324972,1,-27.959636581299893,4.939098048315845E-9,2.2173132940423623E-6,2.219855825825579E-6,-113.07680990277932,89.94209583630425,4.931836385612643E-12,0.004295849010850533,-0.01485527072221901,0.015487502476193547,-73.86543188661999,0.001507128211433298,-28.21864812154301
-6.987426555257938,1,-27.94970622103175,-4.273560809683415E-8,2.1906082628012863E-6,2.1947395454356694E-6,-113.17552687754221,91.2196556535019,4.820130158528643E-12,0.0046354564095139016,-0.014725562109837676,0.01546452091797962,-72.50743243842965,0.001502645893342409,-28.231510661033553
-6.929957106955653,1,-27.71982842782261,-1.1149137678463172E-6,1.3880390741269916E-6,1.785569565787129E-6,-114.96548716547011,128.82016946887424,3.189045327937891E-12,0.01155966263557409,-0.009811664917377514,0.015187300442220953,-40.32992268470311,0.001449243269623222,-28.388592170582072
-6.927474516888621,1,-27.709898067554487,-1.1575144158391388E-6,1.3469551995786777E-6,1.7819552178295255E-6,-114.98221684274917,130.67053614346037,3.175477980479397E-12,0.01179365973974256,-0.009529694207508882,0.015189652965435441,-38.935241032521304,0.001449694741612192,-28.387254153379754
-6.870005068586336,1,-27.48002027434535,-2.01499630425297E-6,3.0323270619100277E-7,2.0417017044768255E-6,-113.80224814105068,171.3496093482702,4.170423236886727E-12,0.015373774046460023,-0.0019445954958660857,0.01551962440928033,-7.225632447009301,0.0015133731886202535,-28.200615064198242
-6.867522478519309,1,-27.47008991407724,-2.044421597283875E-6,2.5637369582817526E-7,2.063690209461727E-6,-113.71075553991426,157.8605807900368,4.262719199525725E-12,0.015433838714631817,-0.0015946378691132647,0.01554037707026934,-5.902356863593859,0.0015174285801172567,-28.189022578727524
-6.810053030217043,1,-27.240212120868172,-2.525597226635667E-6,-8.127804869130197E-7,2.654867137527999E-6,-111.52156366703049,-162.21261094878182,7.051968432465755E-12,0.014632132723427532,0.006398970775931744,0.01599088279858088,23.60775495992634,0.0016066725994907482,-27.940779097154355
-6.807570440150013,1,-27.230281760600047,-2.53637386671252E-6,-8.558569134200031E-7,2.678307597313047E-6,-111.44435852449527,-161.38751989770753,7.1760745971207915E-12,0.014501503837609245,0.0067126859169914605,0.016001746180057577,24.84315133481192,0.001608847586179901,-27.934856564813828
-6.750100991847747,1,-27.000403967390994,-2.553672789602995E-6,-1.7353260558962696E-6,3.0884198920871687E-6,-110.20578167176309,-145.81828648940527,9.539417533310429E-12,0.009581529633786204,0.012738236304284044,0.01595942132341425,53.04840378258835,0.001600349902851646,-27.957866473553743
-6.747618401780713,1,-26.99047360712286,-2.543958021405671E-6,-1.7660996788185974E-6,3.0977993097570337E-6,-110.17900166436137,-145.23513808649906,9.59651093576083E-12,0.009300160756819918,0.012922701073299965,0.015943378837704435,54.275426510574306,0.0015971506006458563,-27.966647267713608
-6.690148953478435,1,-26.76059581391373,-2.0993475970283414E-6,-2.2856650644930684E-6,3.104243990895256E-6,-110.16093621819824,-132.5630051729333,9.636450070389934E-12,0.0017514470485646217,0.015202376397221731,0.015324521077766398,83.43585592392303,0.0014755827481743164,-28.310560469645484
-6.687666363411404,1,-26.750665453645613,-2.0712207470719188E-6,-2.2983809709612283E-6,3.0948240663404724E-6,-110.18783631487528,-132.00788921054985,9.579119313272856E-12,0.0014041733925565915,0.015203753240487627,0.015293058554735032,84.74838299170146,0.001469535060335579,-28.328429920823567
-6.630196915109124,1,-26.520787660436497,-1.2543494635085941E-6,-2.3665540458027013E-6,2.679468567344733E-6,-111.44056718003436,-117.89623759802811,7.182248440548986E-12,-0.006502222733012891,0.013093506153024072,0.01464343328795362,116.41328773457505,0.0013473245179902134,-28.705407478138977
-6.627714325042096,1,-26.510857300168386,-1.2133510176106658E-6,-2.3593285021464108E-6,2.654463185379495E-6,-111.52359927153718,-117.16265496800034,7.050850658113167E-12,-0.006811111321837631,0.012913335400207991,0.014626561687863908,117.82519616515502,0.0013442052135433917,-28.71536856457496
-6.570244876739826,1,-26.280979506959312,-1.830405849457888E-7,-1.979817620910995E-6,1.990571266723523E-6,-114.02524919405134,-95.19688599610421,3.967218769943973E-12,-0.012705454608645854,0.007096044338608314,0.014577301469644316,150.8045371506578,0.0013351638081629084,-28.744662744190197
-6.567762286672799,1,-26.271049146691198,-1.3706194778760607E-7,-1.9549026710634387E-6,1.963283897254583E-6,-114.14509187379461,-93.881700347978,3.858288600233361E-12,-0.01288365583635579,0.006790676794568496,0.01458959912556621,152.2061266445438,0.0013374289245307897,-28.73737499889731
-6.510292838370532,1,-26.041171353482127,9.099859459267425E-7,-1.2226443552167782E-6,1.5295857273452307E-6,-116.30994626970231,-53.27916088208728,2.3404422781380043E-12,-0.015013515334631682,-9.341105774838767E-4,0.015064297609718755,-161.5503341366582,0.0014258806018014236,-28.459279372353695
-6.5078102483035,1,-26.031240993214,9.522373541939577E-7,-1.1858159539393353E-6,1.526966116331175E-6,-116.32386572139286,-51.25588368726836,2.3318768320196196E-12,-0.015008652086209441,-0.001270799945933306,0.015084895417542182,-175.16246456243536,0.0014297773407657942,-28.447394230356206
-6.450340800001218,1,-25.801363200004875,1.819305233886857E-6,-2.639411802372553E-7,1.8419750071583793E-6,-114.69776572343125,-8.370529942707108,3.3953340088782266E-12,-0.012769891761388829,-0.008538714814032651,0.015381043184765334,-146.2395966109496,0.0014864555608952467,-28.278490288358633
-6.447858209934189,1,-25.791432839736757,1.8499652024927314E-6,-2.2316462381745872E-7,1.8660704705629724E-6,-114.5863929341538,-6.973894253407237,3.4866162938564256E-12,-0.012585378299737267,-0.008804123179181849,0.015380027328113065,-145.01485146786806,0.001486260360547537,-28.27906733183422
-6.390388761631902,1,-25.561555046527626,2.3774350635829036E-6,6.936561310289725E-7,2.477840931796202E-6,-112.12136644612161,16.21583675059314,6.143397153507581E-12,-0.006704159453034109,-0.013411483760922665,0.015013448261737831,-116.55480072878318,0.0014162718821488036,-28.488650244114186
-6.387906171564879,1,-25.551624686259515,2.3909492258555698E-6,7.299772897247686E-7,2.5009148913670537E-6,-112.03966956990058,16.94749809655549,6.25709301966816E-12,-0.006398042142184282,-0.013525765496008892,0.01498485012025295,-115.29071441630379,0.001410905154074743,-28.50528696081425
-6.330436723262611,1,-25.32174689305044,2.485664672368864E-6,1.4575489644344133E-6,2.8821196852307204E-6,-110.80621526191983,30.37379549881345,8.30745798851965E-12,0.0012944540047165607,-0.014105406773530222,0.014187011517556481,-84.74564461011336,0.001264668535331592,-28.980530268398123
-6.327954133195579,1,-25.31181653278232,2.479789733838606E-6,1.482351496363283E-6,2.8896542213325484E-6,-110.78310918490665,30.867345181474242,8.350153325256547E-12,0.0016274318116352598,-0.014035912306758038,0.014155403558100774,-83.35960901209386,0.00125902573059142,-28.999860033495505
-6.270484684893313,1,-25.081938739573257,2.131297828098861E-6,1.885111556437947E-6,2.845862924866778E-6,-110.91586045145065,41.49823852401766,8.09920145596091E-12,0.008760462837717345,-0.010473567053473194,0.01367890917028678,-50.091564217554776,0.0011756686483330241,-29.297193226781157
-6.268002094826278,1,-25.072008379305124,2.1074592061798414E-6,1.8940937872065126E-6,2.8341083824980565E-6,-110.95258738685565,41.96500342968752,8.033790848669817E-12,0.00901811994430581,-0.010244619593725187,0.013674977192619644,-48.63549671271581,0.0011749878962427783,-29.299672126689657
-6.210532646524001,1,-24.842130586096005,1.3883735530280122E-6,1.911285707784739E-6,2.363031384694232E-6,-112.53301749933547,54.03680100979074,5.587241308150808E-12,0.013413654679089608,-0.0037055379962011082,0.013938948404878306,-15.461608396259054,0.0012207988379029711,-29.13364369105991
-6.208050056456971,1,-24.832200225827886,1.3513269609349046E-6,1.9036756140206978E-6,2.3355363633735456E-6,-112.63719450876162,54.69018887611781,5.460300321999284E-12,0.013517931076062643,-0.003390466884192931,0.013960162354182955,-14.085366364175748,0.0012245272844292666,-29.12046756110724
-6.150580608154691,1,-24.602322432618763,4.021103368078821E-7,1.5582807103001975E-6,1.6112399732367207E-6,-115.86524156825018,75.64565419652158,2.6018559049658246E-12,0.013862879694303783,0.004052703644296951,0.014462640315077163,16.280089724889027,0.0013142542679160233,-28.81329360323197
-6.148098018087662,1,-24.59239207235065,3.5898691191315507E-7,1.5368078765966765E-6,1.5815351398787165E-6,-116.02742067174638,77.04323214371186,2.5057443395162817E-12,0.01378387907100573,0.004354799881054511,0.014475771948651886,17.536032848928826,0.0013166306447362794,-28.805372896652823
-6.090628569785395,1,-24.362514279141585,-6.396342352104351E-7,9.259509262383468E-7,1.1315352325367936E-6,-118.92886482752193,124.72256009381208,1.281075003558402E-12,0.010032435284424896,0.010376437888800882,0.014451503069727572,45.964551700916104,0.0013122209053054196,-28.81995132759583
-6.088145979718364,1,-24.35258391887346,-6.8070630834064E-7,8.96060483349046E-7,1.1317600311721688E-6,-118.92731739675773,127.13121307889884,1.2816423144047388E-12,0.00979741765860587,0.010571899240598159,0.014433746614193242,47.197364858275066,0.0013090200541391575,-28.830703682426964
-6.030676531416098,1,-24.1227061256644,-1.5422548304822892E-6,1.657691422858184E-7,1.5539404236963397E-6,-116.17872030798864,173.70664975909744,2.4183489624029496E-12,0.003176927142734064,0.013324009385136816,0.013717437020167303,76.60131172646437,0.0011823412294800347,-29.27290878388637
-6.028193941349064,1,-24.112775765396265,-1.5736852538991458E-6,1.3428380074098453E-7,1.581185733539325E-6,-116.02804614732234,160.10811433159824,2.5051801846619313E-12,0.0028614018874226306,0.013353941520523377,0.013679948869417344,77.93796758535056,0.001175897703277934,-29.296723599681503
-5.970724493046786,1,-23.882897972187145,-2.14078443405078E-6,-5.551115271053496E-7,2.2123056822244947E-6,-113.10661579980423,-165.5066333631484,4.897925027536314E-12,-0.004520707934912401,0.01204191989036242,0.012885724275411795,110.58607800892587,0.0010433032549921522,-29.816152742649756
-5.968241902979756,1,-23.872967611919023,-2.156923177206794E-6,-5.815584119365971E-7,2.234472647415888E-6,-113.01826190956234,-164.93471201893195,4.995022361323627E-12,-0.0048170059011997494,0.011900356399842086,0.012864250648432097,112.05782925209107,0.0010398044441129834,-29.830539814477138
-5.9107724546774705,1,-23.643089818709882,-2.3300049837549953E-6,-1.0912135321028114E-6,2.5731736306427435E-6,-111.7910065441677,-154.91337321305375,6.621797642503993E-12,-0.010641604601058023,0.007021572966242031,0.012772887546043912,146.56855962666896,0.0010250818628764573,-29.892424599643444
-5.908289864610442,1,-23.63315945844177,-2.3281550266954095E-6,-1.107611099977641E-6,2.5784594705162426E-6,-111.77279518518364,-154.55773618623613,6.648455345157368E-12,-0.010826272320585098,0.006756727936048216,0.012786171067122473,148.02806397355528,0.0010272297092566887,-29.883457130958163
-5.850820416308169,1,-23.40328166523269,-2.082846747117022E-6,-1.349017467818366E-6,2.4817689392489165E-6,-112.10509201081751,-147.0633345604568,6.1596413377347914E-12,-0.013294714393096173,-7.303681496000802E-5,0.01331490974322931,-164.79943277593503,0.001113948376349552,-29.53152543101278
-5.848337826241142,1,-23.39335130496457,-2.063708555089248E-6,-1.3529587506337664E-6,2.467906785987749E-6,-112.15496587314693,-146.7359836817823,6.092602300648012E-12,-0.01331176523706643,-3.7476665929336806E-4,0.013337381905673676,-178.39141098622918,0.0011177038758330747,-29.516846092981883
-5.790868377938878,1,-23.16347351175552,-1.4539351449398468E-6,-1.3036441348262954E-6,1.9531142683853653E-6,-114.18942173733339,-138.08925135329372,3.818480405594844E-12,-0.011709337784229584,-0.006949931047204976,0.01363378985003304,-149.31773070781244,0.0011679210019232495,-29.32587350475836
-5.788385787871846,1,-23.153543151487387,-1.4214131688250012E-6,-1.2956549876769022E-6,1.9238011445943846E-6,-114.32524906633128,-137.59040624635097,3.70728163405084E-12,-0.011556563914816716,-0.007192015276536909,0.013630170265023684,-148.09167684557232,0.0011673057506529601,-29.32819779695975
-5.730916339569571,1,-22.923665358278285,-5.679468973740546E-7,-9.988324650762984E-7,1.1502697044789453E-6,-118.80205803736028,-119.4613128913794,1.3297763833363835E-12,-0.006467930329791601,-0.011429531476400896,0.013150363925862217,-119.49597750684367,0.001086594236483225,-29.63956383943841
-5.728433749502539,1,-22.913734998010156,-5.283669513523123E-7,-9.820078118446648E-7,1.1180687131937669E-6,-119.05428144699925,-117.93159885014074,1.2554572318184043E-12,-0.00619702496669557,-0.011536325596615427,0.01311553657767566,-118.21157084757387,0.0010808775101718994,-29.66273072713177
-5.670964301200261,1,-22.683857204801043,4.0477591042039933E-7,-5.311528653209996E-7,6.759370552884707E-7,-123.4048943649482,-52.615693848935365,4.572349318229819E-13,6.943743689544692E-4,-0.012141285957841674,0.012182029318124475,-86.70952616191451,9.324936014361154E-4,-30.304069378433983
-5.668481711133232,1,-22.67392684453293,4.438830732993727E-7,-5.102248054457467E-7,6.82799090639341E-7,-123.33438579323483,-49.400318328538674,4.688734034170106E-13,9.949248445142033E-4,-0.01208199485127991,0.012146944048587766,-85.25906406977343,9.271067239669036E-4,-30.329021693057957
-5.611012262830963,1,-22.444049051323844,1.2806356676281045E-6,-2.3081872844231876E-8,1.2822092889929208E-6,-117.85801882307572,-1.213966423401808,1.6493924651744958E-12,0.007457799051654465,-0.008951672312453317,0.011674522141916222,-50.205103791996734,8.563672963768117E-4,-30.673438714291994
-5.608529672763931,1,-22.434118691055723,1.3119535649802759E-6,-3.173720878750191E-9,1.3126340970970304E-6,-117.64875348184587,-0.22921807271793238,1.7283906780156203E-12,0.007691491085866907,-0.008749546960836765,0.011674449676361127,-48.67778933877139,8.563565568254492E-4,-30.673492084792912
-5.551060224461665,1,-22.204240897846663,1.89713130908684E-6,4.079836985493095E-7,1.940720716811101E-6,-114.24489080212966,12.109500722568631,3.769666236549807E-12,0.01166914622616156,-0.0029867492060399754,0.012065898379330536,-14.381708402494727,9.147634727183987E-4,-30.387105660478586
-5.548577634394629,1,-22.194310537578527,1.9149163070997166E-6,4.2259953839875813E-7,1.961123499090074E-6,-114.15168492718679,12.431908811639053,3.847685280599673E-12,0.011762569266266211,-0.0027106446978157556,0.012091515765780684,-12.9865938180273,9.186593174715468E-4,-30.368715447198003
-5.4911081860923545,1,-21.96443274436942,2.142828522879167E-6,6.770427699072439E-7,2.2473035868600537E-6,-112.96706686704778,17.530774206101007,5.050715429503056E-12,0.012032613298691795,0.003754698917083006,0.012621535886327643,17.31379427958741,0.001000943320740959,-29.9960097942489
-5.4886255960253205,1,-21.954502384101296,2.1439597667216103E-6,6.838810942743913E-7,2.250431503446164E-6,-112.95469424450795,17.692204209493834,5.064453814627107E-12,0.01195881143285723,0.004013494835055847,0.012631630140319787,18.557433123681083,0.0010025331331348691,-29.98901394503208
-5.431156147723044,1,-21.724624590892173,1.9775153626080775E-6,7.486718703607491E-7,2.1145197479524504E-6,-113.49634203943917,20.739620395390595,4.471809000699984E-12,0.008516540679444629,0.009067233274462438,0.012455448462088308,46.797794269818375,9.747728528850723E-4,-30.11106164125673
-5.428673557656014,1,-21.714694230624055,1.9620473494528794E-6,7.474530225353971E-7,2.099624739732108E-6,-113.55949097324432,20.861318270756993,4.4106199997430595E-12,0.008303082016974973,0.00922517219529132,0.012429098985009032,48.03945244503095,9.706878849500097E-4,-30.129617276526655
-5.371204109353744,1,-21.484816437414977,1.4389534535988872E-6,6.404359305895166E-7,1.5750736188276822E-6,-116.06002972410715,24.006396945936903,2.484721135628724E-12,0.002345498043003199,0.011262787312809283,0.011522706091261362,78.25683910089141,8.343026179027594E-4,-30.78745008008771
-5.368721519286712,1,-21.474886077146852,1.4100744851892237E-6,6.329139431213325E-7,1.5456668358135975E-6,-116.23133930105143,24.20355338876168,2.3953781183214935E-12,0.0020647207194668727,0.011271244517525357,0.011480203407724007,79.66138911339351,8.281574435868893E-4,-30.819557908428962
-5.311252070984448,1,-21.245008283937796,6.350909472698238E-7,4.1253809741283866E-7,7.575929524587403E-7,-122.4520314464838,33.146951643065236,5.810826052465815E-13,-0.004416886499667948,0.009713694963478072,0.010692823139774784,114.46128443597652,7.184215616560264E-4,-31.436498295466613
-5.308769480917414,1,-21.23507792366966,5.984988057480712E-7,4.018199264957385E-7,7.222686431530156E-7,-122.92678453652906,34.53363241602886,5.289797153283769E-13,-0.0046721343394275855,0.009574234543642873,0.010677776871434976,116.02936652561203,7.163775086890393E-4,-31.44858841292758
-5.251300032615136,1,-21.005200130460555,-2.76761227789236E-7,1.472458840131858E-7,3.2695671455733614E-7,-129.71065782507898,150.45110490391514,1.0691173331157352E-13,-0.009554651354766765,0.0050374483381548495,0.010822285792214814,152.1764261743036,7.359085498770193E-4,-31.331881871022897
-5.248817442548104,1,-20.995269770192426,-3.1394962127683004E-7,1.3681094389324553E-7,3.4494689158881196E-7,-129.39621053551343,155.33756343915098,1.2591628724043115E-13,-0.009701703678763326,0.004800260948503674,0.01084537650602785,153.66192008701688,7.390736346975849E-4,-31.313490752552205
-5.191347994245826,1,-20.76539197698329,-1.1199295551806254E-6,-7.586147662467665E-8,1.122632689868249E-6,-119.02254396049598,-161.29370520553942,1.2664510051429273E-12,-0.011427898977566377,-0.001133590429223437,0.011500445452038573,-159.45216864219228,8.310423612028116E-4,-30.80405024005169
-5.188865404178795,1,-20.755461616715177,-1.1505331668482947E-6,-8.316244130668708E-8,1.1535716081160916E-6,-118.77281647017007,-175.89046815230503,1.3356914747014613E-12,-0.011421236819883109,-0.0013873410594517645,0.011521719781563374,-173.0773014520008,8.341016817730017E-4,-30.78789981678724
-5.131395955876519,1,-20.52558382350609,-1.7320180455269475E-6,-2.0192267405255719E-7,1.7437520467741464E-6,-115.17460006175531,-173.35400397631795,3.0433969464261843E-12,-0.00950231584309057,-0.006715386791293123,0.011649965990895551,-144.75352129430615,8.527653290079243E-4,-30.691711669828713
-5.128913365809494,1,-20.515653463237967,-1.7501609814348553E-6,-2.0461583216037633E-7,1.7620815214530066E-6,-115.08118515358163,-173.33139918550782,3.1062258954878625E-12,-0.009347931590120259,-0.006901203549707557,0.011634901743862024,-143.54086114141197,8.505848446979784E-4,-30.703072293310278
-5.071443917507228,1,-20.285775670028915,-1.9959502799451268E-6,-2.1419245201916906E-7,2.0074131640643583E-6,-113.94751317232065,-173.87408663358258,4.029932900796555E-12,-0.004506492239121378,-0.009875609054537791,0.010870995660053269,-114.50817578867594,7.42596549156535E-4,-31.293149909731106
-5.068961327440196,1,-20.275845309760783,-1.9981899122301567E-6,-2.1248106140654992E-7,2.009464444055854E-6,-113.93842212130575,-173.9306043229657,4.0379737740290125E-12,-0.004259014430471994,-0.009933896791335621,0.010826954299916747,-113.16067588813678,7.366167273518922E-4,-31.328582948844637
-5.011491879137925,1,-20.0459675165517,-1.8625817212819413E-6,-1.3545832187434054E-7,1.8675161540961845E-6,-114.57542349524972,-175.8433553600813,3.4882101230178594E-12,0.0018314747060621279,-0.009639422140322242,0.009831992581839016,-79.21985401216746,6.07436247685202E-4,-32.16573755097619
-5.009009289070892,1,-20.03603715628357,-1.8485812266064953E-6,-1.31009286577633E-7,1.8532411060595188E-6,-114.6440449295858,-175.95351809783125,3.4364668138610804E-12,0.0020877636621340905,-0.009554831073432064,0.009803347207156858,-77.64105275464675,6.038627811676564E-4,-32.19081130124791
-4.951539840768614,1,-19.80615936307446,-1.3605154698086037E-6,-1.7552092352843767E-8,1.3606655143475217E-6,-117.33198137180396,-179.27730695231728,1.85478143975064E-12,0.007375964997746138,-0.006195526953774663,0.009653855329405348,-40.047842681843306,5.855749647980446E-4,-32.324196242142904
-4.949057250701582,1,-19.79622900280634,-1.333126909249361E-6,-1.2849053996774026E-8,1.3332417420847533E-6,-117.51800816778288,-164.57321304002681,1.7829927588690528E-12,0.007555712648276484,-0.006001029914705842,0.009670305328650812,-38.4700587133082,5.875966372864139E-4,-32.30958440384539
-4.891587802399311,1,-19.566351209597244,-5.910489108162372E-7,7.760409242901034E-8,5.962969706417112E-7,-124.54620763636773,172.37410367225166,3.618556821477037E-13,0.010303017845614819,-8.040764215131854E-4,0.010350725632491597,-4.495115773500327,6.7320249677537E-4,-31.719033663730606
-4.889105212332279,1,-19.556420849329122,-5.557802434188344E-7,8.013884521534359E-8,5.624712414741956E-7,-125.1952568182766,170.8604038432109,3.233403473332938E-13,0.010348313507557041,-5.686565307470504E-4,0.010379937834412373,-3.1570370082802808,6.769950138988037E-4,-31.694464292880628
-4.831635764030009,1,-19.326543056120038,2.9107732196500373E-7,9.959514165809994E-8,3.1791073745954417E-7,-130.0230716651812,22.955546280546816,1.021322957170724E-13,0.009704230589285863,0.004655569510762661,0.010776206039859225,25.618887275339816,7.296473596632116E-4,-31.36889740259303
-4.829153173962977,1,-19.316612695851912,3.2712216885928365E-7,9.844266984373462E-8,3.422555711294822E-7,-129.46998054880743,17.344333688158294,1.2427845396870566E-13,0.009603475323243273,0.00485115916718791,0.010772964851986342,26.815645890219972,7.292137952929725E-4,-31.37154213022713
-4.771683725660701,1,-19.08673490264281,1.1077395383716305E-6,2.7191437792097718E-8,1.108158961289259E-6,-119.13311885181525,1.4642986294037879,1.2335950466013137E-12,0.0058737616731687654,0.008337214644328133,0.010212060795304534,54.85177284465743,6.552914901532223E-4,-31.83620559597217
-4.76920113559367,1,-19.076804542374685,1.1372549008439804E-6,2.2285325200448575E-8,1.1375550525955138E-6,-118.89327654387426,1.1583722060527912,1.2984861869559142E-12,0.005664661664683143,0.008428153185261671,0.01017075911978702,56.14033884849485,6.500458255588971E-4,-31.87172877378808
-4.711731687291394,1,-18.846926749165576,1.6927213381243116E-6,-1.2333107340115722E-7,1.6972626840992407E-6,-115.409097782719,-4.152752474738566,2.883159536713772E-12,1.85651079595676E-4,0.009054249678006969,0.009073939101930962,88.85770123776673,5.17412183949545E-4,-32.86291137404953
-4.7092490972243635,1,-18.836996388897454,1.709664203249058E-6,-1.3052103248922857E-7,1.71470611816211E-6,-115.31784791137001,-4.355991309691858,2.9413962253388195E-12,-5.847274679684396E-5,0.009013287236674945,0.009034621524796591,90.42100972958976,5.128994716173159E-4,-32.90033549248141
-4.651779648922092,1,-18.607118595688384,1.9254291674983686E-6,-3.019691660548463E-7,1.949025715559092E-6,-114.2038899377052,-8.909789609841587,3.798907527718502E-12,-0.005391691955356085,0.006666372042978206,0.008594653439380526,128.9568641349485,4.641278761616029E-4,-33.33364434256764
-4.649297058855064,1,-18.59718823542026,1.926265419796914E-6,-3.0885617442068534E-7,1.9509438345369403E-6,-114.19513498573525,-9.110591488105193,3.806208203485607E-12,-0.00558741803072926,0.006512109191477998,0.008602160481229897,130.62212961876452,4.6495326983849307E-4,-33.32619159785239
-4.591827610552794,1,-18.367310442211178,1.7562584994632151E-6,-4.4006264030068E-7,1.8106334665657034E-6,-114.84412425127454,-14.073844350864269,3.2789709157918083E-12,-0.00897421111504729,0.0020986449370172067,0.00923271393643484,166.7972455522173,5.35639439725465E-4,-32.711962432798174
-4.589345020485762,1,-18.35738008194305,1.7407335868449029E-6,-4.4375303475906697E-7,1.7965052902835813E-6,-114.91424304171238,-14.317210504313051,3.229362598698548E-12,-0.009056522693809545,0.00188787585643538,0.009266843503593258,153.29688413510638,5.396075782554278E-4,-32.67990074768822
-4.531875572183486,1,-18.127502288733947,1.2181997838393637E-6,-4.7244038012032496E-7,1.3067532936006402E-6,-117.68363984863667,-21.232203614545796,1.7109501186331241E-12,-0.009400485583522938,-0.0030061350102082184,0.009881447455086146,-162.28492091244678,6.13521882710574E-4,-32.12188187503014
-4.529392982116455,1,-18.11757192846582,1.1894599645706339E-6,-4.7070127593833015E-7,1.2794440911711E-6,-117.87713533338956,-21.66429987167514,1.6423867368539463E-12,-0.009344510166552524,-0.003199042978168673,0.009889232781636559,-161.0939128733321,6.144765719371218E-4,-32.11495193859963
-4.471923533814177,1,-17.887694135256712,4.217954436732145E-7,-3.601274801366644E-7,5.556170604433576E-7,-125.16393488867902,-40.857749222451616,3.146227313644663E-13,-0.0066123215898257846,-0.006873930574426668,0.009549606599190399,-133.87553150259097,5.730198710301717E-4,-32.418676500190855
-4.469440943747147,1,-17.87776377498859,3.8580930334141976E-7,-3.5222055131563195E-7,5.275045028938122E-7,-125.63954313601448,-43.92208211044127,2.8166768857062983E-13,-0.006440972136548458,-0.006983207599295335,0.009513514504244005,-132.64352101811883,5.687490326974202E-4,-32.45199194125786
-4.411971495444877,1,-17.647885981779506,-4.6618063751671915E-7,-1.0660876746677269E-7,4.842476054851146E-7,-126.366642587468,-165.4910670361537,2.3693375508564855E-13,-0.0016511921143690636,-0.008216372043591283,0.008396028433905764,-101.32369580427745,4.430152229031335E-4,-33.53759478208267
-4.409488905377845,1,-17.63795562151138,-5.018092492832396E-7,-9.37234047101344E-8,5.118691180036981E-7,-125.89567225318319,-154.00107790480916,2.6898562610048317E-13,-0.0014263015218523491,-0.008207359303713264,0.008349236592299112,-99.79517056379004,4.38066728751975E-4,-33.58596133382975
-4.3520194570755795,1,-17.40807782830231,-1.2565601319982104E-6,2.3782226613361895E-7,1.2791061914480614E-6,-117.8807459122996,169.3603659584679,1.6418801534437445E-12,0.0037224368717358462,-0.006662931796165533,0.007652321419037948,-60.80328901369837,3.679415991726428E-4,-34.3424613701568
-4.349536867008544,1,-17.398147468034182,-1.2841649221645566E-6,2.526994131395324E-7,1.3089729351892022E-6,-117.67146304286055,168.9117020565805,1.7180008793571303E-12,0.00392218739132256,-0.006543180889253794,0.007650132853906618,-59.058887508837486,3.6772641164145386E-4,-34.34489093039089
-4.292067418706267,1,-17.168269674825073,-1.7775465998127246E-6,5.858885334735753E-7,1.8717117578252466E-6,-114.55848994770854,161.77403072024404,3.505726133609568E-12,0.007650013150240959,-0.002861900434410702,0.008184225403253203,-20.559178096401833,4.2089796833838034E-4,-33.75908072222741
-4.289584828639235,1,-17.158339314556947,-1.791041015750799E-6,5.986735885889309E-7,1.8885469585948622E-6,-114.47861516037878,161.52671639958956,3.5676204655946062E-12,0.007756556014759424,-0.0026772478397650906,0.00822095326231817,-19.072931934233186,4.247016634692565E-4,-33.720334497304066
-4.23211538033696,1,-16.928461521347838,-1.912201527518545E-6,8.355335299914737E-7,2.0868537064718425E-6,-113.61024968822102,156.39944738335046,4.3550471786626504E-12,0.00881790944190899,0.0017773279907367721,0.009006366992059492,11.368700502657786,5.096864113698095E-4,-32.927453199058135
-4.229632790269932,1,-16.918531161079724,-1.9084413777114106E-6,8.421528139121985E-7,2.086078938569735E-6,-113.61356123136002,156.18585053545638,4.351898269058035E-12,0.0087970635232867,0.001959975776794027,0.009023801504528983,12.560263185517961,5.116352847407306E-4,-32.91042607657251
-4.172163341967661,1,-16.688653367870643,-1.6254660203616203E-6,8.989272114596835E-7,1.8575644277615326E-6,-114.62252792021849,151.04621204979048,3.451725158941203E-12,0.006899619127119967,0.005601522374737505,0.00889710655159698,39.080238424881095,4.973793860409085E-4,-33.03332726560304
-4.1696807519006285,1,-16.67872300760252,-1.6050240771377732E-6,8.965380811707339E-7,1.838557007669122E-6,-114.71509824454445,150.79182008656744,3.3835530219030485E-12,0.0067621747888539216,0.00571831556301697,0.008867212429458348,40.25869723999713,4.940942620579552E-4,-33.06303645728769
-4.112211303598361,1,-16.448845214393444,-9.743361338967803E-7,7.302820617725345E-7,1.2178366537583711E-6,-118.30109378993731,143.09377927188322,1.488296511787542E-12,0.0026469716995060066,0.007301904011226886,0.0077799842156674685,70.11784674324396,3.8040862502605386E-4,-34.19970478067079
-4.109728713531329,1,-16.438914854125315,-9.414908485998331E-7,7.182575341250221E-7,1.1845781438732915E-6,-118.56031971368941,142.52349815853245,1.4109891941368032E-12,0.002443937619297344,0.007314407859090131,0.0077284103661008465,71.599116649451,3.753785952053012E-4,-34.25754731069919
-4.052259265229054,1,-16.209037060916216,-9.813716149184054E-8,3.442136971022095E-7,3.6190033974151476E-7,-128.96708669300884,104.62041618325364,1.3784008066292658E-13,-0.00239550193598832,0.006363947694958692,0.00681890431385431,110.65015617082257,2.9217985838455196E-4,-35.3443096405633
-4.049776675162022,1,-16.19910670064809,-6.003957212797636E-8,3.24582278675576E-7,3.470186201000253E-7,-129.19711884873468,99.53102044977332,1.205490200714874E-13,-0.0025915668310865043,0.006271871398445564,0.006807332241303267,112.46518949690524,2.9116210232433913E-4,-35.35867314721181
-3.99230722685974,1,-15.969228907438978,8.099213305950347E-7,-1.8154057856978673E-7,8.314195835560997E-7,-121.68158846867216,-12.107944799754923,6.992518272048541E-13,-0.006446998669554699,0.0032230150951357804,0.007224187994732929,153.38253186718597,3.279486666345989E-4,-34.84291585369481
-3.989824636792715,1,-15.959298547170858,8.447571896939068E-7,-2.043761052313541E-7,8.696251801698698E-7,-121.25223337987376,-13.429359260902665,7.651621126917385E-13,-0.006567808147376817,0.0030630500018126307,0.007262051407584331,154.9558153623991,3.3142977525076604E-4,-34.797905507777855
-3.932355188490444,1,-15.729420753961774,1.544462172160467E-6,-7.212357232466508E-7,1.704700917504768E-6,-115.37800563995609,-24.993776724239236,2.9122698235981134E-12,-0.008118374692078387,-9.21629980010482E-4,0.008180828995964035,-158.65216939275948,4.205532788766434E-4,-33.76273565973218
-3.9298725984234117,1,-15.719490393693649,1.5680390121078395E-6,-7.414846393307607E-7,1.7346243338446366E-6,-115.22134286844707,-25.286180784607094,3.0131235303489125E-12,-0.008123724526087818,-0.0010900760052912468,0.008206437190332073,-172.36539146033152,4.231542851344373E-4,-33.735202713563154
-3.872403150121144,1,-15.489612600484572,1.934154567633416E-6,-1.1313444577435694E-6,2.2407995654992876E-6,-112.99343368960062,-30.316437779248353,5.022813413311557E-12,-0.006890143342458138,-0.004558894677423197,0.008270310892517046,-146.50539122206825,4.297615824909749E-4,-33.667804735472465
-3.869920560054112,1,-15.479682240216441,1.9408330050571683E-6,-1.143301852750259E-6,2.2526108708935872E-6,-112.94650292406577,-30.49833961638776,5.074526207222975E-12,-0.006781382439157874,-0.004675617658001266,0.008246579602175558,-145.3789070696076,4.273444536785515E-4,-33.693246551485956
-3.812451111751834,1,-15.24980444700734,1.8821025370072836E-6,-1.2886687323562831E-6,2.2810573743104514E-6,-112.83736714102801,-34.40108516851049,5.203333702299383E-12,-0.0032751608896377524,-0.006415147236617058,0.0072139010276272425,-116.99974458746647,3.2707857314412625E-4,-34.85605022250752
-3.8099685216848016,1,-15.239874086739215,1.869979508633415E-6,-1.288303619219768E-6,2.2708632168475155E-6,-112.87749899104192,-34.571853717981256,5.158303071738776E-12,-0.0030937662412409673,-0.006440665363470456,0.007159433822842034,-115.5730690849683,3.221771334198872E-4,-34.922301790513465
-3.752499073382527,1,-15.009996293530104,1.3908145078266848E-6,-1.1263075524983112E-6,1.7897505504165807E-6,-114.94879386477419,-39.01807136182028,3.2069870265439384E-12,0.0013856984704587608,-0.005901197328423783,0.006079518463594818,-76.74275063877656,2.3227872433771894E-4,-36.34169122768359
-3.7500164833154948,1,-15.000065933261984,1.362296720500349E-6,-1.1125302912249633E-6,1.758968398736958E-6,-115.10731378714343,-39.27340045991345,3.1014731517556035E-12,0.0015736731511460929,-0.005830158403362149,0.006059456249232917,-74.86289210320302,2.3070022361049763E-4,-36.36953665917952
-3.692547035013231,1,-14.770188140052905,5.651751741378347E-7,-6.572521375535825E-7,8.672158824998271E-7,-121.27972449369658,-49.46395867301036,7.618094571164647E-13,0.005416098009742303,-0.003299345548172053,0.006358371377199611,-31.412986553243325,2.540534583642307E-4,-35.951837130231915
-3.6900644449461915,1,-14.76025777978478,5.265729707083669E-7,-6.324812354465931E-7,8.248193962336001E-7,-121.79725031045622,-51.02591263289278,6.914070627005485E-13,0.005543944773189033,-0.003161236297442204,0.006396728605845175,-29.74615046558963,2.5717789374408415E-4,-35.90035129716162
-3.6325949966439275,1,-14.530379986575712,-4.083954393899489E-7,2.1977062042632987E-8,4.252343043838913E-7,-127.44163207474261,164.54296897364125,1.8131754255342478E-13,0.007405410476324487,3.6923558178874634E-4,0.007424115446362631,2.808231645742212,3.4637565153711235E-4,-34.60612135551604
-3.6301124065768953,1,-14.520449626307581,-4.482083349002425E-7,5.2163556266324735E-8,4.5343179103296286E-7,-127.03021210041034,174.31574201852064,2.1847280588514977E-13,0.007429428597787523,5.219572433894392E-4,0.00745657025356169,4.002865724648542,3.493680083145059E-4,-34.56766374131867
-3.5726429582746206,1,-14.29057183309848,-1.3028977341202726E-6,7.502864831077383E-7,1.5036757311799789E-6,-116.4841035154626,150.14146751285713,2.2720297124970295E-12,0.006703203349043012,0.003739309841419148,0.007682853317364532,29.1540054655476,3.708733504946399E-4,-34.30775721951002
-3.5701603682075884,1,-14.280641472830355,-1.3344891578424937E-6,7.78392774221748E-7,1.5450277851107484E-6,-116.2349188832279,149.78302964923083,2.395971370761969E-12,0.006617698652937453,0.0038509863931635783,0.0076646231111323895,30.227777718091165,3.691531653532371E-4,-34.32885110545315
-3.5126909199053102,1,-14.050763679621245,-1.9031276685393409E-6,1.3401483420102952E-6,2.3276870288961995E-6,-112.66565486873225,144.85943628724527,5.422824555751085E-12,0.0036331504197843786,0.005607585486406303,0.006690942759853615,57.108572375609654,2.813871271868044E-4,-35.509872569180715
-3.5102083298382816,1,-14.040833319353123,-1.918732925512561E-6,1.3586254537891445E-6,2.3510869114923174E-6,-112.57606844668162,144.70462021237162,5.529549659714782E-12,0.003471591978187764,0.005639620904713336,0.006634674744428121,58.47648795663882,2.7671377284681215E-4,-35.58408137069937
-3.4527388815360105,1,-13.810955526144042,-2.0575376271905947E-6,1.6259685627923062E-6,2.622480784836185E-6,-111.62585162357061,141.68382084569674,6.8775582801200346E-12,-6.446758579157215E-4,0.005362720228986228,0.005417868374533363,96.91939022680715,1.8450337524657042E-4,-37.34321376457303
-3.4502562914689783,1,-13.801025165875917,-2.0529838858878264E-6,1.6292396879852101E-6,2.6209428454996928E-6,-111.63110175268511,141.562391250467,6.869731908963178E-12,-8.224976832869784E-4,0.0053069474416045604,0.005390425159162126,98.86305246562638,1.8257264804878262E-4,-37.38584040890311
-3.392786843166707,1,-13.571147372666843,-1.7170848330871743E-6,1.5102543934211008E-6,2.2867912572551693E-6,-112.81739321823473,138.660225105505,5.231883303422489E-12,-0.0045674124223220045,0.003185167143184044,0.00558484122541634,145.03457449810796,1.9600277335928435E-4,-37.078614611656675
-3.390304253099682,1,-13.561217012398714,-1.6929343728662306E-6,1.496360879859976E-6,2.259498561143594E-6,-112.92615009306691,138.51238557029185,5.111996372189803E-12,-0.004697374272888639,0.0030656680293046313,0.005623750072323406,146.80073856684254,1.9880783835932476E-4,-37.019573898910906
-3.3328348047974004,1,-13.331339219189609,-9.510078845609688E-7,9.948454052388638E-7,1.3763771971799575E-6,-117.24478432247635,133.66477876283258,1.9048029143938746E-12,-0.006738205569149347,-4.868735478943178E-5,0.006747055317368016,-164.7350557492126,2.8610712944835494E-4,-35.437184153856506
-3.330352214730368,1,-13.321408858921483,-9.126031789836775E-7,9.662378123175396E-7,1.3293479703951191E-6,-117.58197070684432,133.22117993368138,1.7826285712194502E-12,-0.006774936663634696,-1.8560022705349096E-4,0.006785257279589763,-178.45435144964404,2.8930820424277813E-4,-35.3873423359919
-3.2728827664280935,1,-13.091531065712374,6.547290577143808E-8,1.8763562279458015E-7,2.1337080242483214E-7,-133.8962461176905,65.57553890181914,5.710460286597137E-14,-0.006423683726731387,-0.003113346493923086,0.007144459019699303,-154.1462033590953,3.2071454122086873E-4,-34.93881516793944
-3.270400176361065,1,-13.081600705444256,1.0912858185740911E-7,1.5083364729591078E-7,2.1177604669969047E-7,-133.91571095470218,59.31524883398777,5.483427884039122E-14,-0.00635644002667405,-0.003216925072162553,0.007130725395860092,-153.12834163059333,3.1951276523505695E-4,-34.955948942964675
-3.2129307280587938,1,-12.851722912235175,1.0899311019943085E-6,-7.187819378974615E-7,1.3058934097753816E-6,-117.74273462919946,-33.242564445331475,1.7216082381805545E-12,-0.003802670002906253,-0.004896412670804185,0.006207304485167481,-127.78482023503337,2.4218968742237374E-4,-36.16174133995733
-3.2104481379917615,1,-12.84179255196705,1.1282410920241358E-6,-7.54648231487863E-7,1.3574807348708713E-6,-117.37255301778185,-33.719735661002886,1.8573287458079175E-12,-0.0036584215448966628,-0.00493024808453413,0.0061496804293458985,-126.47826036700143,2.3777114252500488E-4,-36.24412583507774
-3.152978689689494,1,-12.611914758757976,1.8697654413796895E-6,-1.492726831381122E-6,2.3925807991780168E-6,-112.43038701802476,-38.587813245755484,5.733356405680494E-12,1.1875840811548763E-4,-0.004802306730873241,0.004819082950064046,-88.4944628562754,1.46011471819771E-4,-38.36149896887383
-3.150496099622462,1,-12.601984398489847,1.89309212544536E-6,-1.5181771390622282E-6,2.4266876578473586E-6,-112.3030178247625,-38.72019977877411,5.89366943551327E-12,2.85900532146466E-4,-0.004757136712780308,0.004785362310860858,-86.48173535990938,1.4389317970909087E-4,-38.420219915343615
-3.093026651320187,1,-12.372106605280736,2.2042828227008846E-6,-1.922629148564719E-6,2.9249757544040625E-6,-110.67815878266923,-41.09319859141172,8.556630824846106E-12,0.0038889813726129753,-0.00295067972048154,0.004898201122507213,-37.27785299756009,1.5077401393581136E-4,-38.218233862942775
-3.090544061253155,1,-12.362176245012614,2.2063757576189937E-6,-1.930338165947729E-6,2.931623466241869E-6,-110.65783802681908,-41.182524717761254,8.594419730310184E-12,0.004017925272213918,-0.0028467081210056732,0.00493827565141071,-35.40723318497048,1.5333008568636016E-4,-38.14944646739106
-3.0330746129508803,1,-12.132298451803509,1.996640690512623E-6,-1.874744544369745E-6,2.738858532265906E-6,-111.2494172255047,-43.19944851866981,7.502803158707923E-12,0.006145822601743157,-1.0336738890967523E-4,0.0061544749175302185,-1.03047446211158,2.3808779942742755E-4,-36.23625074937699
-3.030592022883848,1,-12.122368091535394,1.976328701991228E-6,-1.8616327123966774E-6,2.7150833021309414E-6,-111.32808774143948,-43.29537569802825,7.377486633781959E-12,0.006190771236226447,1.8393280416746428E-5,0.006197528233100905,0.139565332478727,2.4137690712197182E-4,-36.1745882461533
-2.9731225745815806,1,-11.892490298326326,1.2821621517775585E-6,-1.3337266152015542E-6,1.8501126733830014E-6,-114.66769567957768,-46.14824131778261,3.4336413224812066E-12,0.006108260040922967,0.0026434300832279167,0.006660735384131033,23.394299142287878,2.78757029178784E-4,-35.54777378319823
-2.9706399845145484,1,-11.8825599380582,1.243848914507729E-6,-1.3020459715634914E-6,1.8007725909990545E-6,-114.92235400802977,-46.36011117185248,3.2606932291701096E-12,0.006054990218478334,0.002737190044230602,0.006650334330734087,24.3509060661932,2.7791089760987356E-4,-35.56173089043074
-2.913170536212281,1,-11.652682144849125,2.2474543832812248E-7,-4.140233392414019E-7,4.7222930774543507E-7,-126.73316851176354,-62.28960641349409,2.4324821617819E-13,0.0038473207793098675,0.0042790099322121125,0.005760614798274664,48.09097189133186,2.0859918577124928E-4,-36.81065780517793
-2.9106879461452486,1,-11.642751784580996,1.7752475160485968E-7,-3.7108208829736443E-7,4.417521936826298E-7,-127.09685826605228,-53.67889800299046,1.9516384786829255E-13,0.0037176667268706024,0.004311380948337924,0.005701616759289801,49.33402091629759,2.0442091737339038E-4,-36.902075902341934
-2.853218497842967,1,-11.412873991371878,-9.192980878661153E-7,6.628101930688649E-7,1.1338583553781831E-6,-119.04213497425603,144.58351229898258,1.3075951337178651E-12,2.4181845061620836E-4,0.004249748338204691,0.004270811893179024,86.86039157336259,1.1471982939151121E-4,-39.41198888883918
-2.850735907775938,1,-11.402943631103758,-9.637515288230421E-7,7.06295175866619E-7,1.1949846667421987E-6,-118.50055889457914,143.84768736695418,1.4492778320286706E-12,8.494677557604865E-5,0.004211628115463707,0.004231810339626562,88.95503668509718,1.1253766390239524E-4,-39.488359747963905
-2.7932664594736565,1,-11.173065837894631,-1.8624156061223124E-6,1.6208836749970284E-6,2.4690091861953775E-6,-112.16142208944913,138.98211209403507,6.110140498068312E-12,-0.0033591674076645806,0.0026456321571692847,0.004292505125794192,141.66549183294634,1.1579771508832878E-4,-39.365017895914
-2.7907838694066314,1,-11.163135477626522,-1.8927044635211202E-6,1.6534470013177037E-6,2.513231127779919E-6,-112.00079864613967,138.868257863149,6.3251441000308325E-12,-0.003485271458627928,0.002554555839281103,0.004334779856584002,143.64424725524327,1.1818401288450587E-4,-39.282918276469026
-2.7333144211043567,1,-10.933257684417446,-2.3576579235144216E-6,2.20045195193789E-6,3.2249996114847193E-6,-109.83069364431744,136.97813025757378,1.0403544536033219E-11,-0.0056386817289095816,1.390201220937684E-4,0.005647212104749049,178.51106362138458,2.0048994952677528E-4,-36.9841603849427
-2.7308318310373316,1,-10.923327324149328,-2.365577503326505E-6,2.212897501889239E-6,3.2392826328031598E-6,-109.79111093865313,136.91066116836876,1.0493167024214286E-11,-0.005688584284701309,3.14621181920168E-5,0.005694347862399306,164.7391508204214,2.0379010601010269E-4,-36.91041953973151
-2.673362382735064,1,-10.693449530940256,-2.2633712800034112E-6,2.228190679993384E-6,3.176122338056972E-6,-109.96237942566668,135.447472913409,1.008852549783237E-11,-0.005792740951408581,-0.0022919215485077502,0.00623373039269668,-158.42213584846874,2.4416312801641565E-4,-36.12328322836211
-2.670879792668032,1,-10.683519170672131,-2.246138615317724E-6,2.216175826179528E-6,3.1554168140644093E-6,-110.02128718247448,135.38077283921075,9.961814729403805E-12,-0.005749925475434859,-0.002375020035954498,0.0062254528620558315,-157.53366410632182,2.435347813137563E-4,-36.13518649218834
-2.6134103443657537,1,-10.45364137746302,-1.5838041819170781E-6,1.6683357565242832E-6,2.300406966727193E-6,-112.7719908321283,133.50105692517764,5.303082334060833E-12,-0.0038141897848687294,-0.003742910213909834,0.005349056102670586,-135.48888110186945,1.7987205193766074E-4,-37.45480439489699
-2.610927754298725,1,-10.443711017194902,-1.544995014823067E-6,1.6338009054451128E-6,2.2486615627587783E-6,-112.98358749059543,133.37498466085466,5.076952669721275E-12,-0.0036965188764571423,-0.0037716835387952953,0.005288375228558463,-134.3118436494624,1.7590068983375207E-4,-37.55668191767093
-2.5534583059964433,1,-10.213833223985773,-4.7401248561224077E-7,6.398056137100181E-7,7.965299956020955E-7,-122.08633424032169,126.31941102942481,6.596544703844739E-13,-4.7911327287950705E-4,-0.003719468991047299,0.0037634184026359633,-97.18889850757483,8.912833804138508E-5,-40.51255559508352
-2.550975715929418,1,-10.203902863717666,-4.229019542226859E-7,5.90797568999806E-7,7.402420365503699E-7,-122.82355162216268,120.6963816773363,5.60523097457661E-13,-3.3157714957659243E-4,-0.0036858441850899336,0.0037200039353718416,-94.99030882150123,8.697272150845595E-5,-40.608559602060055
-2.4935062676271436,1,-9.97402507050857,7.939332861443501E-7,-6.072517999766696E-7,1.0009048413020497E-6,-120.28706679675156,-36.29103541025974,1.0294561120522698E-12,0.002953982911233801,-0.0023042298801329315,0.0037630600663928395,-38.10080807298285,8.900446429518242E-5,-40.50896618657172
-2.491023677560115,1,-9.964094710240454,8.44532991355471E-7,-6.584063034957534E-7,1.0710041152879004E-6,-119.48016820592076,-37.82451238186386,1.176291402035284E-12,0.0030763475589145875,-0.0022239704724562274,0.003808865438972109,-36.01379171889746,9.129541132694432E-5,-40.408351561077986
-2.4335542292578474,1,-9.734216917031372,1.8965555274558286E-6,-1.7514583474929586E-6,2.58159920644566E-6,-111.77838346850585,-42.706328337935545,6.685093133668275E-12,0.005216746546110667,-9.932291938068018E-5,0.00522346937687126,-1.1751404754325532,1.7156375339917137E-4,-37.66260408205834
-2.431071639190808,1,-9.72428655676325,1.9334720336426446E-6,-1.7912291761923164E-6,2.6356978876656265E-6,-111.58967874173027,-42.80474940178059,6.960668098774407E-12,0.005269319375855511,-4.984114973233067E-6,0.005273954384181311,-0.09460079960271939,1.748263569513585E-4,-37.57693360971126
-2.3736021908885334,1,-9.49440876355414,2.540877398059283E-6,-2.482613971096837E-6,3.5523923003016116E-6,-108.99155192687176,-44.33277314610935,1.2624849976573512E-11,0.005498548259102312,0.002025007161939355,0.005862781153546951,20.208661964714604,2.1597023352849952E-4,-36.65619510069142
-2.371119600821501,1,-9.484478403286026,2.5539915016874723E-6,-2.499833833630773E-6,3.573807360336001E-6,-108.93767227816085,-44.385038641905695,1.2772988905823482E-11,0.005463380431362075,0.0020971625395116295,0.005855449005305648,21.021355294628577,2.1544838333862484E-4,-36.6674405334826
-2.3136501525192266,1,-9.254600610076912,2.542064522367942E-6,-2.5855211250351637E-6,3.6258876113082352E-6,-108.81183067260453,-45.48614884741222,1.314742219753479E-11,0.00373692046080654,0.0032720587124252173,0.004971093896388541,41.258494105824575,1.5536772191465905E-4,-38.09173592946541
-2.311167562452198,1,-9.244670249808799,2.5270802010606996E-6,-2.5745061544715396E-6,3.6075300537053293E-6,-108.8575059719152,-45.53503432708241,1.3019078136154536E-11,0.0036288613589903385,0.003295959972089569,0.004908271840956377,42.366021982689006,1.515652151107545E-4,-38.205973227912935
-2.253698114149927,1,-9.014792456599713,1.8762957975342686E-6,-2.0026802566216666E-6,2.744317269143309E-6,-111.23755071719788,-46.872263937470336,7.543397896626156E-12,6.266938514046895E-4,0.0032169262671596357,0.0032898123911955634,79.17018373478305,6.81622978122595E-5,-41.68371285747638
-2.251215524082898,1,-9.004862096331593,1.8361106245561128E-6,-1.9650383352661327E-6,2.6893836436037665E-6,-111.42440758332165,-46.95734931063218,7.256565299203936E-12,4.872948964980368E-4,0.0031860884724297326,0.0032427479339755044,81.50628037856099,6.609829305121688E-5,-41.80190347729887
-2.193746075780627,1,-8.77498430312251,6.938109641402473E-7,-8.57786423945357E-7,1.103361642662584E-6,-119.22109275041365,-51.12968156084818,1.2481832576973396E-12,-0.0026509527927188192,0.0019497024019339204,0.003307372939870267,143.46823532962753,6.877037612500749E-5,-41.6312989308059
-2.1912634857135984,1,-8.765053942854388,6.380598859092638E-7,-8.023543531541409E-7,1.027804744260432E-6,-120.21513646025441,-53.81654784271333,1.0917634564137252E-12,-0.002769307150119657,0.001878732248265751,0.003358210117156597,145.6562250338766,7.102893442537387E-5,-41.50512262849506
-2.1337940374113202,1,-8.535176149645276,-7.132060547175E-7,5.684157748763438E-7,9.184636364762529E-7,-121.15658340307894,130.6111934605153,8.709234514975663E-13,-0.004874864845950038,1.5877010419752454E-5,0.004879581540467373,-165.36788909365416,1.4974940280879808E-4,-38.25520501365535
-2.131311447344288,1,-8.525245789377157,-7.704010645547929E-7,6.275887336177972E-7,9.938330517818623E-7,-120.16337687786623,140.98191429823362,1.0266138834648484E-12,-0.004928572963229206,-6.613165542809863E-5,0.004932643644450785,-179.27298863697064,1.529433276018165E-4,-38.15840425126052
-2.0738419990420063,1,-8.295367996168043,-1.981606727249009E-6,1.9059117705479183E-6,2.749431419205488E-6,-111.23518035993436,136.13110974603433,7.587473651746382E-12,-0.005237710095297352,-0.001814159638095077,0.005545429398254003,-160.9042486772695,1.932227539446126E-4,-37.13957917117988
-2.071359408974981,1,-8.28543763589993,-2.0251731014936087E-6,1.953091465047367E-6,2.8135321155374635E-6,-111.0244193954854,136.04574664281574,7.935781441348103E-12,-0.005207991378466983,-0.001875445980975838,0.00553795366007507,-160.1749344208978,1.9272106360930484E-4,-37.15173929411342
-2.01388996067271,1,-8.055559842690846,-2.7702239982537886E-6,2.7907806005200007E-6,3.932256979793461E-6,-108.1097109575754,134.79068680895205,1.5471061231811972E-11,-0.003638892241811809,-0.0028504396387377517,0.004625605155566567,-141.8731456911315,1.3454229118834058E-4,-38.71798231361104
-2.0114073706056814,1,-8.045629482422727,-2.788086895935635E-6,2.812710738021518E-6,3.9604058025754885E-6,-108.04571763247286,134.74913273912512,1.5686723223513176E-11,-0.003538353759739063,-0.0028688408454824667,0.004560143545915577,-140.84033396261137,1.3087368082067823E-4,-38.84683885538247
-1.9539379223034103,1,-7.815751689213643,-2.8512141262172742E-6,2.9637552132150604E-6,4.112578820457336E-6,-107.71775235433077,133.89100513168714,1.6913450125526375E-11,-7.102931874474251E-4,-0.00274296862601786,0.0028452036752158075,-104.26726319747678,5.104786434515528E-5,-42.949279369549274
-1.9514553322363781,1,-7.8058213289455205,-2.8376291038666853E-6,2.9533605380847873E-6,4.095670943148659E-6,-107.75481040971127,133.8534931458024,1.6779320782661575E-11,-5.777262168430153E-4,-0.002713899605428603,0.0027951926897412742,-101.74483165985941,4.912138056266312E-5,-43.092862699895065
-1.8939858839341,1,-7.575943535736407,-2.1754641528693664E-6,2.3454347744601233E-6,3.1990242616688426E-6,-109.9048887052025,132.8426966560304,1.0247463221514069E-11,0.0024308247622002272,-0.0015979294593392484,0.0029253741659186192,-33.598213834725904,5.3828720068333526E-5,-42.69983092302893
-1.8915032938670713,1,-7.566013175468289,-2.132818773752066E-6,2.3040369959400786E-6,3.1396785325248947E-6,-110.07736176115823,132.78001076569646,9.885958569432234E-12,0.0025453149778545,-0.0015352123531444978,0.0029827704401814465,-31.32995064519825,5.6104011751293566E-5,-42.53917677457565
-1.834033845564793,1,-7.336135382259173,-8.934186979532741E-7,1.0665503429049759E-6,1.3913625676697737E-6,-117.19190876465163,129.89416002849526,1.9738830075448696E-12,0.004605989459996496,8.729628179229216E-5,0.004610424697358785,0.9975857372730761,1.3371341816102361E-4,-38.74913798310422
-1.8315512554977644,1,-7.32620502199106,-8.319498617726108E-7,1.0039193582133106E-6,1.3045459090929044E-6,-118.02051965875627,128.89014268704923,1.7514736064479442E-12,0.004659852158692103,1.5772496444086526E-4,0.004665219276299194,1.8983837500184615,1.368183424173175E-4,-38.64282303646269
-1.774081807195497,1,-7.096327228781976,6.76360094563707E-7,-5.572282827391068E-7,8.940765163634877E-7,-121.19480713504056,-33.716588008431174,8.182716517583248E-13,0.005016397318419268,0.0016363465548727115,0.005278315117009284,18.059171727771336,1.7505651246771622E-4,-37.568373812765685
-1.7715992171284647,1,-7.086396868513857,7.409573249166186E-7,-6.251121271541634E-7,9.69591316334663E-7,-120.41102360258422,-39.9784386365372,9.911174905970263E-13,0.0049904196048756325,0.0016870692561834516,0.005269746611265039,18.69825874614187,1.745108802347684E-4,-37.58306289604798
-1.7141297688261936,1,-6.856519075304775,2.1249974547985766E-6,-2.1019217045842796E-6,2.9889439932624342E-6,-110.51268989943132,-44.672533482185884,8.97136504280517E-12,0.0035359502953822876,0.0024639853820689842,0.0043122037914633815,34.92525005199151,1.1695175810475567E-4,-39.32812995254141
-1.7116471787591614,1,-6.846588715036653,2.1755307238169683E-6,-2.1569023473085794E-6,3.0635309727541593E-6,-110.28640787693979,-44.7466308382596,9.41245053211635E-12,0.0034411096187285293,0.002476745624404812,0.004243646007183326,35.87553215633315,1.133883823898598E-4,-39.47407115221829
-1.6541777304568868,1,-6.6167109218275435,3.058861030963661E-6,-3.145079099097256E-6,4.387276261887783E-6,-107.15906834687365,-45.79401014155071,1.926031933759101E-11,7.490145228306951E-4,0.0022965868668638626,0.0024268864656553264,72.26505094523637,3.7217450146079143E-5,-44.33744233668982
-1.6516951403898545,1,-6.6067805615594235,3.081184755243088E-6,-3.171650015729855E-6,4.42188867464614E-6,-107.08852428534261,-45.82792494361803,1.9556281811035734E-11,6.219546100688111E-4,0.0022688155036931605,0.002374632762383429,75.04374799403315,3.545936380890061E-5,-44.51020804741042
-1.59422569208758,1,-6.376902768350318,3.205878082647229E-6,-3.380618504214149E-6,4.658998458162695E-6,-106.63415879207946,-46.5198105139453,2.1706317483779197E-11,-0.0022780421378489793,0.0012600417209357436,0.002618862327971973,150.66015786215257,4.31817783212737E-5,-43.66640904469327
-1.5917431020205512,1,-6.366972408082201,3.1928284707650705E-6,-3.3702650206253148E-6,4.6425074541108285E-6,-106.66605173889118,-46.549830598277836,2.155809015835685E-11,-0.0023890833776263757,0.001204948164895445,0.002684189634845381,152.9662346218931,4.5509317896405395E-5,-43.46085968794052
-1.5342736537182802,1,-6.137094614873117,2.494079734631511E-6,-2.7076545749957627E-6,3.681285984821795E-6,-108.68473085463819,-47.354300592186334,1.3568140516938787E-11,-0.004402951218569685,-1.9209568060618668E-4,0.0044097356612787806,-162.67647659898202,1.223489174130913E-4,-39.13668839958495
-1.531791063651248,1,-6.1271642546049945,2.4477131239038114E-6,-2.6615063180334105E-6,3.6159342712423928E-6,-108.84945661043653,-47.4037103764337,1.310989717784924E-11,-0.004456386849404574,-2.515607392723042E-4,0.004465367661311753,-176.8051136413943,1.253520639826765E-4,-39.02327228487041
-1.4743216153489733,1,-5.897286461395903,1.0798977905237203E-6,-1.2678086747140362E-6,1.6654277524444255E-6,-115.62369124508221,-49.617299427838084,2.8214085319413485E-12,-0.0048372780099795835,-0.0014736780745873476,0.0050580012430275195,-163.06183430514344,1.6074731850433517E-4,-37.938683428416304
-1.4718390252819482,1,-5.887356101127777,1.0113478998781777E-6,-1.1967946508302323E-6,1.5672552997133078E-6,-116.36479109013386,-50.222198656033505,2.5207050514084822E-12,-0.004813712157188395,-0.0015143036421367247,0.005047574621152323,-162.51853961855824,1.601129473290362E-4,-37.957393088172005
-1.414369576979663,1,-5.657478307918658,-6.838243967694858E-7,5.81745803330887E-7,9.254067378728474E-7,-120.80490834115162,130.90473278958976,8.708736780910541E-13,-0.0034385470662306804,-0.0021014265749232023,0.004031591676794508,-148.51500663397596,1.0225223983088404E-4,-39.91355365138469
-1.4118869869126343,1,-5.647547947650542,-7.569459597154736E-7,6.594064375202488E-7,1.0040471696843837E-6,-120.13239508428583,139.1215643684444,1.074657323938294E-12,-0.0033478140066734766,-0.002108773674362948,0.003959582711572888,-147.65876035669683,9.877180723585079E-5,-40.07902811805038
-1.3544175386103596,1,-5.417670154441433,-2.3343596428424606E-6,2.3553520202314466E-6,3.316173753736867E-6,-109.61217765134425,134.756831980133,1.1046555331610961E-11,-7.56638846793935E-4,-0.0018765015136401578,0.0020340939316141234,-111.5214625626215,2.6238117185159402E-5,-45.882199792851814
-1.351934948543331,1,-5.407739794173321,-2.392434926733311E-6,2.4187712695796173E-6,3.4020955011539564E-6,-109.37677224153505,134.69259043702579,1.161066119501514E-11,-6.337855190026813E-4,-0.0018499779282907013,0.0019803834863573533,-108.38687788382819,2.4666678770503875E-5,-46.08801291505779
-1.2944655002410634,1,-5.177862000964253,-3.419378296122615E-6,3.565269310759939E-6,4.939972516722786E-6,-106.1287241935559,133.80533101187362,2.4419925303232745E-11,0.002180556565485237,-9.441303211677293E-4,0.0023900237750434047,-23.939563158602596,3.602783908565705E-5,-44.470792662285945
-1.2919829101740312,1,-5.16793164069613,-3.446006169457446E-6,3.596466415059252E-6,4.980919713606789E-6,-106.0545903698231,133.7769435437357,2.4814209999647146E-11,0.00228873134511317,-8.963449687420107E-4,0.00246426962934158,-21.670403991075876,3.843143610706013E-5,-44.209557453040006
-1.2345134618717708,1,-4.938053847487063,-3.6200258113711603E-6,3.854819858335355E-6,5.288123526638076E-6,-105.53397107956971,133.20081468419318,2.7964269200940503E-11,0.004259304012103262,2.8505236086266033E-4,0.004270551989735527,3.7578469132417505,1.1476309796118727E-4,-39.41597906573069
-1.2320308718047315,1,-4.928123487218933,-3.6066170909834555E-6,3.843775316638293E-6,5.270894353493936E-6,-105.56332526451499,133.1758505725229,2.7788499462415383E-11,0.004312010250505817,3.3406736218379463E-4,0.0043261505146174545,4.400234022883238,1.1765839702263286E-4,-39.29840802926191
-1.1745614235024533,1,-4.698245694009817,-2.8435482658944368E-6,3.1022093271149015E-6,4.208266280688689E-6,-107.52244173722535,132.50644794293973,1.7729753208803405E-11,0.004701009229779753,0.0013128565394778442,0.004881674798740438,15.60033895877332,1.49734205707259E-4,-38.24685937741151
-1.1720788334354246,1,-4.688315333741695,-2.792015337164975E-6,3.049988444874143E-6,4.134953257822402E-6,-107.68399616653755,132.4653408406596,1.7142122578873192E-11,0.004678808990751684,0.0013439751040515051,0.004868841423813904,16.04391132955428,1.4898263230050607E-4,-38.27078673016311
-1.1146093851331464,1,-4.458437540532569,-1.2588426215768886E-6,1.4651566269453027E-6,1.931705947513547E-6,-114.33317686837587,130.63565434069008,3.7927392101121814E-12,0.0033533499749978184,0.0017545110015558668,0.0037857887233109636,27.67050038298443,9.01924054898676E-5,-40.46113274042558
-1.1121267950661142,1,-4.448507180264456,-1.1815607106065754E-6,1.3841517143550643E-6,1.8201452426993915E-6,-115.04762637486864,130.1688604219352,3.3966037232217273E-12,0.003265324387096022,0.0017569515299922533,0.003710118499466639,28.416469184995442,8.677702286734083E-5,-40.64823384440061
-1.0546573467638432,1,-4.21862938705537,7.374891009880769E-7,-6.488270594525387E-7,1.0168966409626422E-6,-119.95980267929946,-34.936724758337526,1.049040297434818E-12,7.428470053527561E-4,0.0014819464372984184,0.001667971392962904,63.9750783572966,1.7757555616497607E-5,-47.624840476080394
-1.052174756696811,1,-4.208699026787249,8.205702181549038E-7,-7.377453186879518E-7,1.1035972282822208E-6,-119.32215318560503,-41.78794718999861,1.3048507906481762E-12,6.229440260193024E-4,0.0014569325375668701,0.0016137982839430503,67.6050936078962,1.6379736748007237E-5,-47.86597087919327
-0.9947053083945434,1,-3.978821233578178,2.6186983352510843E-6,-2.682061500787617E-6,3.748482545814994E-6,-108.54856385129999,-45.673152891781996,1.4116090531883676E-11,-0.0021293201612070985,6.562646076427195E-4,0.0022391641593059305,162.22179024378377,3.170811293150632E-5,-45.05475067420101
-0.9922227183275112,1,-3.9688908733100483,2.685143210880232E-6,-2.7548564322946277E-6,3.846983198365159E-6,-108.3096284780506,-45.72876708883667,1.484725371466853E-11,-0.0022353094016209583,6.156957987031899E-4,0.002322653048654526,164.33613093730693,3.4202910365577094E-5,-44.72925435150278
-0.9347532700252366,1,-3.7390130801009462,3.865550507874695E-6,-4.072387682442288E-6,5.6148780554575536E-6,-105.01650002088641,-46.49094194938127,3.1548882213310265E-11,-0.004169610160458312,-3.5640985544097616E-4,0.004185840856619504,-160.26324383190754,1.1026298713059844E-4,-39.59037367293485
-0.9322706799582043,1,-3.729082719832821,3.896446337942836E-6,-4.10829851851705E-6,5.662194025628681E-6,-104.94112082625645,-46.5152693610702,3.206672007703249E-11,-0.004221474613899245,-3.9542652511149524E-4,0.004240663301135266,-174.67138184127617,1.1305170201424437E-4,-39.47167286848938
-0.8748012316559262,1,-3.499204926623709,4.108472918518611E-6,-4.407254723153592E-6,6.0252361072679065E-6,-104.40052030930319,-47.00947911771029,3.6303484466653795E-11,-0.004607148034024505,-0.0011445913538672943,0.004747652794255691,-166.04944081803424,1.4162468443686875E-4,-38.488634221939975
-0.8723186415888975,1,-3.4892745663555904,4.09376174226794E-6,-4.394656702367314E-6,6.005990626453311E-6,-104.42930219075734,-47.03096331462094,3.607981108051323E-11,-0.004585473032184288,-0.0011668959909809738,0.004732096071659397,-165.7076250562664,1.4074065792527645E-4,-38.518532423564274
-0.8148491932866229,1,-3.2593967731465074,3.2355859700885748E-6,-3.5443313037068836E-6,4.799097386664421E-6,-106.38130184945315,-47.609558366768574,2.3057589742884058E-11,-0.003284437262370269,-0.0014178522102514485,0.003578116043892575,-156.60525640158363,8.059825935374557E-5,-40.952514773274764
-0.8123666032195977,1,-3.249466412878385,3.1772308688878993E-6,-3.484376110815848E-6,4.715477840799489E-6,-106.54293206089845,-47.64527168561795,2.229347108790583E-11,-0.0031978694594316896,-0.0014160993537262253,0.003498748973919884,-155.9909239645723,7.723127160468401E-5,-41.162484843926606
-0.7548971549173267,1,-3.019588619669307,1.4354255319143892E-6,-1.6638488563305807E-6,2.1974890103736286E-6,-113.21395025438561,-49.24431530873247,4.9090772554851505E-12,-7.143026501859416E-4,-0.0011129176963992197,0.0013318252004457967,-121.86861014026505,1.1464833708601652E-5,-49.61332414847261
-0.7524145648502945,1,-3.00965825940118,1.3474393722487157E-6,-1.5707744543435955E-6,2.0697623914845394E-6,-113.9384369593051,-49.66368578330203,4.393797068632633E-12,-5.961451801058021E-4,-0.0010898918795371163,0.0012785717386570674,-117.56107634728166,1.027727470909951E-5,-49.8863781180123
-0.6949451165480198,1,-2.779780466192072,-8.405168489235604E-7,7.651214000667224E-7,1.175191945630051E-6,-118.71210971851328,129.31609308300807,1.4022617832203018E-12,0.0021176465626773964,-4.010147258143108E-4,0.002162564884585105,-11.404411702184467,2.96729951627552E-5,-45.38204332907138
-0.6924625264809876,1,-2.7698501059239518,-9.353411292555063E-7,8.672635931670436E-7,1.2756664776560484E-6,-118.0611556429924,137.3069575985912,1.7414771091088488E-12,0.0022221837933759626,-3.677117291728033E-4,0.0022546543549164222,-9.6082451763083,3.2269256566541496E-5,-44.99108251797097
-0.6349930781787094,1,-2.539972312714842,-2.9890951384072092E-6,3.0995054749597924E-6,4.3060085218792344E-6,-107.34400911137827,133.97120592133246,1.8626955428682735E-11,0.004129414376862001,3.994970125137715E-4,0.004149221843965946,5.485378581035216,1.0834259997955932E-4,-39.666714635401384
-0.6325104881116808,1,-2.5300419524467266,-3.065018279083638E-6,3.182986188323082E-6,4.418799565336322E-6,-107.10587013622124,133.92303862993074,1.9588643481281642E-11,0.004180450895107177,4.2894565846643537E-4,0.004202752923473915,5.842970270623219,1.1103458134672476E-4,-39.54949938769081
-0.5750410398094132,1,-2.3001641592376476,-4.41376417075129E-6,4.69067674049522E-6,6.440791567256987E-6,-103.82449350174215,133.25932765967045,4.1512542792585445E-11,0.0045547031584069,9.630350247917545E-4,0.0046556220091667055,11.938413145352444,1.3618690234365173E-4,-38.658647545382806
-0.572558449742381,1,-2.2902337989695267,-4.449024670058115E-6,4.731543726145803E-6,6.494717654645435E-6,-103.74959306981057,133.23801727983087,4.218944085549861E-11,0.004532861811269984,9.773068774276195E-4,0.00463725008532512,12.178619835302872,1.3516500111725586E-4,-38.694729372206254
-0.5150890014401135,1,-2.0603560057604495,-4.688691068553854E-6,5.0628788651002465E-6,6.9004777554226E-6,-103.22241962237672,132.80248648632303,4.761662432078342E-11,0.0032342099059064653,0.0010885622768205218,0.003412841488962919,18.6379118425271,7.33534289663341E-5,-41.36470001397214
-0.5126064113730813,1,-2.0504256454923238,-4.67167351342446E-6,5.047746239372477E-6,6.877812682107661E-6,-103.2520241494815,132.7834319457904,4.731501447398262E-11,0.0031479691789828247,0.001083473918066154,0.0033299284962048353,19.09551230392013,7.001578605065E-5,-41.597297939721756
-0.45513696307079954,1,-1.820547852283212,-3.683971937524454E-6,4.053017674747245E-6,5.477101225833164E-6,-105.23360517572219,132.26711664261146,3.0033850962295355E-11,6.756019133957755E-4,7.70082067706641E-4,0.0010321149972026054,49.8511350092774,7.064865854647705E-6,-51.88914903646148
-0.4526543730037744,1,-1.8106174920150913,-3.616888944577217E-6,3.983286927088528E-6,5.380383065391377E-6,-105.39756499258888,132.2350091989977,2.9025634947711987E-11,5.58037885087649E-4,7.496559891785777E-4,9.81666837376048E-4,55.02711871677941,6.054917237257502E-6,-52.17891994711402
-0.3951849247014927,1,-1.5807396988059748,-1.6156498832416073E-6,1.8713697674751983E-6,2.4723422392900326E-6,-112.19270506537282,130.77839529891696,6.2192231916758776E-12,-0.0021405427797345574,1.816481850078309E-4,0.002151839995543321,174.58546874025419,2.946395954506509E-5,-45.4504893667853
-0.392702334634464,1,-1.570809338537859,-1.5146034602744551E-6,1.7635893223554707E-6,2.3249625382112598E-6,-112.9553768409189,130.35629704703206,5.551659245229652E-12,-0.0022443854643075935,1.5572945595131453E-4,0.0022507455795318866,160.980720598342,3.217121335271897E-5,-45.00743724564945
-0.33523288633219295,1,-1.3409315453287753,9.969264376949825E-7,-9.375444572816832E-7,1.4080181099530282E-6,-117.17855020247234,-36.62470958726291,2.019299269604723E-12,-0.004135068484943795,-4.1030161042649853E-4,0.004155587802013424,-174.35856489686535,1.0867023221769635E-4,-39.65314989521769
-0.3327502962651643,1,-1.3310011850606527,1.1057001977364727E-6,-1.055477410328376E-6,1.5286970262381154E-6,-116.4783470489432,-43.553307598818165,2.4881072404267977E-12,-0.00418537569667626,-4.306243915647988E-4,0.004207603593456238,-174.1346675696071,1.1128515919506908E-4,-39.53927136122443
-0.2752808479628932,1,-1.1011233918515764,3.4592730933532553E-6,-3.628251787307519E-6,5.0130697703545194E-6,-106.02265775572668,-46.35716158642465,2.5243338308070468E-11,-0.004542488551749041,-7.652470309172745E-4,0.00460657406682675,-170.4371738844539,1.333326198627616E-4,-38.75064441221558
-0.272798257895861,1,-1.0911930315834475,3.5461327409832193E-6,-3.7242137755881784E-6,5.142458493396707E-6,-105.78819232422164,-46.39906022624207,2.6527344774993193E-11,-0.004519900543291667,-7.723392379108196E-4,0.004585488465151727,-170.29588180268013,1.3217365171146962E-4,-38.79256389036459
-0.21532880959358636,1,-0.8613152383743427,5.084466781968404E-6,-5.449884524741049E-6,7.453393823822676E-6,-102.55609098201259,-46.98542235769161,5.5590383419875024E-11,-0.003204126855715513,-7.657625407379628E-4,0.0032944791591971597,-166.53627048080187,6.837982472338068E-5,-41.672644102518454
-0.21284621952655414,1,-0.8513848781062195,5.124364450953878E-6,-5.496180553874588E-6,7.514462394247545E-6,-102.48279070907934,-47.0044840999317,5.647728141269918E-11,-0.0031171801888817286,-7.582847795619176E-4,0.0032083376488228404,-166.2598576677936,6.504657358031631E-5,-41.9255605222359
-0.1553767712242795,1,-0.6215070848971114,5.382810478983841E-6,-5.853309545453277E-6,7.95210102809479E-6,-101.99036868474555,-47.397839009216106,6.323600523070865E-11,-6.301152164201963E-4,-4.544863848243274E-4,7.814159422836327E-4,-142.9037668465893,4.265938379272069E-6,-54.41559077548677
-0.1528941811572473,1,-0.6115767246289929,5.36242286175301E-6,-5.834553231612453E-6,7.92449528138121E-6,-102.021668733951,-47.41518749609529,6.281277933791649E-11,-5.120442805236411E-4,-4.3733252806910463E-4,7.358206250488824E-4,-136.7526466120171,3.4130189016638803E-6,-54.694871018692325
-0.09542473285497977,1,-0.38169893141991407,4.2066054224482855E-6,-4.653315031854273E-6,6.272870978435943E-6,-104.05551150045522,-47.888250466178555,3.939738794441839E-11,0.002194064795868773,-1.362882699636554E-7,0.0021951418361960914,-0.3292650153217471,3.0705375457817E-5,-45.29127533921355
-0.09294214278794755,1,-0.37176857115179013,4.128589916688266E-6,-4.571320772963878E-6,6.159731895921173E-6,-104.2232000486321,-47.917889700345235,3.804738592591032E-11,0.0022979794564628726,1.8269270418623296E-5,0.002298309016153233,0.38308862331244325,3.3536470855309494E-5,-44.82500884349848
-0.03547269448568002,1,-0.14189077794271363,1.8079115186167774E-6,-2.0987840405433253E-6,2.7701231836266836E-6,-111.20865427557976,-49.284915933501765,7.818233346937672E-12,0.0041835086552749106,3.8716036713345395E-4,0.004201435114392917,5.275582393833681,1.1107290650569219E-4,-39.55744487840208
-0.03299010441864425,1,-0.13196041767458372,1.6909709295604706E-6,-1.972965824119675E-6,2.598763929140131E-6,-112.03539081480649,-49.75298203808139,6.950832146829801E-12,0.004233248376162427,3.988336053453522E-4,0.0042520196585404384,5.378552150899358,1.1364113267910808E-4,-39.44785554806034
0.024479343883626825,1,0.09791737553452347,-1.210990575225724E-6,1.173318876722071E-6,1.7237306333049399E-6,-115.4850713579789,127.64216427940428,3.0400321263614904E-12,0.004569387527303349,5.506773607406774E-4,0.004602460893183566,6.872099571592357,1.3309513152587048E-4,-38.75841991026697
0.026961933950659045,1,0.1078477358026467,-1.3364637531268577E-6,1.3103879333317501E-6,1.8717800263716054E-6,-114.7052842743061,135.65473750007783,3.706103019460315E-12,0.0045455648259099864,5.514940021993477E-4,0.004578905103856241,6.920078011500557,1.31802575699732E-4,-38.80534288325473
0.08443138225294078,1,0.33772552901175734,-4.046199779808489E-6,4.293568596169982E-6,5.899708147997672E-6,-104.60705526444042,133.3083785045417,3.4956423289670745E-11,0.0031953416375150776,4.500356551358734E-4,0.003226886840160142,8.023558092615875,6.562408774602817E-5,-41.85384443332939
0.08691397231996945,1,0.3476558892798758,-4.145922621352131E-6,4.4044662868460265E-6,6.0488061992236545E-6,-104.37773659297044,133.27158654939248,3.669711138041641E-11,0.0031067428674364716,4.4114939443337875E-4,0.003137927516209121,8.10239880784274,6.226143407798843E-5,-42.12255966400666
0.14438342062224052,1,0.577533682488956,-5.903918498467507E-6,6.388170848210641E-6,8.698564282561082E-6,-101.21407819197712,132.74510000264132,7.571363959329606E-11,5.807475753321395E-4,1.671725182885281E-4,6.049626345690848E-4,16.76070492030972,2.778860237672669E-6,-56.79578902553997
0.1468660106892692,1,0.58746404275708,-5.94898543578944E-6,6.44071797623308E-6,8.767742815705799E-6,-101.14293018913821,132.7276954755462,7.688593530430924E-11,4.611187363111263E-4,1.5396210290847853E-4,5.6549195523263E-4,8.932257260370772,2.0560381431123257E-6,-57.04001592493293
0.20433545899154026,1,0.8173418359661566,-6.220146325506672E-6,6.820444096887531E-6,9.230856531690878E-6,-100.69517310216763,132.36429969029476,8.520897118325318E-11,-0.002274721720624456,-1.4292585396860993E-4,0.0022792760643352197,-176.48402066495638,3.3099470539402455E-5,-44.96315632873088
0.20681804905857248,1,0.8272721962342866,-6.195285414619009E-6,6.796889019025861E-6,9.196700650196793E-6,-100.72854674320409,132.34813885337465,8.460127971493416E-11,-0.0023794813291433572,-1.5372359754786127E-4,0.002384451214658759,-176.31692148486746,3.6074075708893596E-5,-44.50344703742917
0.26428749736084356,1,1.0571499894433933,-4.828184992715006E-6,5.379775228223153E-6,7.228651268370698E-6,-102.82395333256575,131.90519026326476,5.23214147548384E-11,-0.004272042992234458,-3.305011646886247E-4,0.0042848085239433524,-175.57691515160568,1.1551519346318073E-4,-39.38632631084578
0.26677008742787933,1,1.0670803497115169,-4.73667480917171E-6,5.282487788727745E-6,7.095128337043819E-6,-102.99594327851699,131.87728014804094,5.048648464771306E-11,-0.004321436956816542,-3.340451016832169E-4,0.004334329173675914,-175.57928790274735,1.1807812410537398E-4,-39.28114475908028
0.3242395357301575,1,1.296958142920626,-2.025103073163216E-6,2.3630821705377535E-6,3.1121328900274815E-6,-110.20203011278453,130.56877865863893,9.884473482877185E-12,-0.004634592438498429,-3.2066512853625584E-4,0.004645675596337255,-176.04224860954795,1.3560696086422592E-4,-38.67726684014499
0.3267221257971862,1,1.3068885031887445,-1.8888234238722197E-6,2.2149974093278693E-6,2.911408217436867E-6,-111.11827928663371,130.00202157080952,8.746225525703146E-12,-0.004609137605860121,-3.1613389761381625E-4,0.004619974196066326,-176.07893239878635,1.3418390151946253E-4,-38.72801664848288
0.3841915740994537,1,1.536766296397822,1.486353279396861E-6,-1.4795150400803105E-6,2.1305185628845806E-6,-113.73631216715776,-38.26446986101396,4.6667324520992625E-12,-0.0032092895114381056,-1.4286934579314526E-4,0.0032124871626211158,-177.4610894514649,6.505470670791848E-5,-41.893491234423315
0.3866741641664895,1,1.546696656665947,1.6320011898215986E-6,-1.6401110461716146E-6,2.3138089634938534E-6,-112.85007595971273,-45.07088429854129,5.628947078706497E-12,-0.00311817819548039,-1.3353937228224733E-4,0.003121082688251641,-177.58041740103192,6.161788320333302E-5,-42.17195341508061
0.44414361246875345,1,1.7765744498750178,4.770807660830689E-6,-5.127222967226347E-6,7.003507926156089E-6,-103.11625913439191,-47.05590377313864,4.9251703691175775E-11,-5.306388873345611E-4,9.122214644403209E-5,5.398832359972645E-4,154.10585151670932,2.3250144256056335E-6,-57.872542939292515
0.44662620253578567,1,1.7865048101431489,4.885976041613383E-6,-5.2564358188229386E-6,7.176555383234455E-6,-102.89232144581379,-47.08870204446807,5.1649253975553413E-11,-4.0844675057001556E-4,9.987091546182622E-5,5.063915914016348E-4,161.9633243871498,1.700416750366553E-6,-58.07364113304915
0.5040956508380674,1,2.0163826033522527,6.906497399566631E-6,-7.555974395701929E-6,1.0236820952145763E-5,-99.7995847706138,-47.57027795496448,1.0485679181493321E-10,0.0023789340687935885,2.484111297120331E-4,0.00239199646873957,6.060768248856292,3.641761230664066E-5,-44.53407540633958
0.5065782409050925,1,2.026312963620377,6.957666938739109E-6,-7.616134029484579E-6,1.0315748808302843E-5,-99.73061140981804,-47.586501696155445,1.0643059909110135E-10,0.0024853271131286534,2.515712425081783E-4,0.002498085823363802,5.8112221161920825,3.9564731278224725E-5,-44.09678793565097
0.5640476892073707,1,2.25619075682949,7.240631196052009E-6,-8.02161825079114E-6,1.0806162217217314E-5,-99.32659209997648,-47.92941376209255,1.1677373080396025E-10,0.004398172490575521,2.4259746583657344E-4,0.004404885396960944,3.16512485739282,1.2207086352822007E-4,-39.14585869470166
0.5665302792744029,1,2.2661211170976094,7.210204542581061E-6,-7.992053407058927E-6,1.0763829160877423E-5,-99.36193632602073,-47.94477523421035,1.158922063822156E-10,0.00444751631088965,2.385736823873755E-4,0.0044539446933453105,3.074269963971456,1.2468110746765825E-4,-39.044550712175756
0.623999727576674,1,2.4959989103066915,5.583945196151558E-6,-6.281668576293411E-6,8.404752374549868E-6,-101.51484871773326,-48.36702161125386,7.073652462363839E-11,0.004737848190011936,7.795932274152313E-5,0.004738527436030175,0.9418208984683609,1.4108248892746097E-4,-38.50539702790201
0.6264823176437027,1,2.505929270574817,5.475952781879303E-6,-6.165392589588995E-6,8.24610353854824E-6,-101.69085255883299,-48.393685078277485,6.820289661559413E-11,0.004710468720520411,6.899851022864128E-5,0.004711032049350987,0.8318932249842879,1.3952960871814774E-4,-38.55863207898713
0.6839517659459737,1,2.735807063783892,2.2876492356123484E-6,-2.6910251406019663E-6,3.5320202644627655E-6,-109.10729577329029,-49.659345817502164,1.2753294678041158E-11,0.003248249830463891,-1.5386202190301908E-4,0.003252013136352029,-2.7375232915871432,6.667333114514206E-5,-41.78768401245899
0.686434356013006,1,2.7457374240520216,2.1277908069406276E-6,-2.515260021639799E-6,3.2951640413847348E-6,-110.13392630187893,-50.39525650414112,1.1232916617851984E-11,0.0031538588328400108,-1.6273487784192225E-4,0.003158348051985984,-3.036593077809051,6.310526687399376E-5,-42.069669652084706
0.7439038043152806,1,2.9756152172611254,-1.824630160914341E-6,1.861823445490275E-6,2.634846802362648E-6,-112.00513651854959,125.99116328188775,7.16801974629035E-12,4.838218620536174E-4,-3.20817136612134E-4,5.894535310151596E-4,-36.156827023508434,2.6496293001746497E-6,-57.0291940682703
0.7463863943823128,1,2.9855455775292494,-1.994918580334277E-6,2.0517774521026447E-6,2.861789767382753E-6,-110.9929801375865,134.2528689451767,8.570435642511625E-12,3.581011329394912E-4,-3.2438046026226584E-4,5.606113608121798E-4,-42.59552411125587,2.0870478872960895E-6,-57.19338377334223
0.803855842684591,1,3.215423370738358,-5.658827269949557E-6,6.16957777890717E-6,8.371746253421513E-6,-101.56533449377778,132.53312002832467,7.036521337103152E-11,-0.0025025344808671554,-3.1871487933645185E-4,0.0025234326698666248,-172.53334594958363,4.0482078923591386E-5,-44.058554023243694
0.8063384327516196,1,3.225353731006477,-5.792963353509695E-6,6.321816543131292E-6,8.574606199484383E-6,-101.34595929465155,132.50327400132153,7.372435127760484E-11,-0.0026113853167710425,-3.142897373548617E-4,0.002630499383924451,-173.07421516096898,4.384126784277759E-5,-43.64613508358466
0.8638078810538872,1,3.4552315242155545,-8.137820252374629E-6,9.021329235873608E-6,1.2149426323583313E-5,-98.31165917999279,132.05344042153322,1.476957320934939E-10,-0.004559437874864591,-1.2731829461205254E-4,0.004561315027207064,-178.3858902065632,1.3088709501904352E-4,-38.84243664349843
0.8662904711209194,1,3.46516188448368,-8.196654061748105E-6,9.091308179298329E-6,1.2240795830759679E-5,-98.24438997957408,132.03799685629724,1.4985792252558763E-10,-0.004609131297822688,-1.1631654686106063E-4,0.004610700435500444,-163.6408000570931,1.3360890311555569E-4,-38.74402154380019
0.9237599194231869,1,3.695039677692754,-8.499652045560462E-6,9.537136223195715E-6,1.277501889189224E-5,-97.87279829999066,131.70786187879162,1.6320221833321825E-10,-0.004879696868515768,1.7371807658042357E-4,0.0048828858440546855,177.9596155298723,1.4980998372742665E-4,-38.24474636802172
0.9262425094902227,1,3.704970037960885,-8.462677164310871E-6,9.500420870737521E-6,1.2723009402296377E-5,-97.909535732437,131.69299478992056,1.619220177535143E-10,-0.004850234561534059,1.8623636236009096E-4,0.0048539460299767915,177.7898688356825,1.4812522722137703E-4,-38.29910946183422
0.9837119577924938,1,3.934847831169991,-6.525089245047262E-6,7.43096508493024E-6,9.889191448478098E-6,-100.10230678071635,131.2844358827925,9.793454979586306E-11,-0.0033158891472794627,4.383331024876233E-4,0.0033450130276035535,172.43146657121645,7.054219035669752E-5,-41.54281912204614
0.986194547859526,1,3.9447781914381155,-6.397127745774532E-6,7.29118767113547E-6,9.699731315175948E-6,-100.28112171223104,131.25870886690703,9.437582484587423E-11,-0.003217560389898454,4.4595557924243185E-4,0.003248987922165947,171.98656252021132,6.677276098454848E-5,-41.82321014696635
1.0436639961618077,1,4.174655984647225,-2.6281022946758823E-6,3.1254309321435113E-6,4.083565876119203E-6,-107.85044541543598,130.03238507659484,1.7069640834989696E-11,-4.458553512388891E-4,5.227466436949909E-4,7.029712590459483E-4,127.82266267919249,3.536794445959605E-6,-55.3816130372689
1.04614658622884,1,4.184586344915344,-2.439380110171792E-6,2.914982109281852E-6,3.80193867626721E-6,-108.98500068140348,129.0768110550246,1.4983566107863428E-11,-3.1567376951574137E-4,5.208265435317309E-4,6.768010753946539E-4,121.84656688107377,2.9947152434309926E-6,-55.52124401512452
1.1036160345311075,1,4.414464138124425,2.223042774326206E-6,-2.321959216789085E-6,3.2384055664161027E-6,-110.32557522314903,-39.96078458934541,1.0859468048542763E-11,0.002640280595877049,3.5774353026410427E-4,0.0026658086289580753,7.9894016131035785,4.513430530739583E-5,-43.573084635188096
1.1060986245981361,1,4.42439449839255,2.423809883869962E-6,-2.5491233891740254E-6,3.517569412097252E-6,-109.19404447262349,-46.393834705285514,1.2910689406190023E-11,0.00275248027601232,3.458739055287495E-4,0.0027746755970242043,7.247544967955953,4.87553746105378E-5,-43.181160305399096
1.1635680729004072,1,4.654272291601629,6.7416163351338715E-6,-7.471962529617962E-6,1.0063784721897337E-5,-99.96585157396314,-47.93635178867906,1.0167352974756541E-10,0.0047532558038795875,-1.0123719216139818E-5,0.004753460034972716,-0.10245299063655601,1.421412659613884E-4,-38.48384744026558
1.1660506629674394,1,4.664202651869757,6.8996079342014864E-6,-7.653890442205785E-6,1.030469483564448E-5,-99.74931024807151,-47.96421460184524,1.0646932564285565E-10,0.0048038483334601366,-2.7506187998064182E-5,0.004804110726624861,-0.32014121724888955,1.4505193015471125E-4,-38.387061473318745
1.223520111269714,1,4.894080445078861,9.658980829308351E-6,-1.0877296636068076E-5,1.4546875048576069E-5,-96.74732519022798,-48.39419152118221,2.117341525560105E-10,0.0050616933642968695,-4.300357319113697E-4,0.005080095160870689,-4.858065737390138,1.6215542881439866E-4,-37.90084263544179
1.2260027013367427,1,4.904010805346983,9.728026786145377E-6,-1.0960641695925788E-5,1.4655041940901647E-5,-96.68082517188884,-48.40920510952592,2.1479926148317336E-10,0.005030168324100685,-4.453232919424917E-4,0.005050068088736287,-5.0732588266066,1.6033594699612326E-4,-37.95503309813875
1.283472149639021,1,5.133888598556085,1.0075000318057893E-5,-1.148147230896878E-5,1.5275140411678956E-5,-96.32032746729291,-48.73311352254502,2.3333163122994585E-10,0.00341777591233654,-7.09076202953452E-4,0.003491002754346055,-11.767610757742203,7.682835495486359E-5,-41.17151616599608
1.2859547397060531,1,5.143818958824204,1.0030786114156989E-5,-1.1436748108450397E-5,1.5212362392755266E-5,-96.3574128449512,-48.747736904324285,2.3148388927238246E-10,0.0033149848644361954,-7.148007305805425E-4,0.0033922419677204652,-12.316456506752356,7.277388883360455E-5,-41.44678807674428
1.3434241880083242,1,5.373696752033282,7.72690692975402E-6,-8.934772111523585E-6,1.1812508057377383E-5,-98.55871740543,-49.14804276921253,1.3973428003662428E-10,4.244546014741863E-4,-6.992851144072728E-4,8.377421911974659E-4,-61.020032012819584,4.824735540306206E-6,-53.77851361204421
1.3459067780753529,1,5.383627112301406,7.5749204326476385E-6,-8.765992296907132E-6,1.1585430905154008E-5,-98.73819429222475,-49.17302422828764,1.3464020479324685E-10,2.8890580578431574E-4,-6.916319344542203E-4,8.11930756883888E-4,-66.65698629352913,4.252967424594821E-6,-53.90704704930389
1.403376226377624,1,5.613504905510491,3.0983420840801753E-6,-3.735578407820672E-6,4.853310524324028E-6,-106.35154923685573,-50.35367589543141,2.4121171021023174E-11,-0.0027853291897313474,-3.708229708269114E-4,0.002812051128538058,-172.10168741185436,5.0187827964032464E-5,-43.10341608921205
1.4058588164446526,1,5.6234352657786175,2.8740892295942833E-6,-3.481290742641199E-6,4.515545825745696E-6,-107.53219013477757,-51.38912748414747,2.115124779869704E-11,-0.0029018749979921096,-3.5173627403131436E-4,0.0029239613780501295,-172.98727714882583,5.412882929447279E-5,-42.72515958027609
1.4633282647469343,1,5.853313058987735,-2.6702690722734745E-6,2.8525109986279E-6,3.932166356379218E-6,-108.68761592786026,124.4257643704018,1.602616743193466E-11,-0.004976678686748929,1.6341194235129782E-4,0.004979651328940345,163.23522469754056,1.5598888128398887E-4,-38.080009504662904
1.4658108548139666,1,5.863243419255853,-2.909273340504666E-6,3.127614465512509E-6,4.271576621137992E-6,-107.50529241323073,132.9744942213141,1.9024047656673333E-11,-0.005028929518472398,1.8659445122475498E-4,0.005032655444065669,177.88440940421953,1.5918177560192572E-4,-37.98339120874547
1.5232803031162412,1,6.093121212464961,-8.0566618604049E-6,9.099047148574325E-6,1.2153298164872504E-5,-98.32710095534547,131.52785572785388,1.4827463568545098E-10,-0.005286535353976182,6.863069342589678E-4,0.005331130908304666,172.60104930487563,1.78576989774156E-4,-37.48188289583244
1.5257628931832699,1,6.1030515727330785,-8.245399795777504E-6,9.32023562559686E-6,1.2444016952039652E-5,-98.11081564404206,131.50105676189983,1.552663045313377E-10,-0.005253205159403695,7.036947268826911E-4,0.005300435099459892,172.3546784264429,1.766240147203647E-4,-37.53463784815943
1.5832323414855374,1,6.332929365942152,-1.1552257580892443E-5,1.3252411614913528E-5,1.758070488168266E-5,-95.10202101655895,131.0798809277925,3.0926195159396006E-10,-0.003561843996025472,9.651197312966619E-4,0.0036908781987125393,164.7875736901215,8.586543589662997E-5,-40.68743019136161
1.5857149315525696,1,6.3428597262102775,-1.1635613176480688E-5,1.3354815032771412E-5,1.771267057457445E-5,-95.03490694445361,131.0649802191735,3.1378269990035463E-10,-0.0034542352865234416,9.684759127086763E-4,0.0035888323688107997,164.1778282399025,8.142825067961237E-5,-40.95532130914537
1.6431843798548407,1,6.5727375194193565,-1.207698608706295E-5,1.4020186082956018E-5,1.8504575740509966E-5,-94.65444304159016,130.74152487046345,3.4242136391655214E-10,-4.301444704954096E-4,8.538079875128591E-4,9.771473787306862E-4,114.79396816196291,6.424009911781339E-6,-52.396205433513074
1.645666969921873,1,6.582667879687486,-1.2025456241465129E-5,1.3967286275992761E-5,1.843086591150958E-5,-94.69037682123354,130.72693188577068,3.3979259007308E-10,-2.8834435568040543E-4,8.403357905555811E-4,9.490497506917067E-4,109.39803128295866,5.757104910241473E-6,-52.526833566608644
1.7031364182241475,1,6.812545672896598,-9.301160643183647E-6,1.0955057109640003E-5,1.4370978170478835E-5,-96.85567310935967,130.33055356799878,2.0681053951903478E-10,0.0029285994431219133,3.645165823403477E-4,0.0029540886781602204,7.444084195233906,5.536655741576291E-5,-42.67252834389067
1.7056190082911797,1,6.822476033164722,-9.120484029919202E-6,1.0750625155716464E-5,1.4098205741674973E-5,-97.03276018492198,130.3062113440769,1.9936477393732856E-10,0.0030506398406017383,3.385213950111648E-4,0.0030705023409745382,6.4467396399566335,5.968965985170292E-5,-42.300366478619594
1.763088456593458,1,7.052353826373826,-3.7811477010094074E-6,4.63469509379471E-6,5.981467173914452E-6,-104.53367809804247,129.18432992316954,3.6604134782817E-11,0.005225981662048431,-3.253375192433738E-4,0.005236478304979782,-3.5360126157316594,1.7249750170439152E-4,-37.6433024407531
1.7655710466604866,1,7.0622841866419455,-3.5128705265887784E-6,4.32448852600776E-6,5.572462723293156E-6,-105.64014553844586,128.40101667163643,3.217363536083496E-11,0.005280932590651649,-3.537782352546246E-4,0.0052931063925723,-3.8220304315382982,1.7608725615746165E-4,-37.545194480010274
1.823040494962754,1,7.292161979851018,3.1390230003169986E-6,-3.426946151209397E-6,4.6854998478822046E-6,-107.0892314458711,-41.03037580150361,2.271877021450251E-11,0.005558021370110146,-9.375992512992538E-4,0.005636836529637534,-9.577136641934578,1.9964373658915973E-4,-36.99754141230616
1.8255230850297863,1,7.302092340119144,3.426728435627521E-6,-3.7648607097610598E-6,5.090911647331078E-6,-105.9857903386005,-47.645420360949885,2.7075179527233168E-11,0.0055234571819224405,-9.565661897155182E-4,0.005606046600351796,-9.841312891305229,1.9757119699664066E-4,-37.04754918668018
1.8829925333320539,1,7.531970133328222,9.647022889880373E-6,-1.1130395890670898E-5,1.4729258156624666E-5,-96.65792191382226,-49.07872052299744,2.17810831118017E-10,0.003758763849620703,-0.0012059147357223949,0.003948170655634759,-17.84006868899666,9.8234269421563E-5,-40.101403173765185
1.8854751233990896,1,7.541900493596353,9.876359750902067E-6,-1.140480860527907E-5,1.5086827359649437E-5,-96.43841450305868,-49.10537297006342,2.28241432074232E-10,0.0036462028332587032,-0.0012066330403660858,0.0038422745239443026,-18.470528064370413,9.330241879814621E-5,-40.36020392066607
1.9429445717013607,1,7.771778286805463,1.3928665348148294E-5,-1.6325315403685605E-5,2.1459818640792974E-5,-93.37036490852832,-49.52845097407303,4.608062409014024E-10,4.769611285200618E-4,-9.905520028254586E-4,0.0011201647072905585,-65.97763457402995,8.347830363710676E-6,-51.18511955624397
1.945427161768393,1,7.781708647073586,1.403287117166579E-5,-1.6455940366577508E-5,2.1626826675755173E-5,-93.30080606609937,-49.543535405285596,4.677936681954411E-10,3.280541256407791E-4,-9.713491691592359E-4,0.0010865832365980356,-71.20537804434568,7.494550923476399E-6,-51.33135675543608
2.0028966100706747,1,8.011586440282692,1.4663305498616128E-5,-1.7395785932089376E-5,2.2751397119504364E-5,-92.85985086405614,-49.871751209189576,5.176275425691448E-10,-0.003057934596149437,-3.4633358112873215E-4,0.003081160442029144,-173.15143036432215,6.023197970203212E-5,-42.30667579077656
2.0053792001377033,1,8.02151680055081,1.4605570912461542E-5,-1.733601015496857E-5,2.2668483784177846E-5,-92.89270621795389,-49.88649767888355,5.139901618353445E-10,-0.00318681404266165,-3.1381553782884407E-4,0.0032036424299681965,-159.34155326949897,6.499632541837073E-5,-41.932543004465735
2.062848648439971,1,8.251394593759885,1.141532845295927E-5,-1.3740450583265671E-5,1.786364827083818E-5,-94.96559957294798,-50.282373012258276,3.195170838685344E-10,-0.005495947125337766,4.8798154068123596E-4,0.005518022931721843,174.95476487374145,1.9155576543619535E-4,-37.188706107001074
2.065331238507003,1,8.26132495402801,1.120073341632353E-5,-1.3492489978819007E-5,1.7535793601981735E-5,-95.13650286328013,-50.3061202671383,3.083864050124531E-10,-0.005555006380388785,5.211919803326555E-4,0.005579795358337263,174.65174063944048,1.9568560630392145E-4,-37.08718647426573
2.1228006868092706,1,8.491202747237088,4.80918928169273E-6,-6.009833646114643E-6,7.697210545298069E-6,-102.33671660414589,-51.35375543178398,6.046926953698716E-11,-0.005880712178391653,0.0011786771401547358,0.00599799361523576,168.66497747523482,2.2604467679595522E-4,-36.45810533575518
2.125283276876303,1,8.501133107505217,4.4859953990401196E-6,-5.62765725994389E-6,7.19748289663816E-6,-103.27877406229449,-51.81145786169205,5.3490691097017984E-11,-0.005845894807406756,0.0011988676785094604,0.005967968761801762,168.39503025368487,2.238927092610623E-4,-36.50389170039843
2.182752725178588,1,8.731010900714335,-3.5726332572757653E-6,3.980371382454314E-6,5.426010846749272E-6,-105.64608216093549,123.79867461461167,3.030767005269654E-11,-0.004022147881718029,0.0014310102695343405,0.004269872464210038,160.3654531892487,1.1486526094448539E-4,-39.42011733554684
2.185235315245613,1,8.740941260982453,-3.923335421514645E-6,4.401992201535907E-6,5.896716542220832E-6,-104.72393213406573,131.76274633516007,3.655106931301568E-11,-0.0039047959515826564,0.0014290362576376194,0.004159729003562754,159.74986291730426,1.0931350452070836E-4,-39.667996104027104
2.2427047635478914,1,8.970819054191573,-1.15581451030611E-5,1.365915542562221E-5,1.7893118366380302E-5,-94.96926975136446,130.24254049731772,3.2150758566366045E-10,-5.832128531662084E-4,0.0011141267687138456,0.0012764522710594435,116.16421308111664,1.0772957715764042E-5,-50.036704809366874
2.24518735361492,1,8.980749414459687,-1.1842349893547005E-5,1.4007479107206648E-5,1.8342602516961306E-5,-94.7419510785173,130.21503760981938,3.374577853805142E-10,-4.2639833750951315E-4,0.0010894639435133477,0.0012332811170074993,111.05918644882028,9.601208176776742E-6,-50.213809207507325
2.302656801917191,1,9.210627207668761,-1.6937626318719033E-5,2.0344967228339123E-5,2.6472649239883114E-5,-91.54722831648795,129.779117763913,7.012723223645975E-10,0.0031569614437484375,3.2428063421732154E-4,0.003178165454516995,6.304545963023998,6.410812389415426E-5,-42.04050541398064
2.3051393919842234,1,9.220557567936883,-1.7073099676201565E-5,2.051865733855874E-5,2.669281426916147E-5,-91.47292558059775,129.76356326559178,7.126453689380156E-10,0.003294256230693102,2.8570503771744774E-4,0.0033083074373928207,5.097844748092441,6.935782538001529E-5,-41.65533095119184
2.362608840286491,1,9.45043536114596,-1.806107824652901E-5,2.1967705306436883E-5,2.843910880468844E-5,-90.92168087189012,129.42583384655757,8.087830080212059E-10,0.00577868166291231,-6.429006622685468E-4,0.005814846456759068,-6.317290475252726,2.1273969689431912E-4,-36.73413842929403
2.365091430353523,1,9.460365721414089,-1.8000451994079284E-5,2.1905275646834356E-5,2.8352384562828636E-5,-90.94914631457952,129.41077854908275,8.040236356841439E-10,0.0058437149645924735,-6.804455112765654E-4,0.005883626011135708,-6.628642954531934,2.175901093645293E-4,-36.62689640244203
2.4225608786558013,1,9.690243514623194,-1.432301139989633E-5,1.767838829440946E-5,2.2752459749035173E-5,-92.86379706667077,129.01288166831725,5.182468108719856E-10,0.0062591163696475395,-0.0014037832612769489,0.006414942376663428,-12.64148771766663,2.5856261451119214E-4,-35.87434954518853
2.4250434687228335,1,9.700173874891314,-1.4068957948459977E-5,1.7377968808359582E-5,2.2359112255516816E-5,-93.02426682228382,128.9897339444327,5.012203201364204E-10,0.006225556089664213,-0.001425007621880061,0.006386981679179414,-12.906654578107197,2.564176183178834E-4,-35.91417282136708
2.482512917025108,1,9.930051668100429,-6.396795701444282E-6,8.173781438647354E-6,1.0379335756432758E-5,-99.73026046944231,128.02942390000797,1.0956375986109444E-10,0.004368458021484427,-0.0016394458028193754,0.004666688182369478,-20.615260938279793,1.371637734647203E-4,-38.64712304187197
2.484995507092137,1,9.939982028368545,-6.004692079394213E-6,7.698238490919106E-6,9.763541460058032E-6,-100.49366517857568,127.77301056014608,9.791516294512321E-11,0.004246882652925692,-0.001634941548225664,0.004552274279409638,-21.185905173451875,1.3085821451614752E-4,-38.88169747902405
2.5424649553944043,1,10.16985982157762,3.860533530837901E-6,-4.372498974834945E-6,5.999394124569668E-6,-104.59383090942589,-41.597112636339375,3.667584524412075E-11,7.722667640359545E-4,-0.0012287066857738964,0.00146691385816221,-59.074839321311686,1.4161802523058548E-5,-48.81800143669826
2.5449475454614365,1,10.179790181845746,4.2939741211533565E-6,-4.907551065734765E-6,6.52107480796643E-6,-103.88239489492054,-48.74283555475213,4.5358504590281205E-11,6.068606135659856E-4,-0.0011990427813974075,0.0014087284576679347,-64.06758544952078,1.2478912643568638E-5,-49.04481185994881
2.6024169937637076,1,10.409667975054818,1.3828745937643494E-5,-1.678313435343219E-5,2.174646085841169E-5,-93.27799290777563,-50.5066705999559,4.751019347344414E-10,-0.0032035575955269326,-3.0615857792608996E-4,0.0032239797071302724,-174.01619215609546,6.602437715754217E-5,-41.92322681563339
2.6048995838307363,1,10.41959833532295,1.4188734519846788E-5,-1.7236485922298563E-5,2.2325259626810723E-5,-93.03668508576064,-50.53624606621544,5.001170928697351E-10,-0.0033510888169727055,-2.6208451370016237E-4,0.003363290021884272,-160.46070018867348,7.17684452117108E-5,-41.51583568518593
2.6623690321330145,1,10.64947612853206,2.0778576421500358E-5,-2.5657721377428904E-5,3.30161836530846E-5,-89.6291408040373,-50.997030082168955,1.0909115363013547E-9,-0.006061766289420174,7.814150227633875E-4,0.006112475943829521,172.6879486364795,2.3511311719028548E-4,-36.30141751563081
2.6648516222000467,1,10.659406488800185,2.0961944505395124E-5,-2.589873772727539E-5,3.331888732176777E-5,-89.54727018455897,-51.013341103323086,1.1104378861400103E-9,-0.006135187877214114,8.228896300948544E-4,0.006190571778564331,172.375120334923,2.4090937239290767E-4,-36.1855760843033
2.722321070502325,1,10.889284282009296,2.2599714286335993E-5,-2.8274691664850015E-5,3.619676459557878E-5,-88.82661691380403,-51.36490228489075,1.3102093633917993E-9,-0.00669614472543357,0.0016063215589463085,0.006886450676288328,166.51103722447672,2.979691486276141E-4,-35.25829800337331
2.7248036605693535,1,10.899214642277414,2.2543522557604885E-5,-2.8219488696697488E-5,3.6118562119208516E-5,-88.84604900560713,-51.38038927150223,1.3047408235774657E-9,-0.006666027929775749,0.0016285301535285965,0.006862470415408856,166.2597640502177,2.9599243488501073E-4,-35.290071901546156
2.7822731088716246,1,11.129092435486493,1.8412789613853238E-5,-2.3382093283694822E-5,2.976161464199115E-5,-90.53039393696501,-51.781802705908646,8.865369589226736E-10,-0.004816382534175625,0.0018288529351614773,0.005152566606065341,159.1702591359555,1.6715089649730144E-4,-37.785502929351004
2.7847556989386533,1,11.139022795754617,1.8114129558348387E-5,-2.3020029033642972E-5,2.9292392625976595E-5,-90.6760938199116,-51.804304650638336,8.599282161441367E-10,-0.004691715849742165,0.0018221788439222804,0.0050344700613226085,158.6681953744884,1.5996198304581713E-4,-38.003714202675226
2.8422251472409243,1,11.36890058896369,8.894103148860811E-6,-1.1656913716701018E-5,1.4662538515895274E-5,-96.71803999257162,-52.669925090361396,2.1777270068363784E-10,-0.001073233888105827,0.0013368060261871703,0.0017257895597734933,127.82061955538632,1.9490929089387942E-5,-47.39303844705989
2.8447077373079566,1,11.37883094923182,8.415212174860714E-6,-1.1059552068311137E-5,1.389735068181957E-5,-97.32388389763784,-52.821138836002405,1.9719032203008584E-10,-8.987860940243419E-4,0.0013027893371447895,0.0016455094449053704,122.98692472516741,1.7020469889192744E-5,-47.69423636140316
2.9021771856102276,1,11.608708742440932,-3.792999472017503E-6,4.315922466903592E-6,6.0931624595975485E-6,-104.32569303224291,123.3643354606622,3.7279827169732295E-11,0.0031678885109701622,2.9842836911522964E-4,0.003189696823280818,6.059154882283264,6.47200267898624E-5,-42.02888002291316
2.90465977567726,1,11.61863910270905,-4.336674920524644E-6,5.007158692220853E-6,6.624438159039404E-6,-103.82282852817,131.02202720116836,4.8569289276045115E-11,0.0033276908316734735,2.4953664233505837E-4,0.0033393308092056753,4.476855444374547,7.089934648590244E-5,-41.58425638597728
2.9621292239795416,1,11.848516895918165,-1.6468829903627718E-5,2.0577559942832782E-5,2.6356398249730404E-5,-91.61297626204293,128.6786894385991,6.984093518581119E-10,0.006325521978008564,-8.952080384780014E-4,0.006389126237233251,-8.019012038485256,2.5694146663871113E-4,-35.918273863195935
2.964611814046574,1,11.858447256186276,-1.6935624798120928E-5,2.1183463835183082E-5,2.7121127957916263E-5,-91.34890455602401,128.64529958004997,7.385935607051543E-10,0.006410371554879039,-9.401858663261729E-4,0.006479390074244898,-8.327881567611238,2.6395465483131596E-4,-35.79013045479755
3.0220812623488413,1,12.08832504939536,-2.5712921504437824E-5,3.274133611421804E-5,4.163112158337987E-5,-87.61612596522734,128.1451253325675,1.7347703318722528E-9,0.0071904790416650885,-0.0017786143183925694,0.007407495602188879,-13.891603217042817,3.4476953058205874E-4,-34.62483604606268
3.02456385241587,1,12.098255409663478,-2.5970879567426556E-5,3.308978320324124E-5,4.2064489478280894E-5,-87.52321721610268,128.12775664452124,1.7700810563118173E-9,0.007166841097906747,-0.0018018346461923733,0.007390223797209225,-14.121143101162069,3.4323628114761324E-4,-34.64607890786633
3.0820333007181375,1,12.328133202872552,-2.876006742499399E-5,3.713302308123903E-5,4.696811442291561E-5,-86.56402293467987,127.75846592560875,2.206046584861476E-9,0.005385288819696465,-0.0019943251293595104,0.005743235750811435,-20.349729102936912,2.0758524036677912E-4,-36.84134730724259
3.0845158907851697,1,12.338063563140677,-2.872291288612259E-5,3.710575795181679E-5,4.6923810987176703E-5,-86.5724923983797,127.74246218192354,2.2020204967767224E-9,0.005259449595945779,-0.00198598929071863,0.005622934240096263,-20.766966385353275,1.9941707334678296E-4,-37.039613063821164
3.1419853390874444,1,12.567941356349781,-2.428807402172157E-5,3.1838464383160854E-5,4.004496734583024E-5,-87.95160599771273,127.33720477455867,1.6046187914793724E-9,0.0015212483579597948,-0.0014375299613892654,0.0021002133174588397,-44.01004803151068,2.864374097167945E-5,-45.668753622457324
3.1444679291544766,1,12.577871716617901,-2.39417138470254E-5,3.140755520878964E-5,3.949229797256657E-5,-88.07847377848864,127.31543009404318,1.562362237099559E-9,0.0013377440983903942,-0.0013999842082901613,0.001989237660298273,-48.51629403040936,2.5003164404793718E-5,-46.076765487144726
3.201937377456751,1,12.807749509827014,-1.2881227060226721E-5,1.737315010035266E-5,2.1627629646745687E-5,-93.33071256047162,126.54540995253245,4.720128031631497E-10,-0.0030101081955825025,-3.0437104076183635E-4,0.003037030073045267,-173.23678710575098,5.880022175445699E-5,-42.47602869961259
3.204419967523787,1,12.817679870095128,-1.2293101899604424E-5,1.661658616491877E-5,2.066974352006679E-5,-93.8057230602996,126.45017505306174,4.337159169262515E-10,-0.00318432240880551,-2.515023152889599E-4,0.003196969788154094,-160.34037319844794,6.523533600430056E-5,-41.97384082598973
3.261889415826058,1,13.047557663304218,2.976335502462139E-6,-3.2355049449151055E-6,5.090892777766467E-6,-105.92186819704546,-40.816466944106594,2.6397199527981116E-11,-0.006539202010202427,9.77619647354893E-4,0.0066124473645653254,171.53686808799418,2.753229997579546E-4,-35.62196397873211
3.2643720058930796,1,13.05748802357234,3.6687680724385015E-6,-4.1449767730932164E-6,5.536765190216397E-6,-105.62572473621304,-48.1176215339302,3.871041744375981E-11,-0.006639181592861057,0.0010255640149601356,0.00671833474708056,171.2366294557906,2.83854266952989E-4,-35.476566325767415
3.321841454195358,1,13.287365816781433,1.9410102860946573E-5,-2.5025369546722204E-5,3.167055637297818E-5,-90.0265245037385,-52.192024533515905,1.0097510919728395E-9,-0.007732395823618078,0.0019121038102612507,0.007965565612677769,166.1136808490593,3.9869019348793406E-4,-33.994098488050966
3.32432404426239,1,13.297296177049557,2.0030264525182876E-5,-2.5857538880523588E-5,3.270819252223131E-5,-89.72606001402885,-52.23219908883545,1.0755800189425321E-9,-0.007719310112527779,0.0019363245568103698,0.007958743067281998,165.91274212488767,3.980379539586866E-4,-34.00188829865025
3.381793492564668,1,13.527173970258666,3.207098087718331E-5,-4.224153380958607E-5,5.303674789335233E-5,-85.51423462397486,-52.79155159862789,2.8162321851273656E-9,-0.006092128474955555,0.0021272735386899987,0.006453238272066923,160.73159823153526,2.6197069258996264E-4,-35.827336626955024
3.3842760826317004,1,13.537104330526782,3.2446785993211516E-5,-4.27646203708321E-5,5.368061519510372E-5,-85.40592372844011,-52.810320257880676,2.883225193541761E-9,-0.005968119469029358,0.0021178265612369998,0.006333424241187372,160.40771607267578,2.528186114421512E-4,-36.00188997301788
3.4417455309339715,1,13.766982123735895,3.724775701311779E-5,-4.979232902153282E-5,6.218257887399696E-5,-84.12690818116886,-53.20092084939805,3.866918689883119E-9,-0.0021567376286537243,0.0015242489047368535,0.00264476229541381,144.38708400359988,4.502118424834075E-5,-43.643635846343955
3.4442281210010037,1,13.776912484004008,3.7257479768799496E-5,-4.983443696256356E-5,6.222212517410502E-5,-84.12120934361386,-53.21748683024942,3.871686059517223E-9,-0.0019649147969590074,0.0014841213118079748,0.0024953017759025897,140.68590352443493,3.9711150607358934E-5,-44.18698428097727
3.5016975693032713,1,14.00679027721309,3.2900049739920455E-5,-4.466515613123186E-5,5.54742408248588E-5,-85.11977533321442,-53.62575639882244,3.0785952691590496E-9,0.0026780920698013535,3.2117306182117937E-4,0.0027183762098739,8.553245399161181,4.721058343117625E-5,-43.46226566521971
3.5041801593703035,1,14.016720637481212,3.2508626499777635E-5,-4.416566887078641E-5,5.48399452600106E-5,-85.22427048740286,-53.646699616186,3.0112400548814336E-9,0.002868735467936661,2.653602275597997E-4,0.0028843744145369797,5.612482426745582,5.352470818181962E-5,-42.889169903933904
3.561649607672571,1,14.246598430690293,1.9335825247322474E-5,-2.692741578513794E-5,3.3150611488891816E-5,-89.61115477050127,-54.325395655823655,1.1054827005128717E-9,0.006656070228594824,-0.00102625663593333,0.006735265249384682,-8.72087658801605,2.858172668376454E-4,-35.465516680838775
3.5641321977396068,1,14.256528790958418,1.8611378779846503E-5,-2.5963957619993182E-5,3.1945555500404925E-5,-89.97910631859544,-54.38899378217952,1.0310457595095863E-9,0.0067754957296103846,-0.0010763984591742148,0.006860820211816492,-9.007302330061519,2.9614735388857515E-4,-35.2958736644975
3.6216016460418814,1,14.48640658416753,-6.70870153717833E-7,-1.259813338562297E-8,1.8631555134433435E-6,-117.21767077963919,144.06605197907828,1.2518357356296635E-11,0.008297527393335084,-0.001998708593773362,0.008535056393331169,-13.53876979369667,4.5777279000413357E-4,-33.394667707340666
3.6240842361089136,1,14.496336944435647,-1.5661428256266724E-6,1.2057448981861081E-6,2.0228106393250685E-6,-117.1414530492521,151.65212476376834,1.8349785064461082E-11,0.008300281793000719,-0.002023694188053674,0.008543617533007225,-13.704629880496245,4.586513786660743E-4,-33.385561764129925
3.6815536844111882,1,14.726214737644755,-2.2396931718295934E-5,2.984982281621136E-5,3.731811376072569E-5,-88.61908256766509,126.89830957456918,1.4053143477666797E-9,0.0069458859128566025,-0.002214826629499529,0.007290694212583158,-17.697948792272975,3.3423814694889765E-4,-34.7659451679842
3.684036274478217,1,14.73614509791287,-2.32411874461295E-5,3.102442735640074E-5,3.876431565278154E-5,-88.2578884983868,126.84499013302988,1.5142205437371527E-9,0.006828166698260016,-0.002204668130424943,0.007175640556192667,-17.926749272030623,3.242898236309881E-4,-34.913204560052435
3.741505722780488,1,14.966022891121952,-4.023884062329426E-5,5.4993268220798904E-5,6.81426966580448E-5,-83.33944961972428,126.19522860585352,4.6507591852783365E-9,0.003022621899080305,-0.0015818633514502413,0.0034130898588141394,-27.799282565962553,7.436657304796876E-5,-41.40615349096971
3.74398831284752,1,14.975953251390074,-4.080346291893349E-5,5.580549083421144E-5,6.91316055394928E-5,-83.20997259448623,126.17462256063985,4.783382186068991E-9,0.002824438877197013,-0.0015400916637689885,0.0032282551510644524,-29.860376600903887,6.679500700516529E-5,-42.00882472240964
3.8014577611497913,1,15.205831044599162,-4.910130164106447E-5,6.818438733662249E-5,8.402411445055958E-5,-81.51261985626513,125.75911727971429,7.061144039405791E-9,-0.0021060786263139043,-3.355621222828371E-4,0.002183043694668801,-167.88031371929105,3.030574711638209E-5,-45.319661034517154
3.8039403512168235,1,15.215761404867287,-4.921006604559805E-5,6.837730473304265E-5,8.424422966003868E-5,-81.48919685104887,125.741976027844,7.097090425639082E-9,-0.0023146317363124053,-2.780176517835132E-4,0.002335872747937465,-157.70075715119978,3.582405028115498E-5,-44.77154858299065
3.8614097995190946,1,15.4456391980764,-4.577380532987877E-5,6.456983808414102E-5,7.914865130778481E-5,-82.03189617208146,125.33238983210526,6.265660392258175E-9,-0.006607715870312408,0.0010478288348697799,0.006690753082942171,171.03871945431464,2.82329758495551E-4,-35.52895522378866
3.863892389586127,1,15.455569558344518,-4.535360649140274E-5,6.402224722217852E-5,7.845892151602486E-5,-82.11105946510243,125.31238108229026,6.160844620160894E-9,-0.0067513105654205255,0.0010990307655543833,0.006840449379035339,170.77502423273603,2.9460644637930504E-4,-35.324378072536966
3.9213618378884085,1,15.685447351553627,-2.9939587146654212E-5,4.320356122940343E-5,5.25635985723002E-5,-85.59942853432672,124.71732319996994,2.7727704530284735E-9,-0.008838159355724814,0.0020345760456388596,0.009069444624015013,167.04144334079555,5.169692376677538E-4,-32.86789013423324
3.923844427955437,1,15.695377711821742,-2.904896805008653E-5,4.197635136117754E-5,5.1047691507920086E-5,-85.87958470055058,124.67273243694093,2.623146592746794E-9,-0.008863358720279739,0.002059601358733282,0.009099619209665712,166.91795056555122,5.202674074776918E-4,-32.83774008773105
3.9813138762577047,1,15.92525550503082,-4.526505529179362E-6,7.71827806179036E-6,8.950629791835755E-6,-101.45452726877008,119.96203512423695,1.0120625532757741E-10,-0.007938406920428964,0.0022409824022695613,0.008248760749630452,164.2301407036859,4.277005145382723E-4,-33.69214550020857
3.983796466324737,1,15.935185865298942,-3.3527654901352215E-6,6.058423225080071E-6,8.413109592600515E-6,-101.64927059791086,112.65307202774162,7.480630675963643E-11,-0.00783331494289566,0.0022300343655630743,0.008144705699542735,164.09365235493215,4.1749346015339397E-4,-33.80894559799049
4.0412659146270045,1,16.165063658508025,2.474695283698989E-5,-3.411908143508615E-5,4.2149092945702505E-5,-87.60592095530622,-54.0095445414395,1.8015990866174806E-9,-0.004157765554581443,0.0015843972536997038,0.004449849811859374,159.07465321406622,1.2561103537217212E-4,-39.08374071391222
4.043748504694037,1,16.174994018776154,2.592407036762364E-5,-3.5822303510152785E-5,4.421882781646997E-5,-87.12893387943379,-54.09553115456886,1.979835902378798E-9,-0.003957041212499034,0.0015416241429029472,0.004248666670456241,158.373842029533,1.1519412322616352E-4,-39.57073267001906
4.101217952996311,1,16.404871811985267,5.058522364454006E-5,-7.1969800187391E-5,8.796888010075278E-5,-81.12471751047335,-54.89499192331471,7.755665267943195E-9,0.001215937642279142,3.1788788295482285E-4,0.0013735807558239257,17.82536648284404,1.188201852281375E-5,-49.26988617554711
4.103700543063347,1,16.414802172253385,5.1456958509890196E-5,-7.327014298855503E-5,8.953401361578514E-5,-80.9658284853387,-54.91808596756034,8.02783285479261E-9,0.0014426749572112353,2.5986696800220073E-4,0.0014736544347914618,11.552324287710228,1.5528368871738016E-5,-48.95068201391155
4.161169991365625,1,16.644679965462498,6.584733307931541E-5,-9.532158944797303E-5,1.1585371569692874E-4,-78.72328330976512,-55.36285558683528,1.3426410576728535E-8,0.006298785310904073,-0.0010663219890241849,0.006388726399760844,-9.555799831905592,2.5786541384706027E-4,-35.94133065124678
4.16365258143265,1,16.654610325730612,6.615275438989124E-5,-9.582533228826414E-5,1.164417837939781E-4,-78.67799933044643,-55.38057259523261,1.3559250341320548E-8,0.006471208035919699,-0.0011169894466091694,0.006567046372852879,-9.773527729825018,2.7189528002417656E-4,-35.68343866985715
4.2211220297349215,1,16.88448811893969,6.540369872109697E-5,-9.619987499675354E-5,1.1632741431072112E-4,-78.68654644810505,-55.7895538663819,1.3532664832537067E-8,0.009272200733166636,-0.0020281932924162706,0.009491480190951461,-12.333911382836051,5.663558719316577E-4,-32.474130987869245
4.223604619801957,1,16.89441847920781,6.500170264793103E-5,-9.567417267628652E-5,1.1566666590421884E-4,-78.73784473329071,-55.808562262032964,1.3384566898059967E-8,0.009327683355755232,-0.0020517143148166593,0.009550696584155192,-12.40429364549677,5.731491791669556E-4,-32.41767406371132
4.281074068104225,1,17.1242962724169,4.7659208374448066E-5,-7.153583284770919E-5,8.595804184128695E-5,-81.32164683234637,-56.32990873459612,7.40298740700322E-9,0.00903044877462551,-0.0021918379722977287,0.009292659212830203,-13.644200305694968,5.426576863194595E-4,-32.65603789705196
4.283556658171257,1,17.134226632685024,4.6577006082538185E-5,-6.998824109324072E-5,8.407012484764513E-5,-81.52891206759125,-56.36251057555361,7.096032947543737E-9,0.008946588469867558,-0.002179039971910086,0.009208146741907076,-13.692231909785704,5.33286790982684E-4,-32.73960438663196
4.341026106473535,1,17.364104425894133,1.5326568956901827E-5,-2.4551627284104155E-5,2.894338010007351E-5,-90.89155397356186,-58.08018091450515,8.75454163667934E-10,0.005584364569030921,-0.0014948765220840208,0.005781012187516988,-14.997275441910075,2.110946642278842E-4,-36.797012239561944
4.343508696540567,1,17.374034786162255,1.377021167794222E-5,-2.2257404962048965E-5,2.6873688485230183E-5,-91.58459815391501,-50.304867996511895,7.367502293078099E-10,0.0053875745890890545,-0.0014509070959910718,0.005579595956118096,-15.111481120507923,1.9749965092970262E-4,-37.14819786721698
4.4009781448428384,1,17.603912579371357,-2.4816397431502802E-5,3.529913203482089E-5,4.31513702556969E-5,-87.59991606090456,125.30368186058352,1.9138563562988202E-9,7.601175454856695E-5,-2.1546154475724256E-4,3.0603023361235125E-4,-99.10641759224342,2.4704594342093466E-6,-65.35872117921463
4.403460734909871,1,17.613842939639476,-2.6495761408886535E-5,3.78348121938871E-5,4.619009572880736E-5,-86.7858425465839,125.02840767355148,2.1886115409909824E-9,-1.6698799807817624E-4,-1.5786030296299568E-4,3.1282639821249183E-4,-91.35583981615252,2.7284887788564456E-6,-65.33917824927455
4.460930183212138,1,17.843720732848556,-6.322338864671931E-5,9.398716979739665E-5,1.1327312292601442E-4,-78.93507882985611,123.93220140336106,1.2873319355153766E-8,-0.005604804596320301,0.0011353952033371325,0.005718701372236781,168.5793202843662,2.073389620552867E-4,-36.929219767688274
4.46341277327917,1,17.85365109311668,-6.460341674785102E-5,9.613015137328724E-5,1.1582151239774035E-4,-78.73350563960459,123.90546177061489,1.344757618091792E-8,-0.005809774257367449,0.0011835704217524042,0.005929117707773466,168.4924526457428,2.2226276522948384E-4,-36.58041031623589
4.5208822215814415,1,18.08352888632576,-8.97102055463119E-5,1.3593022813778078E-4,1.6286485862668262E-4,-75.76634388639651,123.42481894654138,2.6541260264629414E-8,-0.009471315934879841,0.0020155443673414287,0.00968340071079714,167.9868227597874,5.89772922392702E-4,-32.30263967375689
4.52336481164847,1,18.093459246593884,-9.039698638324324E-5,1.3706356997807636E-4,1.6418907961837228E-4,-75.69395594562555,123.4065063860823,2.696350229785409E-8,-0.009565705110653277,0.002034887449082317,0.009779749959810369,167.99016944741578,6.010912080697112E-4,-32.212649007415436
4.580834259950748,1,18.323337039803,-9.597228503433986E-5,1.477878907123951E-4,1.7621565226658568E-4,-75.07911420369373,122.99941329324983,3.105198347518677E-8,-0.01013253609077469,0.0020688782899225917,0.01034160029069268,168.46010705246405,6.719863091312869E-4,-31.726496438574188
4.583316850017777,1,18.333267400071115,-9.570351865476157E-5,1.4747219389888233E-4,1.7580452175753098E-4,-75.10007008521237,122.98139327748727,3.091182459839816E-8,-0.01008096872926873,0.002051492054644787,0.010287613811935688,168.50000625590945,6.652974244335456E-4,-31.77412576582898
4.640786298320055,1,18.563145193280224,-7.790358560527621E-5,1.2217388702810757E-4,1.4489805191048196E-4,-76.78222793661696,122.52194724493037,2.1013765053541664E-8,-0.00728671861050896,0.001271690670432782,0.007396916607586349,170.11105634856236,3.446705700254851E-4,-34.64694498568075
4.643268888387084,1,18.57307555354834,-7.663010596571883E-5,1.2028347707345327E-4,1.4261946373405216E-4,-76.92761519798054,122.49710693354287,2.0384972862370455E-8,-0.007103849462122433,0.0012245675062202786,0.007208789334589904,170.25469199036087,3.282728857029944E-4,-34.89153809498876
4.7007383366893585,1,18.80295334675743,-3.7122033339954876E-5,6.035058892024458E-5,7.0853883586743E-5,-83.03654996462147,121.58191806425032,5.088055183190259E-9,-0.0018423692501114677,-5.1842490844360284E-5,0.0018457795433822902,-162.84598809865344,2.3562934254377266E-5,-46.929401040669866
4.703220926756387,1,18.812883707025556,-3.504523969323352E-5,5.714864845958839E-5,6.703967783944864E-5,-83.68207474153168,121.41438806568782,4.5967011197815376E-9,-0.0015885505750440373,-1.0937498509649349E-4,0.0017228887701548374,-171.13430505064755,1.8650848669089183E-5,-47.29309941792933
4.760690375058662,1,19.04276150023465,1.8759549489440983E-5,-2.689253130806086E-5,3.430422720731188E-5,-89.3523948281356,-48.075426395538784,1.187766724826203E-9,0.004378013120983982,-0.0013545274797038542,0.004583937317482861,-17.46791150757874,1.342875340159177E-4,-38.927348113698436
4.763172965125694,1,19.052691860502776,2.1208333978789473E-5,-3.076633186038147E-5,3.7369275130732786E-5,-88.77120097215916,-55.32160560508995,1.5271616718412392E-9,0.004616887328404337,-0.001398428625505845,0.00482437258438239,-16.91530421445744,1.4818625006609396E-4,-38.39268660212345
4.820642413427972,1,19.282569653711892,7.732068658538598E-5,-1.206291614400602E-4,1.4328266134672418E-4,-76.9071925355139,-57.333902196319855,2.0641876919480192E-8,0.009252332932401184,-0.002085138401876203,0.00948449658167046,-12.714009700840668,5.662736320892174E-4,-32.487399154526216
4.823125003495001,1,19.292500013980007,7.956028810410236E-5,-1.2426694902876515E-4,1.4755388164969344E-4,-76.63750006697542,-57.36690047453221,2.1871536343005674E-8,0.009393977752710801,-0.002096429008881472,0.009625198752889273,-12.588302395401067,5.825440710649429E-4,-32.353049907379194
4.8805944517972755,1,19.522377807189102,1.2385105164475736E-4,-1.9741288934162126E-4,2.3304712639533496E-4,-72.65655881698764,-57.89546425215592,5.43717991282684E-8,0.011082458637253791,-0.001916257741366795,0.011247047544549863,-9.811823379888855,7.948307963336555E-4,-30.99761182035
4.883077041864308,1,19.53230816745722,1.2527712023380615E-4,-1.9982900572461463E-4,2.3585170109163999E-4,-72.54957847428615,-57.91444878570729,5.5658446738675005E-8,0.011076405218425601,-0.0018890741480951964,0.011236563559887065,-9.674593120997592,7.934113090471174E-4,-31.006063935438352
4.940546490166568,1,19.76218596066626,1.4473742538288441E-4,-2.345340038246034E-4,2.7559963172372847E-4,-71.194815348005,-58.319741771473886,7.59617479596601E-8,0.009179931456339956,-8.891607205720173E-4,0.009223285657812165,-5.516538998449879,5.350551149302827E-4,-32.72456838521657
4.9430290802336,1,19.77211632093439,1.4487031126608356E-4,-2.3490216861306922E-4,2.7598274760047813E-4,-71.18239144898563,-58.336890643262684,7.616700112688449E-8,0.00902514818283216,-8.337590909377868E-4,0.00906437196252442,-5.233007916951806,5.176234528752256E-4,-32.885319500512864
5.000498528535861,1,20.001994114143447,1.3099999465721488E-4,-2.158585230173697E-4,2.5249938495523695E-4,-71.95591441237818,-58.7480275084268,6.37732188217262E-8,0.004113303519211256,5.864679319658794E-4,0.004158758794849669,8.371191911687795,1.1057764959091395E-4,-39.694065969167994
5.002981118602893,1,20.011924474411586,1.2962056453904534E-4,-2.1374446303529623E-4,2.4997646057683357E-4,-72.04693654940033,-58.76789147465694,6.255193987466039E-8,0.0038591776088741756,6.472024122819054E-4,0.003938914757153095,11.039808332187915,9.909678893887487E-5,-40.23794876555141
5.060450566905175,1,20.2418022676207,8.114242601804318E-5,-1.3691119536834154E-4,1.591502953089937E-4,-75.98076911899402,-59.35098257876542,2.5447533376917337E-8,-0.002468658172284065,0.0018847575739039937,0.0031570588333002985,140.44175073267374,6.336880079389869E-5,-42.113374217038775
5.062933156972207,1,20.251732627888824,7.838167263223991E-5,-1.3244363330252386E-4,1.538996230509111E-4,-76.30972167115209,-59.396482835813494,2.3891505798959934E-8,-0.00273839258622017,0.0019242060581379722,0.003354788161609903,144.38202195628938,7.303128542084309E-5,-41.598864143755
5.120402605274492,1,20.48161042109797,2.5474836106131915E-6,-7.862089726943683E-6,8.394493084040105E-6,-104.84582687775102,-79.74195514455114,3.2248584026944764E-10,-0.008380063595696527,0.002414024392046223,0.008722015195526891,163.86542258566072,4.7960784968129457E-4,-33.223974857563384
5.122885195341521,1,20.49154078136608,-1.097245966343509E-6,-1.7917569970878383E-6,8.455251088405313E-6,-104.83965497643865,-72.19787290929202,3.3287649675201573E-10,-0.008575099991266887,0.0024128223260745088,0.008909014943090612,164.25169448872396,4.9966229372637E-4,-33.02901264492207
5.180354643643792,1,20.72141857457517,-8.909718102020854E-5,1.4661373471258127E-4,1.7156342736925637E-4,-75.38191091957998,121.30337240094202,2.9748482028685526E-8,-0.011625833147109185,0.0018693023168019956,0.011775786138234564,170.85488128332744,8.715465555146024E-4,-30.599786804486712
5.182837233710821,1,20.731348934843293,-9.283250294384996E-5,1.5299805579958574E-4,1.7895909559309482E-4,-74.97836270587672,121.25500335570077,3.2344969715360474E-8,-0.011679478728035821,0.0018240839631703803,0.011821872839445099,171.1224301401698,8.781189784319707E-4,-30.564484882243296
5.240306682013088,1,20.961226728052353,-1.7245921519143615E-4,2.910448427852045E-4,3.383036388403773E-4,-69.42418118641513,120.65123371937092,1.1468248951446218E-7,-0.011070958912295044,3.845488760585659E-4,0.011078693431143982,178.0223861303393,7.71367460554513E-4,-31.129427085114948
5.24278927208012,1,20.971157088320485,-1.7534716075322523E-4,2.9614518254955375E-4,3.4416374116437323E-4,-69.27020159285426,120.63139987171571,1.1861576485813854E-7,-0.010962638825847481,3.1074331491313137E-4,0.010968799829007902,163.50541039636437,7.567594818754351E-4,-31.220140689193272
5.300258720382395,1,21.201034881529587,-2.2495365507830802E-4,3.8611191193014296E-4,4.468631128712855E-4,-66.99814716578634,120.22635787106633,1.9975752413128556E-7,-0.0068274460963526525,-0.0014844198676369966,0.006991399806839107,-167.6151019042132,3.0850610480689835E-4,-35.14325908532616
5.302741310449424,1,21.210965241797716,-2.2611941277893256E-4,3.883633621499593E-4,4.4939536243262076E-4,-66.94772539128269,120.20987024075879,2.0197036202204752E-7,-0.006590010338649553,-0.001557319747678885,0.006783228242849662,-166.35872877288404,2.9088073119290666E-4,-35.42523158072488
5.360210758751709,1,21.440843035006836,-2.280695719883466E-4,3.9770696263387594E-4,4.5846118106472437E-4,-66.77402075168729,119.8324467147442,2.101901892362008E-7,-2.2971476322927885E-4,-0.0029525216084549384,0.003030608242652546,-93.9473021122451,5.8095055452483336E-5,-42.411039950449094
5.362693348818738,1,21.450773395274954,-2.2692462430716072E-4,3.9597083520979633E-4,4.5638557523016235E-4,-66.81481181691245,119.81558283730745,2.0835350645651796E-7,6.09010005502301E-5,-0.00299191479127882,0.0030560852741553547,-89.69995970397288,5.9545891544625926E-5,-42.362132853315536
5.420162797121009,1,21.68065118848403,-1.725186236417175E-4,3.063160863278774E-4,3.51556988627199E-4,-69.08597335554117,119.38659992630198,1.2377949834514776E-7,0.0065939519955642584,-0.0033105398855782717,0.007386981033377481,-26.910087264638186,3.4461935885885697E-4,-34.677853405467495
5.422645387188037,1,21.690581548752153,-1.689496041558717E-4,3.002401957586976E-4,3.4451162225203357E-4,-69.27431084998999,119.36323638111213,1.1909695257697756E-7,0.006843314966739282,-0.0032940284564187895,0.007599845660884799,-25.821068414263944,3.644394011295071E-4,-34.417521609058895
5.480114835490305,1,21.920459341961216,-6.198813811073024E-5,1.1458568087523872E-4,1.3027887297559207E-4,-77.80142607211683,118.38675973143309,1.7563581924495986E-8,0.011412983097321928,-0.0022303101297205057,0.011631182704760124,-11.094054925054218,8.507572393564486E-4,-30.709889467847425
5.482597425557341,1,21.93038970222935,-5.6462911948978344E-5,1.0484219857694075E-4,1.2100802838894078E-4,-78.64998855226989,111.17794529295941,1.505481971610649E-8,0.011538923916065879,-0.002156251207234666,0.01174112820306492,-10.60223156878069,8.663795961831375E-4,-30.62504178698353
5.540066873859612,1,22.16026749543845,8.556766050557038E-5,-1.4899873775678772E-4,1.718248183225065E-4,-75.71084224663355,-59.948640238748276,3.0475899647412486E-8,0.01262231977612253,5.20085972625615E-5,0.01262483175176869,0.23593567983862884,0.0010014541678384893,-29.993689452639824
5.542549463926644,1,22.170197855706576,9.201324522679524E-5,-1.6067434191106215E-4,1.8515639237243032E-4,-74.74212674803267,-60.18261856082165,3.539085422626436E-8,0.012581801021106601,1.6118533217298475E-4,0.01258622175815031,0.7546507894846337,9.9555009181272E-4,-30.021262470593093
5.600018912228926,1,22.400075648915703,2.397628738510803E-4,-4.3186015900746854E-4,4.93953030618719E-4,-66.14751308133177,-60.958072644844364,2.449440918785484E-7,0.00976890974397885,0.002759671350275747,0.010156674063367217,15.828845610314355,6.48809554262666E-4,-31.887137711202453
5.602501502295958,1,22.410006009183817,2.456727850112662E-4,-4.428739435441227E-4,5.064510377160582E-4,-65.92159870086168,-60.97917743819574,2.573474701878425E-7,0.009572262518791346,0.0028634424786582774,0.010000992472583688,16.778606330373577,6.295929369831968E-4,-32.02652062418146
5.659970950598225,1,22.639883802392898,3.62811420176779E-4,-6.650988383127602E-4,7.576204976879036E-4,-62.41537392147667,-61.386354322784996,5.745162739586378E-7,0.0037062778263029584,0.004818650868383358,0.006104664825602268,52.696034339693675,2.3507221337351687E-4,-36.31930528380547
5.662453540665254,1,22.64981416266102,3.66579756735903E-4,-6.724457882485941E-4,7.658748893374773E-4,-62.31879103973013,-61.402417310367284,5.868448510975762E-7,0.0034142234209932954,0.004872333112015503,0.005995617770503363,55.25514499894513,2.2599214546975858E-4,-36.464175556033055
5.719922988967518,1,22.879691955870083,4.1713999654874713E-4,-7.766611898877794E-4,8.815943927979768E-4,-61.09492945908248,-61.759728221035694,7.772620090884499E-7,-0.0036718062320656216,0.00524955365444482,0.006442552959409094,124.6632826665573,2.611414013960549E-4,-35.843595063840134
5.722405579034554,1,22.889622316138215,4.1736360303620395E-4,-7.775610695188867E-4,8.824930170129773E-4,-61.085824473841406,-61.77500729660531,7.78802802744644E-7,-0.003967337001921719,0.005221661222531671,0.0065818565285409615,126.96570972542226,2.7338037998736404E-4,-35.66707252972717
5.7798750273368285,1,23.119500109347317,3.743242063927534E-4,-7.080129733902242E-4,8.00875317870057E-4,-61.92995915785731,-62.135384556457666,6.415968290098824E-7,-0.010031484710375736,0.0035731252516527797,0.010657900770471138,160.28997531504854,7.147811088820765E-4,-31.4721707356546
5.782357617403861,1,23.129430469615443,3.701739064771732E-4,-7.006305416387767E-4,7.924090921473402E-4,-62.02654483643104,-62.15197486858804,6.286277219652107E-7,-0.010236521289711533,0.003459847763129527,0.010813451656081793,161.26325047808277,7.354067442761339E-4,-31.3427473704267
5.839827065706142,1,23.35930826282457,2.236218425671982E-4,-4.313355376190131E-4,4.8585730523023895E-4,-66.29034581955142,-62.59978656035774,2.3742370420698715E-7,-0.013339407771885897,7.504091670418175E-5,0.013345436468867832,-165.44101611819374,0.0011192670208824375,-29.51246924831
5.842309655773171,1,23.369238623092684,2.1515508437470711E-4,-4.154443581300993E-4,4.6785262431565055E-4,-66.67322558895438,-62.63166965439435,2.2135239360908004E-7,-0.013387748169195583,-9.404309592750352E-5,0.013395058680349497,-179.60270595465917,0.0011273916056271447,-29.479365158512238
5.899779104075442,1,23.599116416301765,-2.180253167896351E-5,3.639222992582928E-5,6.136231786433152E-5,-84.81345554158919,112.59505182456442,4.978036503875236E-9,-0.012507459250267115,-0.004188023743028238,0.013197714264562658,-161.4759197873525,0.0010944534117775873,-29.60842251595825
5.902261694142471,1,23.60904677656989,-3.3464682968762E-5,5.895757991417119E-5,6.780530815880424E-5,-84.62692010757475,120.0789992434995,8.930265532055153E-9,-0.01238165981762986,-0.004356246112434479,0.013136282661191895,-160.5759287281333,0.0010845053669718578,-29.649874990999173
5.959731142444742,1,23.83892456977895,-3.2269369008164985E-4,6.261062973659113E-4,7.043725641212926E-4,-63.099929057618056,117.2729452852124,5.005606089077749E-7,-0.007738294785800225,-0.007675726891987727,0.010914660411839548,-135.17119633833323,7.489253975421067E-4,-31.260221751315093
5.962213732511771,1,23.84885493004708,-3.3538704707748983E-4,6.513512996585588E-4,7.326278106217218E-4,-62.73287548301226,117.2488580349307,5.415686530830171E-7,-0.007475283723131252,-0.00777680308816586,0.010808967146220597,-133.76416551897924,7.344899553721496E-4,-31.345080513029323
6.019683180814045,1,24.078732723256188,-6.167632626145258E-4,0.001219185303321231,0.0013663126994468379,-57.29952313744788,116.83576052692601,1.8706846189520932E-6,-4.652563322830348E-4,-0.008875216385372794,0.008917775081494363,-92.95261230877368,4.998045972529221E-4,-33.014095615701606
6.022165770881077,1,24.088663083524317,-6.27531350027304E-4,0.001241309001883137,0.0013909150289626937,-57.14029463071451,116.81993838217876,1.9377948442242154E-6,-1.449355371507227E-4,-0.008856860475782548,0.008894381292949921,-90.92087340369416,4.970677128544891E-4,-33.035928049575446
6.079635219183359,1,24.318540876733433,-8.273642914882706E-4,0.0016614871254635223,0.0018560905882390123,-54.63024116486033,116.47250619596478,3.446717084568915E-6,0.007091041565876633,-0.006876812952648398,0.009905846959224479,-44.22455521579497,6.167520335891757E-4,-32.10193364901897
6.082117809250388,1,24.32847123700155,-8.329336584023321E-4,0.001673719831618617,0.0018695234661992755,-54.566074521842246,116.45788513531483,3.495697540682911E-6,0.007370495214971075,-0.006722646608346491,0.010002475605311851,-42.46348312431906,6.291305535209347E-4,-32.01923957474756
6.139587257552655,1,24.55834903021063,-8.771629310587191E-4,0.0017887498350726962,0.0019922455112829115,-54.01314511204066,116.12232405301157,3.969044230687891E-6,0.012607850107504268,-0.001812880551271856,0.012754778218140672,-8.26087972922502,0.0010227033467205698,-29.907153755183476
6.142069847619691,1,24.568279390478754,-8.745947757315203E-4,0.001784623692802334,0.0019874101797130103,-54.034947260782985,116.10774965151846,3.950409184598127E-6,0.012760191752170299,-0.0015544680986439986,0.01287253362479364,-7.001796502719703,0.0010416187607050317,-29.826806549275133
6.199539295921955,1,24.798157183687813,-7.05185849688607E-4,0.001461131851346122,0.001622403939146278,-55.800764127146344,115.76221664710005,2.6348125354491778E-6,0.014372815432263021,0.005016761473468507,0.01523723216359006,19.201771344878757,0.0014590769360680548,-28.36098050529008
6.202021885988984,1,24.808087543955946,-6.92617166046575E-4,0.001436046903561776,0.0015943494722276586,-55.96273007175753,115.74622868993873,2.54897489755645E-6,0.01435008279716184,0.005303405860041066,0.015314518638543452,20.260829843871413,0.0014737789326267038,-28.31657815971425
6.259491334291258,1,25.037965337165055,-2.8479231976769655E-4,6.02678459636487E-4,6.665798496523724E-4,-63.60211884521388,115.28383014096813,4.562133070009868E-7,0.01180487930179427,0.011420533837381504,0.016439096651094075,44.037642938061914,0.001698029269949937,-27.700737768611482
6.261973924358294,1,25.047895697433184,-2.621519819171186E-4,5.555525254072271E-4,6.202182412000458E-4,-64.61382348448603,107.9124098809431,3.976769007231549E-7,0.011611880150005395,0.011634877362841713,0.016453915608932824,45.061259233384135,0.001701055340888593,-27.692816441565473
6.319443372660576,1,25.277773490642303,3.6037706990612586E-4,-7.600403649455281E-4,8.411519278913589E-4,-62.06633505558183,-64.5493704327465,7.331251265464459E-7,0.005627473135727411,0.01495080105141044,0.01599069526496745,69.38422404734838,0.0016066772659201255,-27.940992828463937
6.321925962727608,1,25.28770385091042,3.9080306799939784E-4,-8.252983926263609E-4,9.131515771346044E-4,-60.90407607842682,-64.65035248386837,8.686095960827019E-7,0.0053201883170725115,0.014999507835973138,0.015934152397035325,70.50900463887568,0.0015954890265143463,-27.972202590525086
6.379395411029872,1,25.517581644119502,0.001145473904966732,-0.0024666641117767844,0.0027196589052242894,-51.3367066727503,-65.08802775994712,7.4322724302330045E-6,-0.0023528943161445185,0.013729851016519913,0.013953200672082375,99.76906406881008,0.001223619261965623,-29.125855344686958
6.381878001096904,1,25.527512004387624,0.001178745158168033,-0.0025401301475389674,0.0028003045672692303,-51.074009693030106,-65.10374525164764,7.881304874875753E-6,-0.0026842384273069167,0.013561034976823054,0.01385615097075822,101.2804090365383,0.0012066776050757555,-29.186681448756527
6.439347449399175,1,25.757389797596687,0.0019210961390669387,-0.004205516176369657,0.004623524950809459,-46.70803036346872,-65.44755924834242,2.140936384795501E-5,-0.00978907323786061,0.007210847537938436,0.012200889452097007,143.64012231860704,9.353987420837286E-4,-30.29070185559329
6.441830039466204,1,25.76732015786482,0.0019496769154794672,-0.004270918595813521,0.004694890356334811,-46.572252937769704,-65.46204283440699,2.2068700353203917E-5,-0.010046904657271068,0.006839606033804503,0.012208600034601702,145.72777242312984,9.366402318961186E-4,-30.285474728839702
6.499299487768479,1,25.997197951073915,0.0024791852458911864,-0.005514980786727007,0.00604660102732576,-44.37151974815355,-65.79368978802431,3.657519642996984E-5,-0.01448850958336156,-0.003391931524974568,0.01492008097943709,-152.06173182344912,0.0013997935225052176,-28.546524451164746
6.501782077835507,1,26.007128311342044,0.0024934029142637546,-0.005550230922267566,0.006084581820286858,-44.31586835297342,-65.80795359691328,3.7026388549265314E-5,-0.014596579717194596,-0.003876493916390207,0.015139334953724739,-165.2677826443462,0.0014426465083930667,-28.4228768098402
6.559251526137793,1,26.23700610455117,0.0025685891189607805,-0.00580680102481909,0.006349535586468314,-43.945171798016,-66.1382580349933,4.031670505482671E-5,-0.015052089443968877,-0.015194263831552118,0.02140725661506566,-134.8171987302921,0.0028821900644928275,-25.411643870659752
6.561734116204821,1,26.246936464819285,0.0025574787867596723,-0.005785451954999049,0.0063255170683302825,-43.97935122726882,-66.15260146523775,4.002327907872706E-5,-0.014977420180806911,-0.01564553001444105,0.021676651018050132,-133.81089621872596,0.002954816895119339,-25.30172662840863
6.619203564507092,1,26.47681425802837,0.0019193053406574285,-0.004411485283546271,0.0048109193990402465,-46.36271401615268,-66.48908472784443,2.3188785354420347E-5,-0.011270479658085279,-0.024301246371132356,0.026799037975036445,-114.9104748914733,0.004513699716163115,-23.45702180326546
6.621686154574121,1,26.48674461829649,0.0018717690000525635,-0.004305057972544941,0.004694363621525768,-46.60053221717059,-66.50426617542514,2.2160538550810448E-5,-0.01103235563000399,-0.024553235077223252,0.02692935931839775,-114.20618442531702,0.004556737407010782,-23.41389709851879
6.6791556028763885,1,26.716622411505554,2.7305241860284236E-4,-6.42865168838772E-4,6.984526436034584E-4,-63.87330995050238,-67.03642897700736,7.173822795851057E-7,-0.004169521533595992,-0.026907663406112402,0.027239053036169813,-98.8019078619385,0.0046620123939753655,-23.314455309650267
6.681638192943421,1,26.72655277177369,1.7920878318951916E-4,-4.238512716419117E-4,6.879687348818551E-4,-63.90498187533572,-59.59275654525287,6.570573530593864E-7,-0.0038333178372227396,-0.02682596949360765,0.0271111192286861,-98.09802494893952,0.00461971682357179,-23.356741617263463
6.739107641245706,1,26.956430564982803,-0.0025832970663838524,0.0061241628514314235,0.006646713731208725,-43.65701090633799,112.87586475138964,4.4834597730521456E-5,0.004297028848588868,-0.020560484615524687,0.021024867742589395,-78.1128766028492,0.0027812458188841015,-25.568875225538477
6.741590231312735,1,26.966360925250925,-0.002730733241578877,0.006478926291790464,0.007030890710872424,-43.126314593756504,112.85988686992074,5.051210296892759E-5,0.004638881642507056,-0.020092171951360607,0.020659697645408315,-76.79754173784615,0.002687840717128255,-25.72721105580733
6.799059679615013,1,27.196238718460062,-0.006785567065260387,0.01637110432553075,0.017721654993786643,-35.054544914199454,112.51554887975144,3.1545748817950745E-4,0.011806390857570468,-0.005222434154796529,0.013026046704189513,-23.629789971455168,0.001068431034546503,-29.730217901995452
6.801542269682045,1,27.206169078728173,-0.006990053775951543,0.01687707379819901,0.0182673656863708,-34.78843173221011,112.50092069667853,3.357765921141213E-4,0.01206036564945865,-0.004429753489041246,0.013018229528093065,-20.37095587244011,0.001066873924434466,-29.7345015104774
6.859011717984316,1,27.436046871937272,-0.01236568379858285,0.030358383940305208,0.0327802060491769,-29.699572997480033,112.16386592723947,0.0010770199567828056,0.016307816729945745,0.01620641717630965,0.023047495715137964,44.48384264011753,0.003351974374275324,-24.789499511660065
6.861494308051345,1,27.445977232205383,-0.012625938414813834,0.03102038124889184,0.033491475353811355,-29.51266662807447,112.14931752890116,0.0011250939381257045,0.016404506159644495,0.01714054344985822,0.023760849907739093,46.0470567003927,0.003570434682972654,-24.523789841719985
6.918963756353598,1,27.675855025414414,-0.019234440614433912,0.04806296486135562,0.05176884283100233,-25.725625086708348,111.81221099527568,0.002683818841999286,0.016560734717743834,0.038131768728519255,0.04158513163508968,66.45645983506773,0.010885740074290004,-19.64872301916303
6.9214463464206375,1,27.685785385682543,-0.019543982221240166,0.048873080352337894,0.052635981264597106,-25.58120969188534,111.79761993144045,0.00277548053422461,0.016472252297598012,0.03893170772016078,0.04228324406959296,67.02370760982569,0.011249044256894292,-19.50022773297666
6.978915794722891,1,27.915663178891563,-0.027176413993532423,0.06913999791548285,0.07428928926594933,-22.58599719156449,111.45903794427977,0.005524093300653213,0.01242396455325706,0.05330078104382262,0.05473552601645693,76.862564282955,0.018830782867412202,-17.254406497197174
6.981398384789927,1,27.925593539159703,-0.02752364741064935,0.07007664883081367,0.0752880500378347,-22.46991906298372,111.44436974826934,0.005674671996138599,0.01216907638921547,0.053655904948401126,0.0550243543169412,77.21616400756282,0.019024344134449877,-17.20729732978741
7.038867833092194,1,28.155471332368787,-0.035858395851317074,0.09291506140320367,0.09959435922777178,-20.03833772446695,111.10380784387081,0.009925415617328672,0.004829306574771311,0.05443967202389836,0.05465879103835369,84.93693405807923,0.018772804755806366,-17.265286256415376
7.04135042315923,1,28.165401692636927,-0.03622725814330733,0.09394340775093493,0.10068655661687674,-19.943519280395112,111.08904798137867,0.01014523132113154,0.004465601355364379,0.054079572628005675,0.054270711860328835,85.30554080683629,0.018518573802174202,-17.330121353338306
7.098819871461512,1,28.395279485846064,-0.04485105702377509,0.11841021360477755,0.12661990904153594,-17.952011819411606,110.7462645395227,0.01603968137672273,-0.0045331470560370565,0.036120556275881774,0.03641980866966864,97.24630293648889,0.008367027737114455,-20.805931084029606
7.101302461528547,1,28.405209846114186,-0.045222177769089995,0.11948398088227861,0.12775552585012737,-17.874366264880273,110.73140527187789,0.01632933124498046,-0.004927003434990303,0.03488969664172174,0.03528887579727975,98.41750974118155,0.007886814263703619,-21.114228000495444
7.158771909830829,1,28.635087639323352,-0.05366190797629417,0.14440318275836475,0.1540515750100641,-16.248047750872217,110.38626061332981,0.023738976259072328,-0.013710215806734816,-0.0036079245923415224,0.014838223006282127,-150.33291328107964,0.0013910005215041251,-28.610161334095558
7.161254499897865,1,28.645017999591467,-0.054014170118198764,0.14546777537928463,0.15517221086475982,-16.184996435413133,110.37129713682972,0.024085864303220957,-0.014056469961340596,-0.005695481484774762,0.015548218271565635,-160.1498453950124,0.0016471293172367109,-28.388589442572734
7.218723948200147,1,28.874895792800615,-0.061776200061397,0.16951506242785602,0.18042080503783076,-14.875152024551863,110.02369947855554,0.03255800917804991,-0.02100944595845742,-0.062265217844861706,0.06573860184337812,-108.83166633583254,0.027373007107151126,-15.711542787160834
7.221206538267182,1,28.884826153068722,-0.06208853756199085,0.17051169519944617,0.18146415460960852,-14.824975038177115,110.00862847388728,0.032935497006414204,-0.02125100593369922,-0.0650065827648558,0.06840640081278468,-108.20127903639354,0.02970271213137746,-15.350564070098889
7.278675986569461,1,29.114703946277828,-0.06870140589197334,0.19231837863142756,0.2042210989253206,-13.798522916197706,109.65851174968981,0.04171122273222812,-0.025402352881090492,-0.1329537920752589,0.1353635344198345,-100.84526810209977,0.11543610247550136,-9.402037209685146
7.281158576636486,1,29.12463430654594,-0.0689546443954445,0.19318882656348035,0.20512602098796362,-13.760036912022203,109.64333073872997,0.042081202450300205,-0.02551492873790274,-0.13598103953532634,0.13835817335824963,-100.6483041107079,0.120624149217183,-9.208850313353171
7.338628024938746,1,29.354512099755002,-0.07401046227592468,0.2114548077087772,0.2240328172231329,-12.99405599209915,109.2906441289157,0.05019395790561173,-0.02670364343904286,-0.20541153210479599,0.20714205568647265,-97.41616563647122,0.2698955839064432,-5.698188384478632
7.341110615005778,1,29.36444246002312,-0.07418900336301418,0.2121462934779917,0.22474447854284801,-12.96644015670671,109.27535115370783,0.0505127049124655,-0.02669750817698327,-0.20825564374870506,0.2099617388022208,-97.31231585296187,0.2772681158651092,-5.579412060210276
7.398580063308032,1,29.594320253232134,-0.0773791075677849,0.22575048992936367,0.23864373470882289,-12.445124084580883,108.92005361945411,0.05695244220191003,-0.025495523759696093,-0.26791383688507,0.26912524927131803,-95.43955505251354,0.4552790781688733,-3.421133076891338
7.40106265337506,1,29.604250613500263,-0.07747227634039738,0.22622020406531762,0.23911829693245815,-12.427820977173367,108.90464706801559,0.05717858891150126,-0.025407340925981875,-0.2700958814022988,0.2712891019987004,-95.37630981571996,0.4625730611859293,-3.3508430164869374
7.458532101677324,1,29.834128406709304,-0.07861336762045379,0.2343169770631525,0.24715285087864228,-12.14071831598185,108.5467042985274,0.061084961419743164,-0.022842562539354884,-0.30962110355543926,0.3104630483902283,-94.22050729406402,0.60568959272661,-2.1785244247650066
7.46101469174436,1,29.844058766977444,-0.07861628430829194,0.2345357614806376,0.24736121567622782,-12.133376376474562,108.53118280551341,0.061187691417131936,-0.02272058333666649,-0.31075060339189836,0.3115804288460592,-94.18227937868737,0.6100124041450024,-2.1469788616167813
7.518484140046631,1,30.07393656018652,-0.07766443430683513,0.23662735887633216,0.24904677626909208,-12.074381511266859,108.17056546230208,0.062024296781243785,-0.019900160605902734,-0.3228453968957896,0.32345828474761423,-93.52731810084443,0.6573811114662097,-1.821843710680942
7.52096673011366,1,30.083866920454657,-0.07757832750421202,0.2365821750667446,0.24897700762809455,-12.07682322663416,108.15492785232048,0.06198966526860467,-0.019787776884330158,-0.32270349168487755,0.3233096603782959,-93.50879026922058,0.6567842815784575,-1.8258834954038656
7.578436178415949,1,30.313744713663798,-0.07462967205252018,0.23255983726371984,0.24424105101877536,-12.24365686959297,107.7916105993042,0.059654107418065816,-0.017542881728178403,-0.3047152876448598,0.3052198589081391,-93.29487351861346,0.5853789907005224,-2.326254409931305
7.580918768482977,1,30.323675073931923,-0.0744616163103338,0.2322547745490176,0.2438992402750691,-12.255864879439791,107.77585585806001,0.05948783793740527,-0.017465617852552427,-0.3033034074720755,0.3038058770062036,-93.29592771824589,0.5800361256680352,-2.367143272813511
7.638388216785266,1,30.553552867141082,-0.06974008121000635,0.22240460795851005,0.23308262933629614,-12.64992450026466,107.40981694931298,0.054329071810854425,-0.01612324241289411,-0.25785007208510474,0.25835375132789984,-93.57890507546776,0.41955488253747986,-3.775595643465384
7.640870806852295,1,30.563483227409197,-0.06950220648560115,0.2218603476542379,0.23249213958277729,-12.672042581915774,107.39394421665607,0.054055129948212856,-0.016082856891543127,-0.25539264403139084,0.25589878081039946,-93.60549551913336,0.4117197238980269,-3.859939351962654
7.698340255154584,1,30.793361020618338,-0.0633360376576419,0.20683391596927977,0.2163139923635949,-13.298591536107786,107.02516557557706,0.0467948774014794,-0.015424234011307802,-0.18988156148631716,0.19050758825879033,-94.64887542504745,0.2283470808554537,-6.4252786046806865
7.700822845221612,1,30.80329138088645,-0.0630443144552697,0.20608573411724584,0.21551319306922848,-13.330940777562395,107.00917416048154,0.04645027350871632,-0.015401195930489931,-0.18678186598303081,0.18741690680092016,-94.72308548942105,0.22108369212342968,-6.57077753725096
7.7582922935238905,1,31.03316917409557,-0.05583433422829594,0.18683907913945202,0.19500341479592717,-14.19968064104209,106.63764201550855,0.038031085159822516,-0.014805855640405804,-0.11192737132929685,0.11290538687044527,-97.56010213499577,0.08046308501726655,-10.980493707932377
7.760774883590923,1,31.04309953436368,-0.055507079550621265,0.18593362345616457,0.1940421738714107,-14.242794617017761,106.62153143909208,0.03765834146749759,-0.014768833817090418,-0.10868643431138536,0.10969152413635802,-97.79167368333687,0.07598460497239015,-11.243335676328549
7.818244331893183,1,31.27297732757273,-0.0476903366508934,0.16364165689831053,0.17044932904724935,-15.368959890068504,106.24723774808892,0.029059020254467372,-0.013486823175468947,-0.03635907160286028,0.03881925065249534,-110.69292204563894,0.009768698318256717,-20.328713056351347
7.820726921960208,1,31.282907687840847,-0.04734660785568557,0.16263285496289145,0.16938465029347688,-15.423647829420297,106.2310078301988,0.028698254368165494,-0.013405765402888849,-0.03347580844219653,0.036344791612870256,-113.74837634639675,0.008456283335603387,-20.963870310597233
7.878196370262462,1,31.512785481049868,-0.03935936198592314,0.1385883958633937,0.14406912550058937,-16.829920551814467,105.85395302510881,0.02076266286967132,-0.010864569407164909,0.025635862319693253,0.028198820715559663,100.07288903157915,0.005064582298144051,-23.111157278794483
7.880678960329497,1,31.522715841317996,-0.039017406787000546,0.13753292818276763,0.14296039164274116,-16.897377060038465,105.83760404893184,0.020445161622404742,-0.010723028375311706,0.027761110588268925,0.029802781129757754,111.46806906912045,0.0057034423197609,-22.60001094787486
7.938148408631758,1,31.752593634527038,-0.03126118643865679,0.11304085879820444,0.11728386261618687,-18.61723496243762,105.45780228657692,0.013762265680750181,-0.006769635497227678,0.06616336691000689,0.06651453827229425,95.88343029667703,0.027862770381393665,-15.571816732393273
7.9406309986987935,1,31.76252399479518,-0.03093709887103835,0.1119936551913509,0.11618816179289491,-18.699235270582097,105.4413353202027,0.013506826110705056,-0.006572422817087591,0.0673010861055701,0.06762461497192165,95.59444670544947,0.02876205398970383,-15.420037638742457
7.998100447001065,1,31.99240178800425,-0.023750951359335134,0.08827064386534277,0.09141016679474098,-20.783060389937454,105.05882506372082,0.008361960900782449,-0.0015749064155238033,0.08195764237393272,0.0819746586058289,91.1050257055887,0.04222660203401005,-13.745094955679576
8.000583037068097,1,32.00233214827239,-0.023457649225812886,0.0872808342654477,0.09037814427265417,-20.882328968912653,105.0422426367377,0.008174394344542948,-0.0013487289456547032,0.08208247452652674,0.0820954799483534,90.94004095160149,0.04234704602205449,-13.731864484120935
8.058052485370382,1,32.23220994148153,-0.01709877209406062,0.06536989350972823,0.0675691752625977,-23.40941715499856,104.65711009619237,0.004570672276991416,0.0038729353626358863,0.07468522596449342,0.07478772341599307,87.02452667995128,0.035152905981167624,-14.542744302897708
8.060535075437414,1,32.24214030174966,-0.016845366650217717,0.06447757084899387,0.06664176961004661,-23.53039069024326,104.64041780020321,0.004446002651770928,0.004086001180167502,0.07396495210375788,0.074080753785014,86.82182649796177,0.034511020701679225,-14.628133186015784
8.1180045237397,1,32.47201809495881,-0.011479207850600293,0.04518458665977583,0.046619956136885736,-26.635332032286296,104.25285675968762,0.0021772342967124876,0.008477705376151251,0.050203319829196104,0.05091997810063567,80.37426886286508,0.01633575717474456,-17.890683293733918
8.120487113806732,1,32.48194845522693,-0.011270787582409458,0.04441863128708983,0.04582626261460741,-26.78596710948425,104.23606774890017,0.002103527502605881,0.008631887038306753,0.048948232468233877,0.04971508348793683,79.90537285249327,0.015591316773963103,-18.11010322323358
8.177956562109017,1,32.71182624843607,-0.006970576738520825,0.028275222715557564,0.02912177306540567,-30.726986043635222,103.84656824555128,8.506572685129026E-4,0.011205581752672852,0.016991814934752308,0.020415340714327563,56.10927017499275,0.0026734964665322907,-25.883188921173556
8.180439152176042,1,32.721756608704176,-0.00680838033600857,0.027652309613739184,0.02847814233702653,-30.924030781958784,103.82971977633258,8.132265151687744E-4,0.011264725715485382,0.0155778250254926,0.019466450938402272,52.87603078467639,0.0023973243148197056,-26.2732588744762
8.23790860047832,1,32.95163440191328,-0.0035630432364634765,0.01490632087824546,0.015326246515578058,-36.3143298220972,103.43991052214461,2.3643865401531673E-4,0.011391662570775759,-0.015848697693050685,0.019688347661159403,-53.30859061630927,0.0024528631110569956,-26.176490293372126
8.240391190545346,1,32.96156476218139,-0.003444957716334915,0.01443109901386734,0.014836590769074056,-36.60554363304034,103.42316289085274,2.213631756615146E-4,0.01134025832491949,-0.01706475751489546,0.020535915624898177,-56.03560735091207,0.0026865154298484142,-25.812785652478013
8.297860638847617,1,33.191442555390466,-0.001173581790229303,0.005063063194256746,0.005197299668037896,-45.770103993057596,103.04380676136138,2.7804845001067084E-5,0.008951250614112161,-0.04056667455145068,0.04155119634759525,-77.49413531977366,0.010871811594887607,-19.65775317849848
8.300343228914645,1,33.20137291565858,-0.00109487413303258,0.00472937614465886,0.004854456640588002,-46.51288440302303,103.03065218248011,2.414194110945822E-5,0.008799948078939999,-0.04132047561623395,0.04225263861048124,-77.94857216712039,0.01123004457255714,-19.505610436052017
8.357812677216895,1,33.4312507088676,3.345946116419764E-4,-0.0015092461544244714,0.0016454627176475214,-55.690790119606945,-70.01707085416304,2.7160314850113643E-6,0.004434444974649692,-0.05226770395864866,0.05245849697513387,-85.14210828667784,0.017293701756517683,-17.6226813049148
8.36029526728393,1,33.44118106913573,3.804178655791755E-4,-0.0017163247030592165,0.00175797908035745,-55.265750929577116,-77.49409619581259,3.2923125728340374E-6,0.004218459426354471,-0.05243428255307655,0.05260665917728713,-85.40018484944162,0.017388469532648426,-17.597387319739195
8.417764715586191,1,33.671058862344765,0.0011307296172911772,-0.005249180035793976,0.005369585674002824,-45.417836736520165,-77.84144795081718,2.8923291388948385E-5,-0.0010922821707449212,-0.049664149711606424,0.04967915979265021,-91.26757666809873,0.015509478201174601,-18.095379424682132
8.420247305653223,1,33.68098922261291,0.0011510404691688892,-0.00535078434949482,0.00547318974820427,-45.24026965405578,-77.85824496397727,2.999464490734332E-5,-0.0013214674655827022,-0.049269943359171516,0.049291646198564486,-91.55594061505917,0.015275689540904105,-18.165711813123792
8.477716753955491,1,33.91086701582197,0.0013957885575358556,-0.0067139975237012805,0.006857551356415913,-43.277409913885826,-78.25539343048293,4.70342285893013E-5,-0.006305442511890653,-0.03496132616738166,0.03553239846747706,-100.27061712285612,0.007949349032493839,-21.013659441915625
8.480199344022527,1,33.92079737609011,0.0013980268909577745,-0.0067346942556275645,0.006878271030746197,-43.25042177108003,-78.27270997731954,4.7310694027024665E-5,-0.0064928199218141245,-0.034161572048479076,0.03478613238715338,-100.86601888689862,0.007627504540407218,-21.207059328791757
8.537668792324812,1,34.15067516929926,0.0013043322443718885,-0.00651277728827865,0.0066421061474799415,-43.55420764758975,-78.67539681850513,4.4120952166092355E-5,-0.009954550075691342,-0.012977706835583531,0.016409521368593843,-127.89902310010118,0.0017133845088204765,-27.757821744358203
8.540151382391848,1,34.160605529567384,0.0012953385861244836,-0.006477876606949258,0.006606119124123511,-43.602463744484446,-78.69282782695002,4.365404050286982E-5,-0.010055346730266817,-0.012007196640279246,0.01581524569574388,-130.72584073726833,0.0015779673478371204,-28.058913878533996
8.59762083069413,1,34.39048332277653,0.0010104491100244967,-0.005244708032143742,0.005341159625154095,-45.45036101904412,-79.09610280441258,2.8549856909721458E-5,-0.011174601826556387,0.010237695757417191,0.015289166002783381,123.26450744468319,0.0014738409684371735,-28.349055760198663
8.600103420761165,1,34.400413683044654,9.959861618763462E-4,-0.005177917485193309,0.005272838969745776,-45.564831870917786,-79.11344735565196,2.7835528909360187E-5,-0.011165413057082465,0.01112710656272123,0.015814962923414107,135.4761860012643,0.0015881906561976758,-28.072268233190012
8.657572869063461,1,34.63029147625382,6.385194446308414E-4,-0.0034480071209064757,0.003506631950830861,-49.11277145104027,-79.51065541616876,1.2331162806934866E-5,-0.009699203036229277,0.02893464230281166,0.03052796963842936,108.6139596338621,0.00586847898517627,-22.335399531592607
8.660055459130483,1,34.64022183652193,6.229994456214051E-4,-0.0033696166150393096,0.0034267256513727277,-49.32021521343493,-79.5273556427697,1.1781727945252968E-5,-0.009583630360117099,0.029534449938891868,0.03105746854454893,108.01805814695896,0.0060684185951742475,-22.179967198201712
8.717524907432757,1,34.87009962973102,2.7891758991550213E-4,-0.0015631256360574238,0.0015878155298890981,-56.027619419002576,-79.88684456501775,2.5550190912185968E-6,-0.005920499964140223,0.03897735090009293,0.039428152150389445,98.64995242177407,0.009770129375593918,-20.10320409813248
8.720007497499786,1,34.88002998999913,2.653264901875707E-4,-0.001488831205683072,0.0015122885220757941,-56.50865895339792,-79.89710227638972,2.319191129415414E-6,-0.005727930219874254,0.03916716471644406,0.03958729665806486,98.32280720850869,0.009846851540383013,-20.067142063347074
8.77747694580205,1,35.1099077832082,-1.1820916087148563E-5,8.810693518330776E-5,1.4265009715673505E-4,-77.75619268839121,90.81851628393322,3.143633222209236E-8,-7.833122099526716E-4,0.038665080082048525,0.038676302653197964,91.15434970656315,0.009399445454946155,-20.269618609218757
8.779959535869079,1,35.119838143476315,-2.1832449427901975E-5,1.477158480496447E-4,1.493240525521084E-4,-77.6764413443207,98.23518637725314,4.1178309279574126E-8,-5.612859451491951E-4,0.03843287229441255,0.03844110859513958,90.81821923223579,0.009288774421823288,-20.324279615449438
8.837428984171332,1,35.349715936685335,-2.0727128824671187E-4,0.0013076879886420923,0.0013240126491769057,-57.600344590504434,99.00870904189696,1.7644036018028899E-6,0.004456092721340575,0.028913283820253512,0.029261155068439033,81.19658567459972,0.005387511117531249,-22.69798857442879
8.83991157423836,1,35.359646296953464,-2.1317400491661486E-4,0.0013470283227920155,0.0013637923398181167,-57.3191579871325,98.99516821453113,1.8670952394378208E-6,0.004653846842411662,0.02834864185137322,0.028739218722044678,80.58771299248961,0.00520187367595638,-22.86089192247828
8.897381022540625,1,35.58952409016249,-3.049861697142396E-4,0.0020129488145830304,0.002035922705035028,-53.82824135191113,98.61656059505414,4.1480114022512685E-6,0.008542576154905607,0.012810067709632283,0.015432625615746421,56.02209691699879,0.0015081517811859012,-28.27637313745875
8.899863612607657,1,35.59945445043064,-3.070858128361272E-4,0.0020308411284285324,0.002053927930699268,-53.74927692225533,98.59928321483308,4.219617400985885E-6,0.008669332458691576,0.012074378940275582,0.01495209839489776,53.774708060303226,0.0014103336023709209,-28.545982002666122
8.957333060909932,1,35.829332243639726,-3.191808495748367E-4,0.002217536805832874,0.002240390262837276,-52.993571421683455,98.19074064619167,5.019399970703604E-6,0.01052619839447332,-0.005294932493438621,0.011909213580803529,-26.308117591374117,8.917608845792594E-4,-30.503835549305975
8.95981565097697,1,35.83926260390787,-3.1830854859480283E-4,0.0022162495802446475,0.002238992048337715,-52.9991196082745,98.1729327197334,5.01327858903739E-6,0.010553344320723362,-0.006012461883630103,0.012211165923715786,-29.244335257504677,9.450460091349451E-4,-30.312696060263246
9.01728509927926,1,36.06914039711704,-2.733660459140282E-4,0.0020057398889755454,0.002024283535690782,-53.875529534176486,97.76049447387186,4.098667920038379E-6,0.009982981806849476,-0.02091793981740571,0.023192329229717274,-64.37189697313005,0.0033878466502383175,-24.72382997133989
9.019767689346288,1,36.07907075738516,-2.7058799390275776E-4,0.0019898471860951574,0.002008161281612851,-53.94657620283527,97.74281975184806,4.034906059309355E-6,0.009906385207746535,-0.021447030554094873,0.02363326665696824,-65.14896626024029,0.003515361005353732,-24.554336399550216
9.077237137648588,1,36.30894855059435,-1.9383813378439073E-4,0.0015041722323598761,0.0015166109079258515,-56.38772303958204,97.34159906430823,2.3031690962085738E-6,0.007101190947553923,-0.030505107456644365,0.03132503084290322,-76.8757168224887,0.006167846355493766,-22.102190064576497
9.07971972771561,1,36.31887891086245,-1.9021600794446786E-4,0.0014793861163463983,0.0014915650356061591,-56.536774195033516,97.32502986966223,2.2290150607406534E-6,0.006941443640845536,-0.03073285670752219,0.031510858181303135,-77.26507084742501,0.0062392579169156595,-22.049314379142203
9.137189176017905,1,36.548756704071614,-1.0464221681618838E-4,8.545046675209247E-4,8.608882263528249E-4,-61.32181469229785,96.97917599771637,7.454711471660776E-7,0.002617222562649592,-0.032192246870497904,0.0323016885239943,-85.35466964253176,0.006555943991666747,-21.833745476750597
9.139671766084927,1,36.558687064339715,-1.010628094928546E-4,8.266208220799307E-4,8.327759062443695E-4,-61.630705373678744,96.96902526568212,6.983264424118891E-7,0.00241394118775263,-0.03208508025154971,0.03217954812451929,-85.71115214213316,0.006507826385502892,-21.867611133813856
9.197141214387194,1,36.78856485754879,-2.430488672926746E-5,1.9020622533707775E-4,1.9175334115107757E-4,-74.59845915756094,97.31106925196428,4.084899885415176E-8,-0.0023773317007241257,-0.026109941846715105,0.026223100623731385,-95.23307054839003,0.004324258544908504,-23.647866252019895
9.199623804454223,1,36.7984952178169,-2.138448739016852E-5,1.642653767082828E-4,1.7652925572091333E-4,-75.07839816423571,89.76467828872826,3.125048876139999E-8,-0.0025755275583970103,-0.025715367914912614,0.025851998518909666,-95.7827759067853,0.0042058353029559604,-23.776141659132453
9.257093252756476,1,37.028373011025906,3.566288189165799E-5,-3.8069642451559843E-4,3.8236360139647666E-4,-68.50182940216678,-84.66755750653681,1.4892229262000817E-7,-0.006705626301478305,-0.014201294699744873,0.015724548351329474,-115.44333658792215,0.0015608968477793413,-28.103610838534355
9.259575842823505,1,37.038303371294035,3.760496962444417E-5,-4.009712424255454E-4,4.0273078202267054E-4,-67.94195647375642,-84.6407731869143,1.6429304601485202E-7,-0.006852871015477659,-0.013630726116478059,0.015299819058930308,-117.04099469605984,0.0014766480776094053,-28.34611184268953
9.317045291125758,1,37.268181164503034,7.073082018140753E-5,-7.858870273130732E-4,7.890636378135917E-4,-62.0673637142132,-84.8557615408645,6.238089198214016E-7,-0.009384654829624582,3.6554343085901927E-4,0.009500885593505752,162.8000120081733,5.675256705227326E-4,-32.46549768735272
9.319527881192794,1,37.27811152477118,7.164344409560838E-5,-7.983605335627338E-4,8.015688927817077E-4,-61.925255534191884,-84.87082100534337,6.431735383919197E-7,-0.009448453584121918,9.673925939697867E-4,0.009586856798551327,174.52811415889303,5.801598365209775E-4,-32.40147584755805
9.376997329495047,1,37.50798931798018,8.217941930257298E-5,-9.921044571078936E-4,9.955024829427434E-4,-60.04013166945794,-85.26419659280361,9.912383720660165E-7,-0.009846905569602299,0.014021774821115624,0.017155495743854395,125.2636080756448,0.001854520326116461,-27.345158065280124
9.379479919562076,1,37.517919678248326,8.221390977287365E-5,-9.962281630837829E-4,9.996150784102136E-4,-60.00345911509303,-85.28211338919559,9.99257204341593E-7,-0.009815157361118099,0.014512790608539551,0.017532641618831817,124.16812219601822,0.001936446991417216,-27.15107860147855
9.436949367864354,1,37.747797471457424,7.526385914420265E-5,-0.0010024531056345312,0.0010052748223089965,-59.954372163617734,-85.70648003005256,1.0105935494679024E-6,-0.008055165079679674,0.023650856912832217,0.024990120576517817,108.84107672187467,0.003926580604491707,-24.066079641884954
9.43943195793139,1,37.75772783172556,7.469114326705869E-5,-9.990447301885203E-4,0.001001833186759773,-59.984800547409854,-85.72494398823308,1.0038272052851707E-6,-0.00793812166287297,0.02392406986564018,0.025210884503029843,108.37222741957828,0.003994564954090249,-23.987521152535518
9.496901406233683,1,37.98760562493474,5.717176858927458E-5,-8.491649384649358E-4,8.51087626517385E-4,-61.402496916739054,-86.14920075958814,7.247029323899405E-7,-0.0044889937149435784,0.02727241532918079,0.027642454971613866,99.35017419935178,0.004801075493605945,-23.18672414989481
9.499383996300711,1,37.99753598520286,5.6299984802657165E-5,-8.400382336785296E-4,8.419229570707599E-4,-61.49888511249441,-86.16702063703598,7.094749519196371E-7,-0.004315957885864313,0.02727802178604717,0.02762064296878095,98.98409106607951,0.0047937000280712785,-23.19376523660797
9.55685344460301,1,38.22741377841207,3.516129479577775E-5,-5.836158810325234E-4,5.846742609664525E-4,-64.67052209327099,-86.55405405451685,3.4263671718695204E-7,-1.2714871173214365E-5,0.02441468385917659,0.024418444569522052,90.01179001512607,0.0037477601517998445,-24.2653160433228
9.559336034670043,1,38.23734413868018,3.4267529988971765E-5,-5.711377965431685E-4,5.721649359934808E-4,-64.86612980954835,-86.56814036055258,3.283987133015475E-7,1.7547752694401653E-4,0.024167370020330224,0.024173193046782185,89.54562479817626,0.0036747694487774237,-24.35573485194505
9.616805482972328,1,38.467221931889334,1.5150597915293042E-5,-2.654386242894567E-4,2.6587065358534424E-4,-71.55226684893152,-86.73372742973261,7.168764183781004E-8,0.004338205225778354,0.016115611357842376,0.016699148487732525,74.84615685671955,0.001756531872335446,-27.57378452541764
9.619288073039357,1,38.477152292157434,1.4435082790164865E-5,-2.5208681513886277E-4,2.525001133231387E-4,-72.08458279718974,-86.70302660730161,6.482563106693753E-8,0.0044989581169874214,0.01568668590755492,0.016337693150183442,73.81546352872223,0.0016822316526093496,-27.77047399955306
9.676757521341624,1,38.707030085366505,8.97328630274698E-7,4.762637442312108E-5,5.550201758284304E-5,-85.18097922220605,82.05201654226886,3.148437902401672E-9,0.0075988365789658755,0.004581812758657691,0.008932171312764239,30.734593213645237,5.038392779083081E-4,-33.017255109196626
9.679240111408657,1,38.71696044563462,4.629504644848438E-7,5.964527340450576E-5,5.965054312527772E-5,-84.92231266937326,89.38519828133647,4.353652342370776E-9,0.007697459454659033,0.0040791272072524115,0.008802271876257744,27.795461988603094,4.868219339759983E-4,-33.12631283780144
9.73670955971091,1,38.94683823884364,-6.22027001334845E-6,3.0787767913350244E-4,3.0794051111221303E-4,-70.26387908282163,91.15679053917019,9.537497334719225E-8,0.009087831455903372,-0.007390710014160548,0.011753862461746473,-38.8097799985747,8.703212062790532E-4,-30.628196095849976
9.739192149777942,1,38.95676859911177,-6.3650926524863116E-6,3.169068943704592E-4,3.169708623739865E-4,-69.99423409987853,91.1524782727185,1.0087240626559213E-7,0.009104909013664592,-0.00784957249896352,0.012043068251724576,-40.57553677362237,9.151989888815255E-4,-30.419071316113474
9.796661598080192,1,39.186646392320775,-6.912265378861308E-6,4.830130395802274E-4,4.830625967728444E-4,-66.32423324123128,90.82107820211179,2.3355896851341284E-7,0.008545286207008463,-0.017085245046658825,0.019110212843902526,-63.36581551344965,0.002297522506537254,-26.399071642245076
9.799144188147228,1,39.19657675258892,-6.832848769300908E-6,4.8810029732081065E-4,4.8814830296906205E-4,-66.2306785231222,90.80299176077823,2.383886672922342E-7,0.00848022632111519,-0.017399976634027276,0.019361698204691254,-63.98294116783103,0.0023571789596872205,-26.282342109859382
9.856613636449488,1,39.42645454579795,-3.335851051420159E-6,5.584226528269177E-4,5.584328079041334E-4,-65.06088559709437,90.34266354990022,3.1186848086143144E-7,0.006168961139828036,-0.022465937411952252,0.023300598510067508,-74.63343148336841,0.0034117758404832747,-24.67155093720592
9.859096226516524,1,39.436384906066095,-3.140125527785128E-6,5.593495286041794E-4,5.593585799313577E-4,-65.04619426925291,90.3216336754526,3.128820461642523E-7,0.006039160536146581,-0.022574670190231363,0.023371458308979284,-75.02111642865643,0.00343205071833905,-24.64450697679331
9.916565674818791,1,39.66626269927518,1.7068564305539206E-6,5.365950404698427E-4,5.365979849240144E-4,-65.40732650823355,89.81730519092545,2.879582988020595E-7,0.002547078510226669,-0.022583643968178142,0.022729551893246745,-83.57210725168623,0.0032463154707548557,-24.88666780147429
9.919048264885827,1,39.676193059543316,1.9020096675628028E-6,5.337970648791696E-4,5.338006862229734E-4,-65.4536866421855,89.79491905727411,2.8502215051784874E-7,0.0023831677494976665,-0.022474032185555434,0.022603338670585692,-83.96625144076768,0.0032112625568347314,-24.936349850740726
9.976517713188116,1,39.90607085275248,5.550431858779184E-6,4.3417773401941226E-4,4.342134289254704E-4,-67.24890416894668,89.26610855373848,1.8868081328997236E-7,-0.0014908035713957506,-0.017711522854144787,0.017778916028630333,-94.85129919367182,0.0019881760494394373,-27.024324914513453
9.979000303255145,1,39.91600121302061,5.648539794226387E-6,4.285835840749984E-4,4.286209857567335E-4,-67.36458642210253,89.2428852568362,1.8394382799814278E-7,-0.0016523314801924118,-0.0174200844581419,0.017505805663458072,-95.49811333214167,0.0019288735876481374,-27.163315561701918
10.036469751557444,1,40.145879006229784,6.281973929455686E-6,2.774682450310765E-4,2.775395130861791E-4,-71.1462597287892,88.6997733168674,7.729404991448415E-8,-0.005066630244442499,-0.009201637372156495,0.010523348375449423,-119.03613457750615,6.990513919974234E-4,-31.591967950091494
10.038952341624476,1,40.1558093664979,6.227149841944763E-6,2.702929291397397E-4,2.703647443067427E-4,-71.38613332338149,88.67636587639609,7.342887286377306E-8,-0.005191616030773909,-0.008802418979318915,0.010258974445095917,-120.88484229197105,6.632066543512564E-4,-31.8113576174552
10.096421789926762,1,40.38568715970705,3.1005039480700235E-6,9.720408712923922E-5,9.725358757154465E-5,-80.33731746459016,88.16407392144201,9.773857435375796E-9,-0.007445274959649316,8.841351569603413E-4,0.00756550942537612,158.4232790705773,3.596305283536128E-4,-34.44144106803403
10.09890437999378,1,40.39561751997515,2.886027088569989E-6,8.973191966229453E-5,8.977853342276559E-5,-81.92492813927541,88.31629770805745,8.391423962895427E-9,-0.007509071036719938,0.0012982546803749708,0.007669760166666588,170.5160254539443,3.712323408415065E-4,-34.33849558675354
10.156373828296058,1,40.62549531318423,-3.609902962380848E-6,-7.651686075090871E-5,7.678487007320866E-5,-83.228072882629,-85.04404109449247,6.136145705858114E-9,-0.008183044637121373,0.010270685737175184,0.01314542728103369,128.69155696523993,0.0010882416246703872,-29.654457742513856
10.158856418363087,1,40.635425673452346,-3.9445539816608815E-6,-8.312774797376683E-5,8.322135118328659E-5,-81.69356443012727,-92.70666310482981,7.165075815211723E-9,-0.008175191258351979,0.010609408474822382,0.013402062283478748,127.69759287214576,0.001130854762929849,-29.4825599236043
10.21632586666534,1,40.86530346666138,-1.2466893096400598E-5,-2.18497697163028E-4,2.188531629131914E-4,-73.21494582066167,-93.26204603414774,4.8058537667743967E-8,-0.007204227311671875,0.01697598078445206,0.018445061330661684,113.02481847474986,0.002138901804528031,-26.703310419834477
10.218808456732376,1,40.8752338269295,-1.2848425012737508E-5,-2.233652583247611E-4,2.237346784627815E-4,-73.01412212500352,-93.28887549359942,5.017309926337437E-8,-0.007129799335947591,0.017170872572806754,0.018595320151731896,112.5643368176641,0.002173128471528157,-26.63106736055028
10.276277905034632,1,41.10511162013853,-2.1467026459551983E-5,-3.114117707492349E-4,3.1215099750766677E-4,-70.11549958393059,-93.94176627120268,9.749617707350772E-8,-0.004794448953672253,0.019717037913911398,0.020293759021363805,103.67015098927426,0.002587679828650423,-25.87100871420611
10.278760495101665,1,41.11504198040666,-2.1806602045578403E-5,-3.140200946212177E-4,3.147766277432892E-4,-70.04100447818382,-93.97125125683245,9.910954086062587E-8,-0.004672028005302908,0.019734697812084565,0.020282459108883356,103.31346289281042,0.0025848676269405887,-25.875964753419225
10.336229943403929,1,41.34491977361571,-2.845890772733334E-5,-3.472520648655645E-4,3.4841656745863574E-4,-69.15816538776575,-94.68476266155986,1.2139798656495064E-7,-0.0015183742933199016,0.018136306019163065,0.01820220231285751,94.77067712026967,0.0020823291506672087,-26.816880172638257
10.338712533470957,1,41.35485013388385,-2.8672168328342055E-5,-3.474775472351296E-4,3.4865883973023983E-4,-69.15200968463283,-94.71727424036074,1.2156363397826962E-7,-0.0013753277019390843,0.017983085017389912,0.018038813000979325,94.34224569543514,0.0020459973655931334,-26.8974168943504
10.396181981773239,1,41.58472792709295,-3.161236757580723E-5,-3.272732196658972E-4,3.287968168651402E-4,-69.66187836812286,-95.51811764081577,1.0811839258158028E-7,0.0019151589746540332,0.012814279940157571,0.012962133519360404,81.4331504230776,0.001057749146033583,-29.772180852836385
10.398664571840271,1,41.594658287361085,-3.163725697076013E-5,-3.253521259831675E-4,3.268871375346827E-4,-69.71352354983235,-95.5557168683474,1.068895941404287E-7,0.002048893125164123,0.012532211918151747,0.012708343282617775,80.58059858845992,0.0010173803658307758,-29.949860009002755
10.456134020142557,1,41.82453608057023,-2.9796105793918985E-5,-2.606423484214248E-4,2.623404315220037E-4,-71.6260053520676,-96.52464097612204,6.887951876875013E-8,0.0048082208728831444,0.005082576207806139,0.007026064697502332,46.27147922376807,3.119622525556409E-4,-35.10441379612013
10.458616610209589,1,41.834466440838355,-2.960537577345226E-5,-2.5709226754811577E-4,2.587918195520371E-4,-71.74763647168005,-96.57379022274128,6.706388640558013E-8,0.004906426715671275,0.004738078636712784,0.006875778040907135,43.681789627402466,2.9727144005515296E-4,-35.27537175473013
10.516086058511878,1,42.06434423404752,-2.280181292071285E-5,-1.6216005936777863E-4,1.6375622884342873E-4,-75.73033489208395,-98.01453074929488,2.692075099034821E-8,0.006615176481306757,-0.003307237906054501,0.007435070624371247,-26.23463494950394,3.4792341380784653E-4,-34.60093180064249
10.518568648578906,1,42.07427459431563,-2.2408348056761153E-5,-1.576722696387525E-4,1.592579879567291E-4,-75.98694862152746,-98.10938479219874,2.5493358254221276E-8,0.006660418745077236,-0.003638940540472538,0.007611369948689905,-28.397072364069306,3.658528630347371E-4,-34.40716111123105
10.576038096881192,1,42.30415238752476,-1.1385802884685707E-5,-4.9489175853085084E-5,5.079063359843535E-5,-86.01353027030858,-103.1212401934121,2.7035949262182543E-9,0.007042230674643321,-0.010578059519995948,0.012714171011746012,-56.26302196459208,0.001017364053260622,-29.940709927029534
10.578520686948217,1,42.314082747792874,-1.0840326988070697E-5,-4.4810543804175545E-5,4.691896068363283E-5,-86.82767720264263,-94.36747956765268,2.2575879571450505E-9,0.007028736591056894,-0.01082918840037185,0.012914539065493075,-56.96747298504722,0.0010491928430440274,-29.80131409782463
10.635990135250491,1,42.54396054100195,2.8666544473809527E-6,5.96645640894347E-5,5.977462031729389E-5,-84.79411203808559,88.09642520813021,3.6764047474047693E-9,0.006088132227665289,-0.015297530317505501,0.016466700527093342,-68.28080776005484,0.0017042365094309517,-27.687517692481997
10.63847272531752,1,42.553890901270066,3.4845851694108757E-6,6.384264686187956E-5,6.394230926977071E-5,-83.95613200591387,86.95790234915377,4.186304692210263E-9,0.006022088949793181,-0.015421244787435435,0.016557289679829303,-68.66179111086961,0.0017226260443337408,-27.638734427667025
10.695942173619777,1,42.78376869447911,1.7819445285573696E-5,1.5002905139655022E-4,1.5108458485323448E-4,-76.43116899195057,83.23968375749394,2.289425574069714E-8,0.004022702564377136,-0.016649267622095197,0.017129849710475646,-76.4178218691563,0.0018436898554564031,-27.343139147318432
10.698424763686809,1,42.793699054747236,1.8415202714017443E-5,1.531604832552366E-4,1.5426449767636224E-4,-76.24270307943834,83.15219145858548,2.384753992279718E-8,0.003920130634522572,-0.016627827471063478,0.01708529776207073,-76.74345684853066,0.0018343346303123617,-27.36630527410229
10.755894211989066,1,43.02357684795626,3.115035240959398E-5,2.1060700139743634E-4,2.1289883200093117E-4,-73.43924414620783,81.59001652881533,4.535207893793162E-8,0.0013129123447131513,-0.014557045426600204,0.014618021605012712,-84.86561884805349,0.0013432877626932945,-28.722416553302843
10.758376802056095,1,43.03350720822439,3.163015914727316E-5,2.1235006123154952E-4,2.1469355115062794E-4,-73.36473179342765,81.5302483375435,4.610570923263542E-8,0.0011957565392528202,-0.014403393489906727,0.014455521986010604,-85.29177447056499,0.0013142705013805649,-28.822383302433547
10.815846250358359,1,43.263385001433434,4.073669971013926E-5,2.3571285859051293E-4,2.3920773201591142E-4,-72.4246879981886,80.19569335650556,5.7222820874662796E-8,-0.0014839826870703655,-0.0096483195516747,0.009766739823230395,-98.82940802993373,6.010189942665754E-4,-32.23366637968807
10.818328840425394,1,43.27331536170158,4.102296653680458E-5,2.359544432137622E-4,2.394948006036269E-4,-72.41408107482573,80.13704023799518,5.735779722762958E-8,-0.0015926018944623203,-0.00940129316732349,0.009544696995846853,-99.79278134856919,5.743248795202891E-4,-32.44080361660851
10.875798288727676,1,43.50319315491069,4.499768191211008E-5,2.2516577853425336E-4,2.2961882486771104E-4,-72.78012782698129,78.69751683864004,5.272825857515607E-8,-0.0038359125302045174,-0.0030775510078542116,0.004950905874079371,-141.66658693291407,1.5502625579593543E-4,-38.1476215137035
10.878280878794705,1,43.51312351517882,4.5041306732070845E-5,2.240118327350975E-4,2.284961659417063E-4,-72.82351849818674,78.62852683927228,5.2223050996048026E-8,-0.003916264566548372,-0.002792213105472936,0.004864598299391645,-129.78615369876752,1.4868836527406196E-4,-38.27729341728104
10.935750327096994,1,43.743001308387974,4.314065344417614E-5,1.837162965932845E-4,1.88714861115918E-4,-74.48640879325336,76.77999086751795,3.563562629259156E-8,-0.005336356952110188,0.0037434519952274374,0.006541995628607514,145.2978969037292,2.6972810291952794E-4,-35.72010219434266
10.938232917164022,1,43.75293166865609,4.2928480548516134E-5,1.814538299748499E-4,1.8646452198898156E-4,-74.59325693865898,76.68070138113079,3.4806251737907765E-8,-0.005375598089631979,0.004008010353310783,0.006717201757518917,143.4969019126276,2.8495747082899674E-4,-35.492820444295326
10.995702365466311,1,43.98280946186524,3.5277350702286454E-5,1.1987580789022763E-4,1.2496204843742456E-4,-78.07514092311634,73.58196123825633,1.566014755317894E-8,-0.005771249574689626,0.00944623693626009,0.01107329124066692,121.48547596450126,7.715605449291932E-4,-31.139909321570343
10.99818495553334,1,43.99273982213335,3.4833863993301244E-5,1.1691496067091752E-4,1.2199959549093125E-4,-78.29369486097507,73.36809578320158,1.4941244034301055E-8,-0.005765266836807844,0.009638965230358803,0.011234009505003473,120.91895978013736,7.937225081007966E-4,-31.01134023965932
11.055654403835614,1,44.22261761534247,2.2398374567543128E-5,4.4375360499289106E-5,4.973603799363827E-5,-86.13465976571908,62.994691286217915,2.529130201159356E-9,-0.005142566068843211,0.012974668166281872,0.013957941303746441,111.63382373179073,0.001224412004075789,-29.122876932641535
11.058136993902643,1,44.23254797561058,2.178164196112992E-5,4.1181543232428466E-5,4.6792787406322235E-5,-86.77340716839375,60.64635161554782,2.234643429745581E-9,-0.005095970631318205,0.01306209672457081,0.014022080579269904,111.31703402553192,0.0012354446943778333,-29.08213375609472
11.115606442204914,1,44.46242576881967,6.2165520668515784E-6,-3.149932370378046E-5,3.273684290001331E-5,-89.79432675237126,-76.03726032499118,1.0860849290589856E-9,-0.0036483086898639436,0.013771195036810508,0.014247142908880153,104.83618414930037,0.0012753803562433426,-28.943688235000174
11.118089032271943,1,44.472356129087785,5.50930303406845E-6,-3.447313366457191E-5,3.4973389750568616E-5,-89.23559275415676,-80.42637752931215,1.271693186310126E-9,-0.003572766159037645,0.01374276151878625,0.014200512301602389,104.56423077815569,0.0012672354769824063,-28.97284365966007
11.175558480574207,1,44.70223392229682,-1.1091280660099056E-5,-9.746391901708576E-5,9.810005800539577E-5,-80.1879697484968,-96.44082586694256,9.661471409301214E-9,-0.0016271902541746149,0.01185038139608898,0.011962652255369029,97.80113381129648,8.996679197229187E-4,-30.463959580409984
11.178041070641235,1,44.71216428256495,-1.1793896937935249E-5,-9.983589501310835E-5,1.0053452066193563E-4,-79.96509964581126,-96.71076639528579,1.0138112216425015E-8,-0.0015385808357501402,0.01171884101604335,0.0118208551839695,97.44674572449351,8.789545611931362E-4,-30.570687616452556
11.235510518943492,1,44.94204207577398,-2.7201446737384897E-5,-1.4549241293602716E-4,1.4801543096876327E-4,-76.59790614841674,-100.5803912424061,2.1927124549764364E-8,5.176783928330639E-4,0.007754569021664498,0.007774678715910207,86.10246286749894,3.810313954742681E-4,-34.21666973254563
11.237993109010525,1,44.95197243604211,-2.7805487788337157E-5,-1.469950114805785E-4,1.4960365740125553E-4,-76.50317581387095,-100.70531178184869,2.2392368147582724E-8,6.026025107778147E-4,0.00755181618699892,0.007581463521519944,85.2652564263447,3.626285744436058E-4,-34.4455119587144
11.295462557312792,1,45.181850229251175,-3.9971043926138775E-5,-1.7064611190809292E-4,1.7526631204510827E-4,-75.12661723820489,-103.18021382571467,3.07222803107445E-8,0.002399282465603009,0.002410145761167235,0.003426733057123882,44.55271061568897,7.46790319947275E-5,-41.36061777418889
11.297945147379824,1,45.19178058951931,-4.0396771846145446E-5,-1.71149815018685E-4,1.7585423421677166E-4,-75.09703846636587,-103.27942698788009,3.092539835276289E-8,0.0024660516916766542,0.002179643944671911,0.003343478374585115,41.1349580971844,7.024191359990876E-5,-41.534429327789034
11.355414595682099,1,45.42165838272841,-4.772903237310587E-5,-1.7141618206073682E-4,1.7793847902710842E-4,-74.99462382531239,-105.55981926921781,3.1662258703688045E-8,0.0037156347244262137,-0.0030793483183491617,0.004843812933065325,-39.19558385758468,1.4812113593403942E-4,-38.34099940302171
11.357897185749142,1,45.431588742996546,-4.792148438780247E-5,-1.709329732339072E-4,1.7752518403937013E-4,-75.01516024477469,-105.66334501047233,3.151772876639585E-8,0.0037544520175959405,-0.003291778076034229,0.005000877334524577,-41.02074874196362,1.582510139232458E-4,-38.061989482548604
11.415366634051416,1,45.66146653620568,-4.949188529062315E-5,-1.4959006462338077E-4,1.5756681413535352E-4,-76.05179327280115,-108.31144137993311,2.483382969391474E-8,0.004295417062774037,-0.007658012392139387,0.008782437176260396,-60.65446180700297,4.8546430827567697E-4,-33.154503070726534
11.41784922411846,1,45.67139689647381,-4.942766948215583E-5,-1.4825843867502216E-4,1.5628348862516608E-4,-76.12424812511681,-108.44618713849313,2.4437628638631083E-8,0.0043024196874493215,-0.007813132478533767,0.00892072556719397,-61.12924679887878,5.005805704794547E-4,-33.014682001898926
11.475318672420745,1,45.901274689682985,-4.507779213686422E-5,-1.0971117683413886E-4,1.186151695779328E-4,-78.52213705229566,-112.3525789361085,1.4087280056969999E-8,0.004114423600317229,-0.01051559503591879,0.011292514990249723,-68.6201974978556,8.01469229586924E-4,-30.963714228864145
11.477801262487777,1,45.9112050499511,-4.4767365349411064E-5,-1.0776660410941357E-4,1.167017580851301E-4,-78.66765259779264,-112.58773622340095,1.3644264042930786E-8,0.004091711129771583,-0.010587732612086927,0.011351396508890022,-68.86626116732037,8.096671146774984E-4,-30.917489163379354
11.535270710790051,1,46.14108284316023,-3.510893119771203E-5,-5.824441963674146E-5,6.802454743441579E-5,-83.3668145501491,-121.16347357004905,4.6535618070469915E-9,0.003283157764741347,-0.011223170063634318,0.011693911069821372,-73.6947775909898,8.592127560835588E-4,-30.659018255585078
11.53775330085708,1,46.151013203428334,-3.459427758769184E-5,-5.598055568104768E-5,6.584798485973525E-5,-83.66807081427062,-121.9260146927302,4.364594227087686E-9,0.0032377278456950857,-0.011204075082803133,0.011662876285380609,-73.88706356988932,8.54760752605963E-4,-30.682640557085396
11.595222749159355,1,46.38089099663742,-2.0907132269514286E-5,-2.5838339742563396E-6,2.1457544751794043E-5,-93.46200506399765,-174.2334104765047,4.754406613680786E-10,0.0020113631817210383,-0.009785980651472116,0.009990918376588182,-78.39573290261879,6.274770083326984E-4,-32.02803610984638
11.597705339226376,1,46.390821356905526,-2.025538444244238E-5,-3.1031203863463294E-7,2.0994567235543542E-5,-93.57956654829798,-163.9075510471772,4.434854650683633E-10,0.001953285951326238,-0.00968509404820999,0.00988054521352796,-78.61625426492809,6.140119393980764E-4,-32.12741478167577
11.655174787528637,1,46.620699150114554,-4.302168119784802E-6,4.9957218606934024E-5,5.021720453234346E-5,-86.03026729887259,95.29430078655389,2.5413606172616366E-9,5.589116509401997E-4,-0.006610468977373835,0.006634824513569272,-85.20963591551438,2.774137759794357E-4,-35.592716261233306
11.657657377595672,1,46.63062951038268,-3.5962176807180876E-6,5.1954815762545646E-5,5.210827830808299E-5,-85.68949522641724,94.10334220530092,2.737102135271966E-9,4.991759448818124E-4,-0.006451853475210135,0.006472535840095464,-85.66880603380957,2.6432938489173746E-4,-35.8196664272591
11.715126825897926,1,46.86050730359171,1.2617755754980862E-5,9.304672118077599E-5,9.390628804095297E-5,-80.55528126261356,82.31311908762649,8.834512716643373E-9,-8.161476564561502E-4,-0.0023989128036659545,0.0025418837196445852,-109.3194108728085,4.1591526810821754E-5,-43.98855656450235
11.717609415964965,1,46.87043766385985,1.3290282167839336E-5,9.454001293424966E-5,9.547534410811447E-5,-80.40752908907027,82.01934518842799,9.128030965593597E-9,-8.676766571290768E-4,-0.0022157014665981655,0.0024170630403563768,-112.8957818414657,3.696563003135877E-5,-44.39437405830409
11.775078864267225,1,47.1003154570689,2.77780617805212E-5,1.220264883539474E-4,1.251513405261161E-4,-78.05334794086198,77.18468267531436,1.5669795257209146E-8,-0.0019024304117020358,0.0020025932840827747,0.002781955242936322,119.70368183946837,4.911461904975445E-5,-43.19608416210713
11.777561454334261,1,47.110245817337045,2.8335959706434584E-5,1.228672392727526E-4,1.260952302622746E-4,-77.98697691600582,77.01899633712452,1.5903645702286277E-8,-0.0019385805114104002,0.0021749905495017543,0.0029184971169566635,132.04955675996226,5.441774523302159E-5,-42.76811689188972
11.835030902636532,1,47.34012361054614,3.937647683672596E-5,1.3433382377003137E-4,1.3998817240683064E-4,-77.07839067038977,73.66514305713584,1.9597648868678697E-8,-0.0025656408825557105,0.005770735083051315,0.006316224797942351,114.02611585586354,2.5134065342535534E-4,-36.02304220927015
11.837513492703565,1,47.35005397081427,3.97548310291511E-5,1.3446495357223546E-4,1.4022094587455745E-4,-77.06374646412462,73.52989938381022,1.9661933240735793E-8,-0.002582804118926829,0.005901309035509335,0.006442263690012754,113.66551000784906,2.61257504456042E-4,-35.84462397940363
11.894982941005857,1,47.57993176402342,4.609637141593189E-5,1.2962935015179832E-4,1.3758358616099484E-4,-77.22877448110266,70.42295862870871,1.8929716633864477E-8,-0.002760943959625094,0.008254284607891673,0.0087040045041253,108.50364220011149,4.7624239308963505E-4,-33.2260734323115
11.897465531072882,1,47.58986212429154,4.625396304204239E-5,1.2908391228598593E-4,1.3712324715679295E-4,-77.25833579485612,70.28213513355843,1.880511593161291E-8,-0.0027591857353269265,0.008321774112954119,0.00876742352296989,108.34782825245328,4.8305535978248183E-4,-33.16146450659334
11.954934979375178,1,47.81973991750071,4.7250551111879693E-5,1.0964578015090846E-4,1.1939650943074654E-4,-78.46151176095638,66.67991488348149,1.426018169468677E-8,-0.002527524548318579,0.009080291029025757,0.009425590531373988,105.55531251694158,5.582125658510647E-4,-32.53205615163591
11.95741756944221,1,47.82967027776883,4.717401800449677E-5,1.0853525873600767E-4,1.1834785862261024E-4,-78.53959027098209,66.49610285408015,1.4014555126441365E-8,-0.00251001802399631,0.009076338850673552,0.009417080289613515,105.45701979119922,5.572274265126691E-4,-32.54008084265118
12.014887017744485,1,48.05954807097795,4.2841498244018064E-5,7.780400531591808E-5,8.882528709841515E-5,-81.03449908634367,61.13877073766914,7.900482581515784E-9,-0.001968874185189432,0.00820151200715335,0.00843457600186387,103.49601947481084,4.471223067338506E-4,-33.49807819368905
12.017369607811517,1,48.069478431246054,4.254591348533511E-5,7.629839992636575E-5,8.736849596278127E-5,-81.18221200248365,60.81410306459791,7.64739840815403E-9,-0.0019408614534672962,0.008131242604207294,0.008359703869018863,103.42012936807461,4.3940243248866096E-4,-33.57766134123364
12.074839056113788,1,48.29935622445514,3.3535249954893985E-5,3.866534492218847E-5,5.120628082543642E-5,-85.83272374930519,48.95367532637329,2.636184311399645E-9,-0.0012245208397058539,0.005881474337401563,0.006007625352623151,101.75346034471985,2.2722400754603993E-4,-36.451810693225184
12.077321646180813,1,48.30928658472325,3.306124415404627E-5,3.696821225799415E-5,4.965132104653335E-5,-86.11364255838795,47.932736203455754,2.4791389507820263E-9,-0.0011920625634601648,0.005761606470997985,0.005883656252799805,101.67871980810831,2.1818210391821868E-4,-36.64161627636502
12.134791094483084,1,48.5391643779323,2.0556801289782357E-5,-2.6994078911054665E-6,2.1044916633382465E-5,-93.57397788833741,-8.16866341682676,4.478139298879467E-10,-4.397079268255355E-4,0.0026250744364354566,0.002661691008176376,99.47479055413636,4.5248834559762597E-5,-43.56731249429387
12.137273684550102,1,48.549094738200424,1.996476446029231E-5,-4.377537763816391E-6,2.085205685911229E-5,-93.63108705472848,-12.04458903899446,4.3647602399871043E-10,-4.0848524877819183E-4,0.0024801120729417057,0.0025136661481017005,99.190521059995,4.0561418494988636E-5,-44.20446504847582
12.19474313285236,1,48.77897253140945,5.523869218387689E-6,-4.134245736025693E-5,4.1782106402942095E-5,-87.61063611495086,-82.07239132082684,1.755100285668346E-9,2.610270171018491E-4,-9.283771649213191E-4,0.0010244257051647428,-67.67461396224587,6.616990262158089E-6,-51.827351201053304
12.197225722919399,1,48.78890289167759,4.886083414241513E-6,-4.280904895110693E-5,4.3119822222116996E-5,-87.32809756960128,-83.34016355052907,1.8707263607578105E-9,2.866427784069726E-4,-0.0010710399394697706,0.0011089267309189786,-74.79917891364785,8.47835997385014E-6,-51.34856245596589
12.254695171221648,1,49.0187806848866,-9.757888182843226E-6,-7.29998276348072E-5,7.365886561210868E-5,-82.66358391784169,-97.57166248079338,5.4344484178444165E-9,7.920321735853601E-4,-0.004127639904866797,0.004202959677069681,-79.12369799391314,1.1154648283186446E-4,-39.57518072597106
12.257177761288688,1,49.02871104515474,-1.0366144220309605E-5,-7.410098066719032E-5,7.482953589516062E-5,-82.52350526682122,-97.93778915136195,5.606549172678945E-9,8.095090130153163E-4,-0.004242748051620323,0.004319296593681472,-79.1905049955175,1.1765433770105052E-4,-39.323530382908
12.314647209590959,1,49.258588838363835,-2.351205560236027E-5,-9.45233223806035E-5,9.740735669521104E-5,-80.23018152677189,-103.95750462412992,9.492313924720321E-9,0.0011143460655250895,-0.006424782239619576,0.006520710426538241,-80.15785064956485,2.673977770949259E-4,-35.73658556428281
12.317129799657998,1,49.26851919863198,-2.402133561949019E-5,-9.515815347372208E-5,9.814653369367601E-5,-80.16350372030954,-104.1605126318658,9.635072154730676E-9,0.0011230831032330404,-0.006493493232569619,0.006589902698756235,-80.18627475044386,2.729782897814144E-4,-35.64241037797937
12.37459924796029,1,49.498396991841155,-3.4195157425797286E-5,-1.0414707694300719E-4,1.0961950791117356E-4,-79.20251574740308,-108.17383101223878,1.2017172867677355E-8,0.001233295378141471,-0.0074637111302691675,0.007564920273245398,-80.61701464496709,3.5960055905206876E-4,-34.442440623048746
12.377081838027323,1,49.50832735210928,-3.454959533853353E-5,-1.0427482191418021E-4,1.0985186216686767E-4,-79.1838756546919,-108.33081942091381,1.2067499130607493E-8,0.001234329686047795,-0.007476434047960256,0.007577640583357399,-80.62526134763438,3.6078457900195815E-4,-34.427522203916794
12.43455128632963,1,49.73820514531852,-4.0664219267342695E-5,-1.0157463916114319E-4,1.0941408994583224E-4,-79.21857916326988,-111.81923415478224,1.1971566148217774E-8,0.0011879970982524748,-0.007128894916980067,0.007227204894730545,-80.5386228692387,3.282166133683857E-4,-34.83918218749826
12.437033876396654,1,49.74813550558661,-4.082737027432062E-5,-1.012143796152212E-4,1.0914086233833193E-4,-79.24060052347508,-111.97129552017194,1.1912656700189086E-8,0.0011834449499987486,-0.007086324490069366,0.007184470814090548,-80.5174171622944,3.24433493684803E-4,-34.89196606237338
12.494503324698947,1,49.97801329879579,-4.229114714489939E-5,-8.78940626704662E-5,9.75417361322403E-5,-80.21710482531434,-115.700864305667,9.516484129274284E-9,0.0010361369982255942,-0.005549189874893445,0.005645116917601245,-79.4186639535927,2.0044036936219943E-4,-36.98892838465689
12.496985914765972,1,49.98794365906388,-4.224936743020393E-5,-8.711781249099729E-5,9.682513008807655E-5,-80.28221987136726,-115.88175488248254,9.379109112221828E-9,0.0010285231933590071,-0.005461506607273234,0.00555757775494877,-79.32130000126163,1.9442115029084497E-4,-37.12965626318864
12.554455363068229,1,50.21782145227291,-3.901399597554139E-5,-6.534681834741427E-5,7.611126590161384E-5,-82.3746685319383,-120.85531920322742,5.798235028657122E-9,8.378274860772186E-4,-0.0030597835892533804,0.00317270302008015,-74.63323797462866,6.366556282436289E-5,-42.01279874399806
12.556937953135254,1,50.227751812541015,-3.8777118784880774E-5,-6.426736401266563E-5,7.506553106504071E-5,-82.4976569964554,-121.13414383620432,5.6422704362781675E-9,8.294560372447874E-4,-0.0029443047294134468,0.0030599680135318342,-74.0788676035578,5.933967420669785E-5,-42.35767493784559
12.61440740143749,1,50.457629605749986,-3.1322898666940474E-5,-3.698977944340458E-5,4.848209995933832E-5,-86.30071394766401,-130.32249475522138,2.358343775834442E-9,6.419791452924266E-4,-1.3207732400876923E-4,6.856543254764937E-4,-8.825045573814375,3.228929744770517E-6,-55.51670568944052
12.616889991504529,1,50.46755996601812,-3.0922280716592644E-5,-3.5745100723169765E-5,4.7286885055820944E-5,-86.5263277274934,-130.99589999550767,2.244766246808185E-9,6.344684018880371E-4,-9.878754443464633E-6,6.788060954517611E-4,-3.304535157801576,3.0904070746655038E-6,-55.55369212320318
12.674359439806764,1,50.69743775922707,-2.018579505989647E-5,-6.2972117522360205E-6,2.1246995975937272E-5,-93.49758994795162,-163.1713689148938,4.5748534129559517E-10,4.7763027064284694E-4,0.0027141702722751565,0.0027570893463192223,79.80773503510962,4.817261457226691E-5,-43.26276619287087
12.676842029873804,1,50.70736811949523,-1.9670091433945433E-5,-5.0334955638554875E-6,2.0561026599468754E-5,-93.74743498166791,-151.3742324889526,4.2346251482606407E-10,4.716852759595244E-4,0.002822015629385911,0.0028615421415156598,80.4429935901627,5.1832359072591045E-5,-42.91197642881776
12.734311478176053,1,50.937245912704235,-6.925348130872288E-6,2.3248555779030943E-5,2.4400407529627523E-5,-92.27700988712081,107.16945236994266,5.980650298696115E-10,3.513400656846536E-4,0.005000437487877954,0.0050128447750367455,85.96659755748264,1.5813967558511973E-4,-38.02444112264778
12.7367940682431,1,50.9471762729724,-6.354597469277215E-6,2.4393347069942547E-5,2.5266044962746466E-5,-91.98283868401805,104.91506847605548,6.447548925892793E-10,3.467769125773366E-4,0.005076352862999887,0.005088223999046031,86.0852657596912,1.6283758619533802E-4,-37.89091356985271
12.794263516545385,1,51.177054066181526,6.937025526763807E-6,4.853278664076981E-5,4.9039442070759206E-5,-86.20156296991377,81.94133751553244,2.4106985379773917E-9,2.503668741066796E-4,0.006365899164943114,0.0063708362487831785,87.74559690375419,2.5508728353605225E-4,-35.93549508961501
12.796746106612417,1,51.186984426449676,7.498279813944053E-6,4.944308711032986E-5,5.0017221320767545E-5,-86.02561047730742,81.42101445141596,2.506964445355752E-9,2.4635020565463026E-4,0.006398478392611483,0.006403229660763157,87.79429594665177,2.5763587728639314E-4,-35.89049608564813
12.854215554914738,1,51.41686221965897,1.9851597994171152E-5,6.711340692942556E-5,6.999190125278344E-5,-83.10239578368113,73.53984802361909,4.902333429616364E-9,1.5019523637477267E-4,0.006619334227984551,0.0066210454692328165,88.70024306268024,2.754440649630464E-4,-35.59967399637498
12.85669814498177,1,51.42679257992708,2.03413691803581E-5,6.770666311767101E-5,7.069976359690109E-5,-83.0135826910768,73.28976359024102,5.0008396664883224E-9,1.4561060549695028E-4,0.00660482858903179,0.0066064422739825785,88.73798200404069,2.7425572040239783E-4,-35.619266274546085
12.914167593284098,1,51.6566703731364,3.0406489510978755E-5,7.742969158900723E-5,8.318830855909954E-5,-81.59947678988921,68.56573340415144,6.9214012186569976E-9,2.423958393177237E-5,0.005760039282317136,0.005760103352528561,89.76116244244614,2.0854741411984606E-4,-36.8111482415055
12.916650183351116,1,51.66660073340447,3.0771841466924535E-5,7.766262828862203E-5,8.353901290255759E-5,-81.56245877978091,68.38844260162628,6.979170456539528E-9,1.810300636190276E-5,0.005702511424279964,0.005702565193748647,89.82338313651593,2.0449503261851752E-4,-36.900780672733575
12.974119631653394,1,51.89647852661362,3.747244184317574E-5,7.890139339037688E-5,8.734950975751958E-5,-81.17480458870718,64.59635419789794,7.629961361473496E-9,-1.4667077576823579E-4,0.003966838259946235,0.003969614329583424,92.1321376291616,9.924936820166664E-5,-40.05240829864018
12.976602221720427,1,51.9064088868817,3.767477222413502E-5,7.877166574222626E-5,8.731957413114736E-5,-81.17781983194422,64.43787632261648,7.624798372548297E-9,-1.5486169071165463E-4,0.003877063128918625,0.003880325114116266,92.32562852576528,9.495000619867588E-5,-40.260422118088805
13.03407167002267,1,52.13628668009066,4.03124043511583E-5,7.191778850934691E-5,8.244740843623465E-5,-81.67677543679059,60.724563712911255,6.798082195785847E-9,-3.671471250762602E-4,0.0015594212328667648,0.0016032157344623306,103.49842769026006,1.6508879651474544E-5,-47.98598503393423
13.036554260089694,1,52.14621704035878,4.033103912639776E-5,7.146125864200339E-5,8.205891930753149E-5,-81.71838702517306,60.55450292374999,6.735005088585747E-9,-3.7719539893321625E-4,0.0014528047835381949,0.0015110377364211142,106.23945426341649,1.4608493804715398E-5,-48.58029053054669
13.094023708391916,1,52.37609483356767,3.8646599488588696E-5,5.7727473219837303E-5,6.947215999838583E-5,-83.16558457799265,56.18912170241924,4.828509620489672E-9,-6.238954586646424E-4,-0.0010597759318645757,0.0012472570305328658,-107.84817298610415,9.915008093156027E-6,-50.20354740866596
13.096506298458962,1,52.38602519383582,3.848042235592484E-5,5.701177395222776E-5,6.878618031541157E-5,-83.25337211354451,55.9663057268351,4.734929750421544E-9,-6.348618761689233E-4,-0.001165859595692467,0.0013295255054393785,-118.99932226954468,1.1487395790537163E-5,-49.64194263045977
13.153975746761198,1,52.615902987044784,3.266881079799817E-5,3.8248805199716816E-5,5.0306420334239606E-5,-85.97365931031325,49.46918436499498,2.534733404383685E-9,-8.867407804240115E-4,-0.0034726287702741827,0.0035842448285283495,-104.36777199311778,8.102961212051157E-5,-40.95109057251735
13.156458336828237,1,52.62583334731294,3.2335865129583736E-5,3.7364165841116796E-5,4.9421335854076646E-5,-86.13231351812657,49.07325369399409,2.4475718469673324E-9,-8.970790078530078E-4,-0.003561626143315482,0.0036729382796263487,-104.15530086678638,8.502555140015612E-5,-40.72945799410528
13.213927785130494,1,52.85571114052195,2.3014756190371724E-5,1.5826984481808396E-5,2.795243217005987E-5,-91.09349024906926,34.368017962947455,7.861920000935419E-10,-0.0011136723286815293,-0.005310337426747424,0.005425876336488932,-101.84884338781396,1.851386251894975E-4,-37.33296170591984
13.216410375197526,1,52.86564150079011,2.2549961329492777E-5,1.4875475713630613E-5,2.7064398432628504E-5,-91.38573736433243,33.064621067906565,7.367647314074308E-10,-0.001121509220702723,-0.005368995011132074,0.005484884038129428,-101.80042428787172,1.8911954731815924E-4,-37.23692721168393
13.273879823499811,1,53.09551929399925,1.0688058401880134E-5,-7.033363514990929E-6,1.301591136617296E-5,-97.72602982739018,-33.718798911880675,1.7013698015007477E-10,-0.0012587802168039202,-0.006306683597184514,0.006431080384125044,-101.28791363062136,2.5989821085450226E-4,-35.85309815132142
13.27636241356685,1,53.1054496542674,1.013935702629336E-5,-7.94896068094603E-6,1.3088677179965315E-5,-97.69086074492644,-37.504304829021756,1.7275446313862952E-10,-0.0012622816270546641,-0.006326867555459983,0.006451558586618568,-101.28299019115875,2.6152674093638526E-4,-35.824976993324924
13.333831861869172,1,53.33532744747669,-3.046913494871833E-6,-2.7931526440253353E-5,2.8131718298802175E-5,-91.04215853347658,-95.98237690922201,7.951036939255035E-10,-0.0012814447329298538,-0.006332437825635781,0.006460795608906151,-101.44010546106924,2.622755479969683E-4,-35.81253991687251
13.336314451936197,1,53.345257807744794,-3.6235291498465653E-6,-2.8718098193215764E-5,2.8963940927099182E-5,-90.7812807101211,-97.06648226089962,8.432277028569365E-10,-0.0012791933443591314,-0.006312072906983469,0.0064403907338325935,-101.45690744274033,2.6065262225398266E-4,-35.840556354155204
13.393783900238532,1,53.575135600954134,-1.6793470811762643E-5,-4.4804444606551065E-5,4.785463546490649E-5,-86.40889281376526,-110.50685172847298,2.2934825231462847E-9,-0.0011549697492389047,-0.005407253347229187,0.005529231207707583,-102.05850213276891,1.921752478394363E-4,-37.16667572877035
13.39626649030555,1,53.5850659612222,-1.733952763305441E-5,-4.538721677159131E-5,4.859174236718179E-5,-86.27354903472131,-110.88172574729066,2.3640410524533056E-9,-0.0011462820781799742,-0.0053503099722528825,0.005471733593659868,-102.09571885679229,1.882817490866651E-4,-37.25987320731051
13.453735938607835,1,53.81494375443135,-2.9159172990869798E-5,-5.611054915862942E-5,6.323792194809379E-5,-83.98255492495201,-117.44708485053683,4.000846412160535E-9,-8.730227262830659E-4,-0.0036890229971668015,0.003790933595682587,-103.32168606557762,9.051832157316956E-5,-40.452557576982066
13.456218528674853,1,53.824874114699426,-2.9619331377535294E-5,-5.643935440618863E-5,6.37423645573773E-5,-83.91262454205324,-117.68139943872717,4.06425775812122E-9,-8.58146202872158E-4,-0.0036046271559865735,0.003705395597908414,-103.40678515930655,8.658248983041488E-5,-40.66112267927576
13.513687976977103,1,54.054751907908404,-3.888746697519212E-5,-6.095003130575346E-5,7.230131983639032E-5,-82.81749249271923,-122.53419260920222,5.227967831032893E-9,-4.5269727025260643E-4,-0.0014439647156335336,0.0015133988101023149,-107.49688148814472,1.4728506309564358E-5,-48.489925136292065
13.516170567044128,1,54.06468226817651,-3.9214661556819994E-5,-6.100276376880423E-5,7.252242939520634E-5,-82.79066204726713,-122.73190470579965,5.259636716230915E-9,-4.3285168212383343E-4,-0.0013448259686879094,0.0014144182967758391,-109.01485395548256,1.2945352233961613E-5,-49.35316973064576
13.573640015346356,1,54.294560061385425,-4.497258891362168E-5,-5.9115137037941784E-5,7.427982950544499E-5,-82.58258203577246,-127.26250373611875,5.517493071892099E-9,6.635140547510913E-5,9.968058511075494E-4,0.0010155825590354632,76.37292678344797,6.644443283480326E-6,-52.13429706540555
13.576122605413389,1,54.30449042165357,-4.513225137566011E-5,-5.889828869321644E-5,7.420480900155811E-5,-82.59146286194444,-127.46452429091362,5.506483436167585E-9,8.909559332191441E-5,0.0010963723732628887,0.0011003054883318092,85.57309409067355,7.987459595056616E-6,-51.321546481538725
13.633592053715624,1,54.5343682148625,-4.674815904693113E-5,-5.1071216143669944E-5,6.923937672927841E-5,-83.19333409518048,-132.47462677009497,4.794542616800565E-9,6.265551337345062E-4,0.003287036312626152,0.003346258811835723,79.23035310980558,7.066166149119126E-5,-41.55095182883719
13.636074643782663,1,54.54429857513066,-4.6721188462949E-5,-5.061767071757962E-5,6.888802705408068E-5,-83.2381202236153,-132.7171088989858,4.74659792712825E-9,6.495411629045472E-4,0.0033731847475879963,0.0034351864343272072,79.11393871494396,7.441443452350019E-5,-41.31258531081586
13.69354409208492,1,54.774176368339674,-4.394283036981304E-5,-3.787560987362995E-5,5.801831618802557E-5,-84.7305621095663,-139.256383712313,3.367663933194506E-9,0.0011600926906090434,0.005113992102828725,0.005243942858430036,77.2244200772669,1.72959873598342E-4,-37.630043869282595
13.69602668215196,1,54.78410672860784,-4.372710757566324E-5,-3.7240107269225304E-5,5.744298340381968E-5,-84.81860908144785,-139.6063845189435,3.3020298713230846E-9,0.0011804412160535559,0.00517522206183478,0.00530816533875803,77.15524910908573,1.7716247493467348E-4,-37.522118982211325
13.753496130454238,1,55.01398452181698,-3.669964713679827E-5,-2.1046537863375605E-5,4.231800067028617E-5,-87.47517762508745,-150.21359345585094,1.7934247088305588E-9,0.0015983203063280372,0.006239375333017735,0.006440862522293281,75.63396954005377,2.607130566554003E-4,-35.84031484163428
13.755978720521284,1,55.02391488208512,-3.631002874784967E-5,-2.029939827954297E-5,4.161819922256838E-5,-87.62319453149735,-150.87522839225664,1.7351403677089757E-9,0.001613334418444849,0.0062679676074823935,0.006472297799539253,75.56720583250909,2.6322638765061894E-4,-35.79734882546737
13.813448168823605,1,55.25379267529443,-2.5559106623555603E-5,-2.3976194647696857E-6,2.5717157096114825E-5,-91.80897901944196,-174.81638613248555,6.637869281478544E-10,0.0018814903702873604,0.006527529727567744,0.0067933110553198735,73.92121654781675,2.899639055206485E-4,-35.376582061985246
13.81593075889063,1,55.263723035562535,-2.502596838768318E-5,-1.6174222158303688E-6,2.5165287264084567E-5,-91.9936093309883,-161.65983489110243,6.345045087636541E-10,0.0018890393639996515,0.006520381294235788,0.0067885512706607355,73.84198487553681,2.895640831126406E-4,-35.382767099697595
13.873400207192958,1,55.49360082877184,-1.1409002272158682E-5,1.614460059774665E-5,1.9901121200143398E-5,-94.0224496715648,125.31964173720542,3.9605467639062155E-10,0.001967281810365758,0.005958123471655378,0.006274561387825071,71.72484153833501,2.4740348611170735E-4,-36.067105559212166
13.875882797259976,1,55.50353118903991,-1.0775519421722284E-5,1.687865485866278E-5,2.013472207748466E-5,-93.9325496764581,122.80897161564202,4.066541994469807E-10,0.0019661066067708424,0.005916916951347249,0.006235100096803466,71.61342475872557,2.443535100263836E-4,-36.12294503982762
13.933352245562268,1,55.733408982249074,4.593283730433463E-6,3.272272234332228E-5,3.30800862313072E-5,-89.62023580508277,82.1605421245732,1.0967690414817764E-9,0.0018368997865953235,0.004622835377173795,0.004974540705334311,68.31827535932378,1.5561687844840727E-4,-38.08655047887362
13.935834835629286,1,55.74333934251715,5.2748382142303E-6,3.333807087988877E-5,3.377789592356909E-5,-89.43780637940945,81.11167596729436,1.1441273777728774E-9,0.0018267968198161508,0.004553572614927491,0.004906549687941393,68.11899005402843,1.5147035703169556E-4,-38.20941828113004
13.99330428393153,1,55.973217135726124,2.111844977434408E-5,4.571424899682495E-5,5.03677038227931E-5,-85.96224678601533,65.24843612349702,2.5396761268758794E-9,0.0014979115455278553,0.0027077317250493527,0.003094934266278016,60.992006077835796,6.042265892711673E-5,-42.219664165963785
13.995786873998561,1,55.98314749599424,2.17910451343816E-5,4.615124325334311E-5,5.104691382484674E-5,-85.84452387019611,64.75759715012211,2.60835835544899E-9,0.001479771508780583,0.002619742158316465,0.003009932443008643,60.40062661526342,5.72119432303521E-5,-42.47556774282316
14.053256322300783,1,56.21302528920314,3.677416554556475E-5,5.3867847064684547E-5,6.522957482130127E-5,-83.71307981564621,55.69696245524992,4.2567046834513335E-9,9.83494325040778E-4,4.647402055007717E-4,0.001096548791696158,24.430156029066,7.76661198045043E-6,-51.29995746636965
14.055738912367822,1,56.22295564947129,3.7380617437549234E-5,5.408457519474811E-5,6.57518171997061E-5,-83.64314575054631,55.36327615605315,4.324666494279137E-9,9.59194055809769E-4,3.6933286982975054E-4,0.0010563203588739643,20.273842018027118,7.011491822036935E-6,-51.54269282788025
14.113208360670058,1,56.45283344268023,5.021608523540076E-5,5.640050452660673E-5,7.552122193799283E-5,-82.43920651676312,48.32773578094034,5.704198267614279E-9,3.482966783298046E-4,-0.001823275033901649,0.001861910509036854,-78.57542041004898,2.197990034124574E-5,-46.676394230031136
14.115690950737097,1,56.462763802948395,5.070355217528395E-5,5.6375850226585305E-5,7.582867790972115E-5,-82.40361098838407,48.037934373048444,5.750369235475747E-9,3.2046324743525495E-4,-0.0019143167555533518,0.0019428619163491068,-80.27242877671432,2.399962247188289E-5,-46.28858752800774
14.173160399039347,1,56.6926415961574,6.025227585446703E-5,5.305003343011089E-5,8.028412202744527E-5,-81.90747181762707,41.36549399224725,6.4456356725977545E-9,-3.3842166076669596E-4,-0.003878931003140758,0.0038940914704021995,-94.9380173879566,9.551325902243358E-5,-40.22280740903335
14.175642989106393,1,56.702571956425565,6.057630714916379E-5,5.2784832538936765E-5,8.035438937167597E-5,-81.89980846875272,41.068335656257666,6.456828742423717E-9,-3.667388354066257E-4,-0.00395481123260526,0.003972067353323979,-95.26937233496373,9.933908759893568E-5,-40.04585466185503
14.233112437408678,1,56.93244974963473,6.593339471874873E-5,4.408149120584678E-5,7.931925824267345E-5,-82.01246793411688,33.76347476427115,6.2916044195374715E-9,-0.0010013660792991216,-0.0054635961933469914,0.005554742420218149,-100.37438081188823,1.9400507693315418E-4,-37.12825287503139
14.235595027475718,1,56.94238010990287,6.606124426286489E-5,4.3597814234542294E-5,7.916021999569868E-5,-82.03005206984385,33.41718174104453,6.266611734110345E-9,-0.001027068615279024,-0.0055157484384494495,0.005610681907336652,-100.54014552076364,1.9788635868239643E-4,-37.03980924308508
14.293064475778039,1,57.172257903112175,6.662250000427817E-5,3.02499526743024E-5,7.317952070926665E-5,-82.71261936532163,24.411018184976783,5.35576378596441E-9,-0.0015683158980551073,-0.006403697731332497,0.0065930352638558,-103.75751425660017,2.731608270336508E-4,-35.637198136592744
14.29554706584507,1,57.18218826338028,6.65354929564459E-5,2.9588690272854042E-5,7.283296596396907E-5,-82.75420211674077,23.95904260624824,5.305534369952294E-9,-0.0015886252890682576,-0.006426673921288824,0.0066202031243050566,-103.88257839855638,2.753884195894129E-4,-35.601001718396816
14.353016514147392,1,57.4120660565896,6.204026982017838E-5,1.2725367115435097E-5,6.335153498457705E-5,-83.96594157747148,11.569792564992701,4.014468478714015E-9,-0.001978577074816541,-0.006607462579068978,0.006897425050794957,-106.6697262069011,2.989197639548157E-4,-35.24446937078438
14.355499104214417,1,57.42199641685767,6.173509209764335E-5,1.1942416356219011E-5,6.290707595465325E-5,-84.02744845242859,10.91591960720604,3.958539017762026E-9,-0.001991352393851423,-0.006599391916588866,0.006893388671452202,-106.79236544831936,2.9857463952290964E-4,-35.249622129939084
14.412968552516702,1,57.65187421006683,5.228346311435998E-5,-7.012223899354983E-6,5.278983650890488E-5,-85.55043806516852,-7.675855348010113,2.787746485244312E-9,-0.0021897447947780164,-0.006070894938442656,0.006453847206633983,-109.83729220620133,2.617328214528151E-4,-35.822225550445935
14.41545114258372,1,57.66180457033491,5.1772329661598894E-5,-7.850788294509764E-6,5.241718285252297E-5,-85.61159696143397,-8.667903387480482,2.748206176045735E-9,-0.0021937120495998733,-0.006033494313248192,0.006420065813107917,-109.98686726729177,2.590382391332022E-4,-35.86851549901727
14.472920590885963,1,57.89168236354387,3.781651064173743E-5,-2.7297172214166094E-5,4.670408332708654E-5,-86.61318968400614,-35.84107381610426,2.1814190333480567E-9,-0.002182021633823348,-0.0048731924412105335,0.005339598681739717,-114.1318031176876,1.792395912031856E-4,-37.47024138745303
14.475403180952988,1,57.901612723811986,3.712625087876768E-5,-2.8120509053704844E-5,4.6650913261443746E-5,-86.62282962834584,-37.140663726658,2.1763241978617665E-9,-0.002176891120360332,-0.004811365092247736,0.00528120916830953,-114.3634996591896,1.7539873182647518E-4,-37.567720687822316
14.532872629255216,1,58.13149051702087,1.943802547587743E-5,-4.641173411342072E-5,5.038125042639078E-5,-85.95536678529376,-67.23129664228692,2.538688886541239E-9,-0.0019596935991837484,-0.003163028827102812,0.0037214625884315167,-121.82128965238688,8.71948700690686E-5,-40.61171984783309
14.535355219322255,1,58.141420877289015,1.860819754572365E-5,-4.714978564125062E-5,5.0750309411945555E-5,-85.89323870223805,-68.40789622122998,2.5768680011718413E-9,-0.0019461571662987415,-0.003084132556103374,0.003647865741566735,-122.33321347508056,8.38275698107425E-5,-40.790910580540334
14.592824667624491,1,58.371298670497964,-1.7743527496110205E-6,-6.271806356158257E-5,6.278185597192268E-5,-84.04554186155511,-91.57206186790144,3.9434435656523194E-9,-0.001549746239382338,-0.0011380534157935773,0.0019262524922865115,-143.96192286722558,2.3498638818022888E-5,-46.351271257288396
14.59530725769153,1,58.38122903076613,-2.6941477065380245E-6,-6.33068237509675E-5,6.339983648075298E-5,-83.9608111780515,-92.39239441169264,4.022103773218564E-9,-0.0015293617485028887,-0.0010509498188598905,0.0018649218340196692,-146.02074268267793,2.194817368238524E-5,-46.629108818424555
14.652776705993787,1,58.61110682397515,-2.453610674210287E-5,-7.477905456528932E-5,7.872433874413692E-5,-82.07969413970925,-108.13560818049056,6.20002952844161E-9,-9.97954867139013E-4,9.79496131034388E-4,0.0014141910706556313,120.98760276038496,1.2571519340533876E-5,-49.01009099391913
14.65525929606082,1,58.62103718424331,-2.548949595966792E-5,-7.516518781084372E-5,7.939173654163184E-5,-82.00621190092839,-108.70643987760623,6.30569627873336E-9,-9.729383443466154E-4,0.0010654860723152769,0.001451486739296522,132.89081263984602,1.3378356484945504E-5,-48.81744171705623
14.712728744363112,1,58.850914977452454,-4.743947036666905E-5,-8.145993503778997E-5,9.42826445945361E-5,-80.51247038689326,-120.19777691539909,8.891370791681336E-9,-3.6306439195907215E-4,0.002968020391737953,0.002991820175309494,97.10372153864893,5.6423199941723414E-5,-42.51669838329339
14.715211334430151,1,58.860845337720605,-4.836692695912384E-5,-8.16044516794822E-5,9.487777629604385E-5,-80.45760972654085,-120.64022478500316,9.003740762092204E-9,-3.3601995321601817E-4,0.00304413107920698,0.0030635849376992354,96.37152566687126,5.9163290096515904E-5,-42.305693218127104
14.772680782732472,1,59.09072313092988,-6.904262047706676E-5,-8.200449692840512E-5,1.0721226802275242E-4,-79.39564353607432,-130.08500389731444,1.1495834181983627E-8,2.901435464443081E-4,0.004629790540402599,0.004639239656356206,86.43987006231714,1.353764966058006E-4,-38.694504823812466
14.775163372799497,1,59.100653491197995,-6.98851802915581E-5,-8.18852808007973E-5,1.0766762144803254E-4,-79.35867868056248,-130.47054224178925,1.1593363350673255E-8,3.1652081898464143E-4,0.0046886894118818205,0.0046996409920143836,86.15516615298135,1.3889399590330133E-4,-38.580346463887906
14.832632821101832,1,59.33053128440733,-8.795853284627718E-5,-7.608208632149412E-5,1.1631088520912287E-4,-78.68778880715406,-139.1350089626912,1.3528820135708443E-8,8.980286780431365E-4,0.0058098618412436515,0.005879013607050808,81.22134683827328,2.1723660255292828E-4,-36.633640658038736
14.83511541116885,1,59.34046164467539,-8.866137326385415E-5,-7.56951647420047E-5,1.1659391311944417E-4,-78.66659134339352,-139.50633043146968,1.3594486747243506E-8,9.212413151950489E-4,0.0058463084683103555,0.005918587663320766,81.05054298940905,2.2014153530322122E-4,-36.57466392034199
14.892584859471128,1,59.57033943788455,-1.0293800098071244E-4,-6.38037862819597E-5,1.2112254846923644E-4,-78.33553719597361,-148.20546685886546,1.4670796271511455E-8,0.0014046882203362738,0.006409053138199399,0.006561284061295891,77.6403136519418,2.705098498597715E-4,-35.67868604202103
14.895067449538153,1,59.58026979815262,-1.0345366809264197E-4,-6.316332716776179E-5,1.2122916128000742E-4,-78.32786553079647,-148.5929059598428,1.4696535167408675E-8,0.0014226846629370336,0.006420290380725493,0.00657613203476971,77.50662369549873,2.717223735753259E-4,-35.65883521919191
14.952536897840403,1,59.8101475913616,-1.1294203121569143E-4,-4.570843511620205E-5,1.2185847185532499E-4,-78.282885697858,-157.96649051083403,1.4849488019865662E-8,0.0017672782672223672,0.006390182327524635,0.006630151116037251,74.54016666103601,2.7620255441190156E-4,-35.58774241373165
14.955019487907428,1,59.82007795162971,-1.1323313711777459E-4,-4.484554279180608E-5,1.218121199514007E-4,-78.28620101043879,-158.3961849855768,1.4838230102640927E-8,0.0017786363779229888,0.006376043880453905,0.006619579003866047,74.41123149808853,2.753323494781456E-4,-35.60176348336236
15.01248893620965,1,60.0499557448386,-1.1719978236139522E-4,-2.272109122085028E-5,1.194049772761002E-4,-78.45957979813298,-169.03092399217982,1.4257642580467577E-8,0.001959570755219927,0.005777547031744341,0.006100925082730794,71.26096648109434,2.338963067807894E-4,-36.31079177148023
15.014971526276696,1,60.05988610510675,-1.1724103775310148E-4,-2.1681546774308506E-5,1.1925770738473164E-4,-78.47032074032282,-169.5273272981509,1.4222562374944486E-8,0.001963601448853341,0.005740297162233851,0.006066991064569323,71.10923429187227,2.3133230901061693E-4,-36.35988829075854
15.072440974578917,1,60.2897638983157,-1.1524932972011637E-4,3.911825712513511E-6,1.1534647977371364E-4,-78.75996762317504,163.1443975518483,1.3304979250029388E-8,0.001973496858465558,0.004650346057144247,0.005051951005709123,66.99442000825525,1.6044318898963297E-4,-37.951107264018006
15.074923564645964,1,60.299694258583855,-1.1502882506375049E-4,5.0706756381049604E-6,1.1517858915653182E-4,-78.77261702305046,177.47006014724604,1.3266264898326236E-8,0.0019702630020625744,0.004594293390656979,0.004999200397637603,66.77064240020205,1.5715126356275033E-4,-38.04388155882833
15.132393012948228,1,60.52957205179289,-1.0695971745930639E-4,3.270529033466006E-5,1.1188812843749939E-4,-79.02434817035845,162.99476027070796,1.2519035675216948E-8,0.0018186736264826418,0.00313128608662929,0.0036215686044074155,59.81826505004492,8.254463204704403E-5,-40.84664917727
15.13487560301526,1,60.53950241206105,-1.0647941525057353E-4,3.3918252812780106E-5,1.1179915526934602E-4,-79.03123649652811,162.32785577819908,1.249907101223388E-8,0.0018089291665406692,0.0030622318507455386,0.0035573831799198454,59.3671219386103,7.967795403535227E-5,-41.006070970199865
15.192345051317545,1,60.76938020527017,-9.253394110146193E-5,6.203015655406069E-5,1.1144871481637236E-4,-79.05850033514464,146.16617979332685,1.2420820686447627E-8,0.0015201330110506085,0.0013719711206326064,0.0020498798231791573,41.90190443420409,2.6546330420542875E-5,-45.80311215582563
15.194827641384578,1,60.77931056553831,-9.18093892433193E-5,6.322825566705736E-5,1.1152972819067755E-4,-79.05222291332585,145.44898155963205,1.2438983681165479E-8,0.0015051955699442712,0.0012965623025766296,0.0019916877002773923,40.404220932763955,2.502787763207816E-5,-46.05651552890324
15.252297089686905,1,61.00918835874762,-7.24936037367947E-5,9.021291996216058E-5,1.1577995202317808E-4,-78.72743649906897,128.7940462378315,1.3405312910611666E-8,0.0011146482132165796,-4.6318222653352693E-4,0.001220476054042842,-22.638605816606855,9.365576583088096E-6,-50.290361268328724
15.25477967975393,1,61.01911871901572,-7.155292297786813E-5,9.132753793054965E-5,1.1607275065583686E-4,-78.7056206570131,128.08910395593418,1.3473600773952313E-8,0.0010962243803405284,-5.381227427293341E-4,0.0012323583738179879,-25.748921293433494,9.592137729685496E-6,-50.222136729227486
15.312249128056266,1,61.24899651222505,-4.764695854801899E-5,1.1563444877583622E-4,1.2511029821478568E-4,-78.05444168747277,112.40765463620959,1.5653650571454735E-8,6.461666758310256E-4,-0.002212810061328817,0.0023077494568948505,-73.53261111191088,3.357601609340759E-5,-44.77252808568888
15.314731718123284,1,61.25892687249311,-4.6529193399588277E-5,1.1660129321336109E-4,1.2558844938172155E-4,-78.02143625675168,111.76876001440692,1.5774069272449112E-8,6.261524804206861E-4,-0.0022809101824656126,0.002366651092177243,-74.54310934580629,3.5331715495677474E-5,-44.55000240314754
15.372201166425569,1,61.48880466570229,-1.9042843900169124E-5,1.3682189054743478E-4,1.3817745909655235E-4,-77.19168172869828,97.93725927735785,1.9094825725459606E-8,1.6090599701833828E-4,-0.003732767197727757,0.0037366877012857775,-87.49591170205107,8.784699077814568E-5,-40.574941200742245
15.374683756492587,1,61.49873502597037,-1.7795794956244005E-5,1.375845645843066E-4,1.3876879411741752E-4,-77.1546534679319,97.38357360441375,1.9259021326375884E-8,1.411855270562901E-4,-0.0037886346799744504,0.003791580218146198,-87.84262934953429,9.043097864630931E-5,-40.44630751857142
15.432153204794837,1,61.72861281917935,1.2086391719889445E-5,1.5252878083065282E-4,1.5303698043484115E-4,-76.30448394842028,85.48084786627302,2.342247191411959E-8,-2.973491434535219E-4,-0.004907447341190415,0.004916602006876434,-93.45709420731366,1.519532742205017E-4,-38.187044563809344
15.434635794861862,1,61.738543179447454,1.340871636736168E-5,1.530417720863603E-4,1.5365944129168275E-4,-76.26923128544628,85.00373646696276,2.361355574193372E-8,-3.150860588614268E-4,-0.004947062390005886,0.004957209759370185,-93.63731009870699,1.5445325362186072E-4,-38.11480717607778
15.492105243164083,1,61.96842097265634,4.438950175745031E-5,1.6179942045766496E-4,1.678033806105364E-4,-75.5043018805266,74.66721807694276,2.8159970185453727E-8,-6.912849396114619E-4,-0.005657514517316643,0.005699667114734344,-96.96293868207596,2.0414297058037444E-4,-36.90178742306999
15.494587833231122,1,61.97835133292449,4.5729667504248864E-5,1.6203037138914607E-4,1.683866955846754E-4,-75.47413475070262,74.24746315273407,2.8356022081063534E-8,-7.05689129354208E-4,-0.005678464507988343,0.005722211980627583,-97.082019864638,2.0574695664410988E-4,-36.86717325536086
15.552057281533358,1,62.20822912613344,7.646485575437205E-5,1.6401476501402975E-4,1.8098567612923153E-4,-74.84731902148324,65.01109992434371,3.2757314968280996E-8,-9.930826032163594E-4,-0.0059437264196763075,0.006026165405179561,-99.48467534646205,2.2817410995931342E-4,-36.417424801788634
15.554539871600397,1,62.2181594864016,7.776486419890116E-5,1.6394593750633277E-4,1.8147843019415455E-4,-74.82366964016641,64.62913679708532,3.293573408036528E-8,-0.0010032445885568455,-0.005945278539680281,0.006029376302882403,-99.5783643538003,2.284151019242454E-4,-36.41275519139307
15.612009319902654,1,62.44803727961061,1.069292604378914E-4,1.58918300380632E-4,1.915643698710112E-4,-74.3538138067124,56.06948733876847,3.6697810731006845E-8,-0.0011862196892228143,-0.0057669295868766875,0.0058877025003379845,-101.62413815136051,2.1781102824570492E-4,-36.61936589648828
15.614491909969693,1,62.457967639878774,1.0813334888356225E-4,1.5854719826983933E-4,1.9193457715647837E-4,-74.33701593408838,55.7086316898758,3.683957241651984E-8,-0.001191715929493345,-0.005749952577371388,0.0058721890241711615,-101.71093827566685,2.1667563280645166E-4,-36.6425102517511
15.671961358271972,1,62.687845433087915,1.3448371153467167E-4,1.4662158549360888E-4,1.9897732943312688E-4,-74.02397240644035,47.47522272392256,3.9592378081555247E-8,-0.0012659859010032675,-0.005164645740234454,0.00531758475176572,-103.7757611439624,1.7769544676266507E-4,-37.50456409800294
15.674443948339018,1,62.697775793356065,1.3554095688234668E-4,1.459607470678634E-4,1.9921121273588005E-4,-74.01375075564046,47.12182872368507,3.9685349814531634E-8,-0.0012668727546905295,-0.005131404218065788,0.005285524119356534,-103.8723612496063,1.7558043424136373E-4,-37.55770690073545
15.731913396641346,1,62.92765358656538,1.579730693007033E-4,1.275902618718365E-4,2.0308483300426956E-4,-73.84646053673444,38.92822325144723,4.124354713013072E-8,-0.0012387874412531112,-0.004204924065716934,0.004383661506504158,-106.4215413144599,1.2080300097072073E-4,-39.18355573869512
15.734395986708371,1,62.937583946833485,1.588396819774062E-4,1.2666627783328177E-4,2.031852482395898E-4,-73.84215957282653,38.57109512665352,4.128427417509487E-8,-0.0012355485715393791,-0.0041587774016091155,0.0043385124956251955,-106.55638672706779,1.1835348978774164E-4,-39.274875639292794
15.791865435010699,1,63.167461740042796,1.7643713663201616E-4,1.0261230607900237E-4,2.0412918742853268E-4,-73.80189793301452,30.181682187188354,4.166872581983474E-8,-0.0011204280982907142,-0.0029782934578490698,0.003182204182425553,-110.63463306994832,6.372068883127622E-5,-41.96942013908056
15.79434802507771,1,63.17739210031086,1.7707835229896642E-4,1.0146415508761842E-4,2.0411378827625887E-4,-73.80255417667473,29.811653058689515,4.166244851918937E-8,-0.0011138851166325678,-0.0029233356173154353,0.003128576397897124,-110.89122908921455,6.161492570548878E-5,-42.12068216381561
15.851817473380002,1,63.40726989352002,1.8915118558486115E-4,7.27510975447179E-5,2.02684843250367E-4,-73.8635786314563,21.036974269596556,4.1081184579940895E-8,-9.336376746225392E-4,-0.0015887107190797212,0.001843315686469185,-120.53008196424415,2.1458141429502987E-5,-46.724513501978194
15.85430006344702,1,63.41720025378809,1.8954268703555893E-4,7.142792002991134E-5,2.025836346036005E-4,-73.86792174901673,20.646983497835972,4.1040212951038446E-8,-9.248364420764755E-4,-0.001529388017180847,0.0017886653227906586,-121.3701719197847,2.0210093828863676E-5,-46.998200132797905
15.911769511749256,1,63.64707804699704,1.9565459067234173E-4,3.928646610911687E-5,1.9958802452893533E-4,-73.99732242669752,11.35233295210094,3.983549034937953E-8,-7.051644667956409E-4,-1.4437387483722607E-4,7.283249461425445E-4,-169.17973182683804,3.3829389053355354E-6,-54.81974530865597
15.914252101816288,1,63.65700840726515,1.9578341813091278E-4,3.784491684830281E-5,1.9943976673704268E-4,-74.00378074420252,10.938110250547366,3.9776365284011946E-8,-6.952505669443497E-4,-8.511477444339004E-5,7.151464185230649E-4,-158.0740678394987,3.217612988535249E-6,-54.93539276964641
15.97172155011851,1,63.88688620047404,1.957668517605331E-4,3.64726133624832E-6,1.9583196917710043E-4,-74.16234354669578,1.0656618113021943,3.835029662428414E-8,-4.6275801141595983E-4,0.001250830322281449,0.0013365385958254952,110.68337007227413,1.1291016507779304E-5,-49.533189167526956
15.974204140185549,1,63.896816560742195,1.956317853953869E-4,2.148592237283289E-6,1.9567887862165955E-4,-74.16913635999752,0.6268905875353071,3.8290358336867E-8,-4.528545460193446E-4,0.0013059446704755428,0.001383364751277582,109.2952535922323,1.2117523376989098E-5,-49.22625563495501
16.03167358848779,1,64.12669435395117,1.8959089543197377E-4,-3.266084820765181E-5,1.9241727687723944E-4,-74.31512998839332,-9.775852060044457,3.7024505006475104E-8,-2.3234469929215242E-4,0.002504628985144975,0.002515649093460304,95.34238176317652,3.984389318411858E-5,-44.01548932440941
16.03415617855483,1,64.13662471421932,1.8920231814456445E-4,-3.415382125842346E-5,1.9229788159656885E-4,-74.3205182022022,-10.234444252460165,3.6978544804818556E-8,-2.2344395086967494E-4,0.0025521319238922245,0.002562048339715419,95.02814460851819,4.131919750846462E-5,-43.85352576299674
16.09162562685708,1,64.36650250742835,1.7750410534141757E-4,-6.812866932268734E-5,1.9016463475595945E-4,-74.41740879357263,-20.99825896975569,3.6162620595995545E-8,-3.564848485554152E-5,0.0035419849455537457,0.0035422221081277227,90.58590666413757,7.889263554463682E-5,-41.03601149318869
16.094108216924127,1,64.37643286769651,1.7688337580809682E-4,-6.95545670091321E-5,1.9010577610558343E-4,-74.42009503944863,-21.466869187705587,3.614021682325551E-8,-2.8526448667275307E-5,0.003579215668447469,0.003579365523709859,90.46243359273203,8.054447792946939E-5,-40.944355574123975
16.151577665226412,1,64.60631066090565,1.601380284323201E-4,-1.0131440337154679E-4,1.89531124616716E-4,-74.44638923910325,-32.32005898775515,3.592204745210806E-8,1.1156003076492886E-4,0.004308802263686466,0.00431026167016252,88.51935382667051,1.1675953427799255E-4,-39.32923412217523
16.15406025529345,1,64.6162410211738,1.5931641321896984E-4,-1.0261611435730147E-4,1.8954156632283205E-4,-74.44591122460486,-32.78563825912288,3.5926009741838814E-8,1.1640035819433218E-4,0.0043340157952454035,0.004335587398539312,88.46297020081602,1.1812587288922273E-4,-39.27790949881074
16.21152970359578,1,64.84611881438313,1.3834811934718215E-4,-1.3090907629604654E-4,1.9049933682201294E-4,-74.40213275585079,-43.4164016146336,3.6290014992265184E-8,2.0048144864335765E-4,0.004773666683440465,0.004777877934771253,87.59567140774112,1.4344197292886083E-4,-38.433769589082665
16.214012293662805,1,64.85604917465123,1.3736534815672347E-4,-1.3203630035849503E-4,1.905678052404458E-4,-74.39901395899959,-43.865956324590364,3.6316127015823386E-8,2.0283545651392777E-4,0.004786064224243147,0.004790361551791178,87.57341842858693,1.4418708911538344E-4,-38.41093322794989
16.27148174196514,1,65.08592696786054,1.131752097796478E-4,-1.55793835019273E-4,1.9259255618926408E-4,-74.30721596433352,-54.00234085552169,3.709194301224586E-8,2.295471829182632E-4,0.0049277359835960405,0.004933079640113592,87.33295183701102,1.5290332848822433E-4,-38.15584698990046
16.27396433203215,1,65.09585732812862,1.120777292252727E-4,-1.5670524017272991E-4,1.9269117529856051E-4,-74.30277077871824,-54.42605434897881,3.7129951630487455E-8,2.2950332335234857E-4,0.004927423442713355,0.004932765426400392,87.3332979937712,1.5288399365578337E-4,-38.15640434774132
16.331433780334436,1,65.32573512133776,8.580061785321992E-5,-1.7508701586658787E-4,1.950062575792945E-4,-74.19903516140468,-63.89172886970211,3.802749385010374E-8,2.039684973790224E-4,0.004783025212016044,0.004787373140071794,87.55830018040649,1.4400698114187105E-4,-38.416345681636486
16.333916370401454,1,65.33566548160583,8.463962647388442E-5,-1.7575193571803737E-4,1.9509752112806174E-4,-74.19496989827776,-64.28438628061292,3.806308606127791E-8,2.0187563153149698E-4,0.004770912286228545,0.004775183826807895,87.57748894604664,1.432800491847657E-4,-38.43866228938455
16.391385818703696,1,65.56554327481477,5.749694456128434E-5,-1.8817948712469335E-4,1.9678985563171536E-4,-74.11994817615867,-73.00904487301858,3.872626790794372E-8,1.3468279783366625E-4,0.00436942249256829,0.00437150202571142,88.23532421670168,1.2008585380144347E-4,-39.2060776636054
16.39386840877072,1,65.57547363508289,5.632629519175719E-5,-1.8857910988326706E-4,1.9683402490771826E-4,-74.11799706893443,-73.36960122878602,3.874363810686102E-8,1.3109573020824117E-4,0.004347077508891811,0.004349061082897732,88.2741579311021,1.1886546397404696E-4,-39.251177636970354
16.451337857072936,1,65.80535142829179,2.957664366619889E-5,-1.947573785385448E-4,1.9700930586193227E-4,-74.1102653012801,-81.36482502022753,3.881266764963821E-8,3.6848523651878305E-5,0.0037308211256868434,0.0037310140116273045,89.43653550229602,8.74936446760325E-5,-40.583018071130866
16.453820447139982,1,65.81528178855993,2.8450698978782976E-5,-1.9488540420580983E-4,1.969700428754051E-4,-74.11199915773523,-81.69499282832022,3.8797222267208294E-8,3.2458642036759505E-5,0.0037002980714429764,0.003700456541799651,89.50124079752865,8.607759003348999E-5,-40.65523424479628
16.511289895442218,1,66.04515958176886,3.340405478639954E-6,-1.9481190636275032E-4,1.9485634601999467E-4,-74.20571802488388,-89.01862106149603,3.7969075596768415E-8,-7.193505974999827E-5,0.0029207654533223485,0.0029216754890404777,91.41705564868181,5.3677235171055435E-5,-42.708753668842235
16.51377248550925,1,66.05508994203701,2.3119288907642425E-6,-1.9467467254903075E-4,1.947039977826737E-4,-74.21252600213637,-89.32137107835939,3.790984937342791E-8,-7.637650010221913E-5,0.0028844193432445288,0.002885465594720584,91.52653140927283,5.236607780698053E-5,-42.81875310972117
16.571241933811507,1,66.28496773524604,-1.9972726449096852E-5,-1.8863655863477218E-4,1.8970405191498458E-4,-74.43850933791185,-96.04592993372233,3.598797431182528E-8,-1.7350040341193059E-4,0.001997986673232293,0.0020055681286221933,94.98166619291506,2.5325118235742827E-5,-45.981352768827286
16.573724523878553,1,66.2948980955142,-2.0854568799473603E-5,-1.882526572478678E-4,1.894170004732335E-4,-74.45169782282291,-96.32430788188755,3.58794273890822E-8,-1.772589273049192E-4,0.001958291909921419,0.0019663993918856357,95.20501031083336,2.4354809671677856E-5,-46.157364285912855
16.631193972180846,1,66.52477588872338,-3.923177158777572E-5,-1.7681240146357645E-4,1.81123246389153E-4,-74.84062927631834,-102.51342778785403,3.2806498554163136E-8,-2.509040924101417E-4,0.001022157599785308,0.0010527934469881214,103.8914592796689,7.018012952837378E-6,-51.59803517060117
16.633676562247885,1,66.53470624899153,-3.992323093577128E-5,-1.762118274769203E-4,1.8068799260398643E-4,-74.86159750851043,-102.76966529089351,3.264950183682692E-8,-2.5333190832113763E-4,9.815415930475857E-4,0.0010144778743049379,104.7425762987681,6.519311516105096E-6,-51.94371221367996
16.691146010550206,1,66.76458404220085,-5.3455262843566386E-5,-1.6018268826324062E-4,1.688751878609975E-4,-75.44893179586926,-108.45887642816983,2.852050041812399E-8,-2.8999075115023956E-4,5.0130343393420344E-5,3.037794507161057E-4,171.70251191187722,5.995134169372711E-7,-62.46387633224995
16.693628600617238,1,66.77451440246897,-5.3919593723714503E-5,-1.5940557737855165E-4,1.6828573370662725E-4,-75.47942985242118,-108.6935319557488,2.8322469819848435E-8,-2.905844731692983E-4,1.0831705347244308E-5,3.021690065579567E-4,161.67932864604583,5.883086614498283E-7,-62.48915136863129
16.751098048919573,1,67.00439219567829,-6.184650437655828E-5,-1.3981828998751482E-4,1.5289243904969047E-4,-76.31277307940532,-113.86698267425905,2.3378840646724524E-8,-2.8061408090613655E-4,-8.671538461489699E-4,9.122170446702677E-4,-108.20272011233722,5.267271047494699E-6,-52.86096875419311
16.75358063898659,1,67.01432255594635,-6.205527199297846E-5,-1.3891331395690223E-4,1.5214939877807734E-4,-76.3553140024294,-114.07760243281864,2.3153121728209238E-8,-2.790563905890358E-4,-9.031963935886807E-4,9.456748320899145E-4,-107.28398721895735,5.6617328482585865E-6,-52.52961351013491
16.811050087288876,1,67.24420034915552,-6.38217052969194E-5,-1.1697571040808084E-4,1.332578713434626E-4,-77.50708501966653,-118.6234389404427,1.7761690565513763E-8,-2.174405057309863E-4,-0.0016869702533673318,0.0017010373877615038,-97.37690237870514,1.8215525246692583E-5,-47.41361136141795
16.813532677355894,1,67.25413070942359,-6.375578246296908E-5,-1.1599820695957361E-4,1.3236776953116775E-4,-77.56571005332724,-118.80153007010254,1.7526402143507568E-8,-2.1362358355922972E-4,-0.0017181952463171852,0.0017315187651298911,-97.11002799102094,1.887061543032529E-5,-47.256345266550454
16.871002125658137,1,67.48400850263253,-5.903036303079958E-5,-9.304960560781132E-5,1.1019647802204766E-4,-79.15847496150845,-122.39795554653203,1.2148707166444468E-8,-1.0030244372097891E-4,-0.0023762923403634903,0.0023784655398024603,-92.42814375921604,3.556905452812533E-5,-44.49551828861585
16.873484715725162,1,67.49393886290065,-5.8680597465959316E-5,-9.205952438593449E-5,1.0917224643545275E-4,-79.24040438831202,-122.52033316432336,1.1925312466297164E-8,-9.433269485935773E-5,-0.002401559040085559,0.0024034729877965805,-92.25880551027423,3.6317051076871693E-5,-44.403767579681514
16.930954164027384,1,67.72381665610952,-4.736757355243737E-5,-6.95217943150138E-5,8.412488263611424E-5,-81.50533586904449,-124.27130797311202,7.08381364590888E-9,6.589220326150404E-5,-0.002912473540625893,0.0029132682217490346,-88.70968575926744,5.334071463520523E-5,-42.73183575178447
16.933436754094416,1,67.73374701637766,-4.673511866354412E-5,-6.858154121069903E-5,8.299171981754718E-5,-81.62500473421244,-124.26841286325866,6.895696530216919E-9,7.370706077931892E-5,-0.002931073704651149,0.002932058995906115,-88.56456319458768,5.402764084122171E-5,-42.675616331524566
16.990906202396644,1,67.96362480958659,-2.897823646982302E-5,-4.790873189477143E-5,5.599384056054912E-5,-85.04645449904719,-121.14215609539363,3.1429850552911855E-9,2.7165313919048277E-4,-0.003283204777942958,0.003294476989046432,-85.2734453914132,6.820186530893058E-5,-41.66291987228174
16.99338879246369,1,67.97355516985475,-2.8074550351292543E-5,-4.708099192189402E-5,5.482924467722639E-5,-85.23361666016037,-120.73267094097365,3.0142714500029007E-9,2.808322705131455E-4,-0.0032948467638497327,0.0033068580503596494,-85.13106266545466,6.871303414297473E-5,-41.630165027394455
17.050858240765947,1,68.20343296306379,-4.2533920156395626E-6,-2.9709334692513155E-5,3.007918574181161E-5,-90.45557200205091,-97.90473498838927,9.100990601837168E-10,5.03734673491738E-4,-0.003485860618412532,0.0035221315920409384,-81.77900695471573,7.794755841421658E-5,-41.08220653179053
17.053340830832994,1,68.21336332333196,-3.099919939092077E-6,-2.9054948586359547E-5,2.9392232242474894E-5,-90.64090321468295,-95.79470378681144,8.648912857404706E-10,5.136642975589005E-4,-0.0034906310767249095,0.0035282985937155078,-81.62992049088587,7.821952747720307E-5,-41.06694078741178
17.11081027913528,1,68.44324111654115,2.618083305187152E-5,-1.635489377972443E-5,3.1018054188591E-5,-90.17696805008563,-32.313178802632976,9.638935931379596E-10,7.462089248472373E-4,-0.0035263699225593923,0.003604532406065221,-78.05244959266035,8.163536758360479E-5,-40.88122880779293
17.11329286920232,1,68.45317147680929,2.7553268190500893E-5,-1.593085622146844E-5,3.189898350354848E-5,-89.9529039585613,-30.320545830642683,1.0259932911415484E-9,7.561905564773513E-4,-0.0035246789811113673,0.003604973945318687,-77.89096192888368,8.16552825168196E-5,-40.8801602838105
17.170762317504654,1,68.68304927001861,6.14809883798068E-5,-9.162619915098924E-6,6.217160698582705E-5,-84.1437243906559,-8.546695063517664,3.876769401851314E-9,9.816873459749084E-4,-0.003417756303012845,0.0035560394208416645,-73.97336341016393,7.945389678956364E-5,-40.99889183142636
17.173244907571686,1,68.69297963028673,6.303305551987093E-5,-9.020258234460845E-6,6.367838782783962E-5,-83.93370404799028,-8.174706671330274,4.069869664121146E-9,9.909899761409216E-4,-0.0034102722653495464,0.00355144815876812,-73.7948713919547,7.924970601805966E-5,-41.01016089299948
17.230714355874007,1,68.92285742349603,1.006099227616299E-4,-9.294127170205386E-6,1.0103840746199243E-4,-79.91763590984966,-5.281499818331874,1.0223975419977707E-8,0.0011925910311252899,-0.003178491341605763,0.0033949712464375107,-69.43112074130798,7.242105982121015E-5,-41.401605286216366
17.233196945941025,1,68.9327877837641,1.0229487388882748E-4,-9.477509064031847E-6,1.027332688774855E-4,-79.77239991949388,-5.288087780838733,1.0572219612991316E-8,0.0012005032166027023,-0.0031660706024201467,0.003386160307777976,-69.23077094360347,7.204712157606573E-5,-41.4242732418536
17.290666394243303,1,69.16266557697323,1.4236529147095467E-4,-1.7719903581923833E-5,1.4346499913932368E-4,-76.86920179814831,-7.0876923506497755,2.0599946471096834E-8,0.0013623761766569263,-0.002830791680072581,0.003141701619504678,-64.295471386639,6.202138579065659E-5,-42.075211792692436
17.29314898431032,1,69.1725959372413,1.4413023210362033E-4,-1.8264511313797312E-5,1.4528591566104792E-4,-76.7594197381108,-7.211326468485577,2.1128691611269804E-8,0.0013682543988178663,-0.002814408904281615,0.003129533485762483,-64.0668750852288,6.154370112810565E-5,-42.109069016111924
17.35061843261257,1,69.40247373045025,1.8541188779908025E-4,-3.5190545274712115E-5,1.8872569080562515E-4,-74.48602132469962,-10.737528936376458,3.5637452493427266E-8,0.0014766331280834815,-0.0023989723533026494,0.0028171673754464857,-58.37953749773632,4.987301134950062E-5,-43.022531596850584
17.353101022679596,1,69.41240409071837,1.8719918163693136E-4,-3.612224246405507E-5,1.9065885251693038E-4,-74.39744036788123,-10.910414532719003,3.6374045625893486E-8,0.00147994338804553,-0.00237965508089661,0.0028025058523532195,-58.11272754770909,4.935712972709502E-5,-43.0680735837782
17.41057047098181,1,69.64228188392724,2.2831669329943354E-4,-6.22152567187243E-5,2.3664833083145758E-4,-72.51978650228816,-15.233658720179706,5.6024871515913933E-8,0.0015239939846508261,-0.0019079456914698682,0.002442092433699965,-51.37252394546669,3.748063962662347E-5,-44.263942686779934
17.41305306104885,1,69.6522122441954,2.3006545490197647E-4,-6.354956261580896E-5,2.3869088292539489E-4,-72.44513855926031,-15.430884609964401,5.699925003140332E-8,0.0015243443556715438,-0.0018867165227146095,0.0024257940498868466,-51.049866072941455,3.698372699563151E-5,-44.32242013127877
17.470522509351085,1,69.88209003740434,2.695855339719685E-4,-9.904785389364941E-5,2.872148160390328E-4,-70.83725152510523,-20.165210579047553,8.251729958649685E-8,0.0014968029667990503,-0.0013819302054781676,0.0020374662108786235,-42.69742776268186,2.6093188476031022E-5,-45.837964406182216
17.473005099418124,1,69.8920203976725,2.712331638139242E-4,-1.0078952934304013E-4,2.893674245174548E-4,-70.77241894729833,-20.375291033516962,8.376225773211061E-8,0.0014939656515473602,-0.0013597586843534534,0.0020204453773326934,-42.284607522502725,2.5660300168329105E-5,-45.911265329473395
17.53047454772038,1,70.12189819088154,3.077002569471907E-4,-1.4568025745806122E-4,3.4045647413336695E-4,-69.35985526953381,-25.327294331777217,1.1593824091329485E-7,0.0013915239582215394,-8.434091876157945E-4,0.0016275788953500675,-31.190979174203168,1.665411947681631E-5,-47.78976094648958
17.532957137787427,1,70.13182855114971,3.091839750256188E-4,-1.4782319688809E-4,3.4272069772274685E-4,-69.30231243943959,-25.54403934934454,1.1748925817918466E-7,0.001385446230245569,-8.211745134816183E-4,0.0016110399329541895,-30.61688530324999,1.6317704808219095E-5,-47.87896485638834
17.59042658608972,1,70.36170634435886,3.411554000977485E-4,-2.0184323633373378E-4,3.9640838205060215E-4,-68.03802379436314,-30.603300658834748,1.571700874859766E-7,0.0012088792638921789,-3.123559818922563E-4,0.0012492926124362447,-14.437661470284917,9.81418248694567E-6,-50.088106244999395
17.592909176156752,1,70.37163670462702,3.424137372579723E-4,-2.0437065131906178E-4,3.9878527326253773E-4,-67.98613193263809,-30.82299873863334,1.5906468102527555E-7,0.0011996834505439576,-2.908207995618543E-4,0.0012353743199456197,-13.562289337566558,9.595395578600055E-6,-50.18533804306885
17.650378624459087,1,70.60151449783635,3.684934107798875E-4,-2.6701396359138564E-4,4.550821796416721E-4,-66.8389341442504,-35.92083935107217,2.0713326699672555E-7,9.537313938299982E-4,1.9427678190421142E-4,9.746296628148298E-4,11.57331063849861,5.9715953834817445E-6,-52.24357070659575
17.65286121452612,1,70.61144485810445,3.6946762088417465E-4,-2.698988359987828E-4,4.5757139033232846E-4,-66.79158619901794,-36.141115985371755,2.0940989986979934E-7,9.417047357043707E-4,2.1448199532273483E-4,9.674792629853953E-4,12.882641414347775,5.882053988576715E-6,-52.3060521684064
17.710330662828454,1,70.8413226513138,3.8833757459387996E-4,-3.4042977975048364E-4,5.16448461172179E-4,-65.74007791251427,-41.23281608380516,2.667555746696129E-7,6.34734622541557E-4,6.628224888308652E-4,9.193789549159335E-4,46.22326342836342,5.3109335097131456E-6,-52.748329065108905
17.712813252895458,1,70.85125301158186,3.8897293536642745E-4,-3.436355563093412E-4,5.190476809318169E-4,-65.69650285336151,-41.452111272059255,2.694522151578243E-7,6.203103895111154E-4,6.812054842721529E-4,9.229724196815385E-4,47.63262349815119,5.353993526744763E-6,-52.71557412936847
17.770282701197743,1,71.08113080479099,3.994219355045164E-4,-4.211074256670767E-4,5.8042651077903E-4,-64.72558423976041,-46.508308628265404,3.369345993532537E-7,2.6379455707027123E-4,0.0010829504689552339,0.0011156673479605342,76.24798702566743,7.824591428634194E-6,-51.069787702693596
17.77276529126476,1,71.09106116505906,3.9966891113523377E-4,-4.245889210610965E-4,5.831311888800082E-4,-64.68523096583209,-46.72560900483113,3.400870762015211E-7,2.4752619457802896E-4,0.001099155164408338,0.0011276055748639722,77.24819338109883,7.995780019196065E-6,-50.97842788110996
17.830234739566997,1,71.32093895826799,4.0061761974872676E-4,-5.078669087770741E-4,6.468805496641625E-4,-63.7839755894267,-51.727629116686714,4.184971478551665E-7,-1.4461832673617835E-4,0.0014475380853977901,0.0014552762266671873,95.66439107747972,1.331455780492836E-5,-48.76206280672521
17.832717329634022,1,71.3308693185361,4.004328639181793E-4,-5.115713810326961E-4,6.496838709949482E-4,-63.74643999234539,-51.942313227604544,4.221374768497321E-7,-1.6208801092598604E-4,0.0014613360359367025,0.0014707756071289067,96.29312503305502,1.3601338361568245E-5,-48.67013256454037
17.890186777936243,1,71.56074711174499,3.9095511276662944E-4,-5.993591020491685E-4,7.156217464811987E-4,-62.90672757700819,-56.879305416645586,5.121600688402549E-7,-5.742512502532746E-4,0.0017524060968589993,0.0018443916790293593,108.12086970022992,2.138329226998483E-5,-46.70315292027012
17.892669368003283,1,71.57067747201313,3.9030229646769304E-4,-6.032274620532195E-4,7.185148264493072E-4,-62.8717047599035,-57.09104284615506,5.163149351649865E-7,-5.922237633539764E-4,0.0017636832202578292,0.0018607362439504655,108.54125003303236,2.176468410445188E-5,-46.626409213706154
17.950138816305525,1,71.80055526522209,3.696421763190367E-4,-6.94096142987731E-4,7.864150455603633E-4,-62.087311875629375,-61.95800877788312,6.184968513705144E-7,-0.0010078974072154244,0.0019959586752805966,0.002236188070428061,116.77927106933784,3.14282855888865E-5,-45.02934533403678
17.952621406372565,1,71.81048562549026,3.684926305167328E-4,-6.980642593153595E-4,7.89387300604333E-4,-62.05456397846215,-62.16668714344121,6.231864200170103E-7,-0.0010256530682644395,0.002004698906079714,0.002252018730539988,117.08362985179976,3.187497147473815E-5,-44.9679589024828
18.010090854674814,1,72.04036341869927,3.360772278597238E-4,-7.904836979546549E-4,8.589896980863315E-4,-61.32054626120978,-66.96299610074858,7.379138591663973E-7,-0.001428222153005264,0.0021787670439927824,0.0026052837810873384,123.23769011613976,4.2654870929897295E-5,-43.70192177483555
18.01257344474186,1,72.05029377896743,3.34410396488418E-4,-7.944837587109554E-4,8.62029343610399E-4,-61.289880458723765,-67.16866424698715,7.431510549951385E-7,-0.001445053530391416,0.002185034441473086,0.0026197714895344858,123.47120536464794,4.3130310986875725E-5,-43.65366273951065
18.070042893044146,1,72.2801715721766,2.898581324844247E-4,-8.868541818128025E-4,9.330523164814857E-4,-60.60214852548758,-71.89687084244252,8.706391473483756E-7,-0.0018185443967291403,0.0023031313042064542,0.002934629136487708,128.28963543456595,5.411705750247906E-5,-42.66763143034954
18.07252548311118,1,72.29010193244473,2.876618363941744E-4,-8.90816076746702E-4,9.361469436696484E-4,-60.573401896421274,-72.09969284067468,8.764295017105521E-7,-0.0018337870620372385,0.002307051925592132,0.0029471652609059686,128.47552292433852,5.457985590902153E-5,-42.630534014030786
18.12999493141352,1,72.51997972565407,2.3078647635147275E-4,-9.815000708228666E-4,0.0010083013072680344,-59.928429768523934,-76.7645697071606,1.0167256169506203E-6,-0.002163537404804547,0.002372649327314312,0.003211040533143362,132.35765312167374,6.478858265989298E-5,-41.88556266417817
18.132477521480546,1,72.52991008592218,2.2805699346983266E-4,-9.853527594024258E-4,0.0010114384933925863,-59.90145891495573,-76.9647869862099,1.0230677246752174E-6,-0.002176596694454925,0.002374393924213678,0.003221137704412328,132.50880924287065,6.519601757244554E-5,-41.8582367816185
18.189946969782874,1,72.7597878791315,1.5886749692427837E-4,-0.0010727065139349747,0.0010844416420191967,-59.2960847562425,-81.57252631764123,1.1760689350687256E-6,-0.0024498213148305284,0.0023918152418682566,0.0034238474485808615,135.68471251215382,7.36583345046595E-5,-41.32804761680167
18.192429559849884,1,72.76971823939954,1.5560946800998354E-4,-0.0010763793482133832,0.0010876095541534428,-59.27075875291513,-81.77042639037985,1.1829555100485355E-6,-0.002460194140975998,0.002391583569977791,0.0034311130636512175,135.80882828489763,7.39706534481095E-5,-41.30959466451201
18.249899008152177,1,72.99959603260871,7.430593792638521E-5,-0.001158782530059916,0.001161199067542369,-58.70205062671807,-86.3279812358946,1.3484393270841967E-6,-0.002666428280568401,0.0023656635847811806,0.003564610193064099,138.41963177653966,7.983781018769019E-5,-40.97800748662592
18.252381598219195,1,73.00952639287678,7.05321107953216E-5,-0.0011622065048432421,0.0011643870258346031,-58.678246325299035,-86.523871952924,1.3558587922958492E-6,-0.002673719391686244,0.002363670854612944,0.003568744614480249,138.5215341677558,8.002268352305458E-5,-40.967914774812186
18.30985104652143,1,73.23940418608572,-2.2501825681002255E-5,-0.0012380901725465993,0.001238333010828049,-58.143414097432185,-91.03841532188085,1.5335251598001182E-6,-0.002805129749894731,0.002299469057052686,0.0036271861216998196,140.65702919924576,8.266469358668626E-5,-40.826809608987126
18.312333636588455,1,73.24933454635384,-2.677099771584395E-5,-0.001241199079433206,0.0012415319839017176,-58.12101310866875,-91.23260379604432,1.541463663148075E-6,-0.002809062187631413,0.002295934812650791,0.003627987876111135,140.73979678778355,8.270114505216113E-5,-40.824884776541936
18.369803084890684,1,73.47921233956272,-1.3097898571939317E-4,-0.0013090711430461203,0.0013156475869039721,-57.617353368991125,-95.71108739120088,1.730985282851102E-6,-0.0028606234350466546,0.0021985063517152847,0.0036078669363998916,142.4564316863612,8.178646838628349E-5,-40.87319669782489
18.372285674957716,1,73.48914269983086,-1.3571587324847221E-4,-0.0013118026091873951,0.0013188505981033653,-57.59624025180458,-95.90386287474014,1.7394289972791466E-6,-0.0028610432494260013,0.002193645856023836,0.003605237853570713,142.52191684158365,8.166766706865044E-5,-40.879547414437006
18.42975512325995,1,73.71902049303979,-2.503823690119248E-4,-0.0013702704415584222,0.001393000262093757,-57.12110513124706,-100.35266029427729,1.9405064501211746E-6,-0.002830584691427944,0.002067869920141628,0.0035054750347715056,143.85061958932974,7.721094744584929E-5,-41.123315755177835
18.432237713326984,1,73.72895085330795,-2.555528042710444E-4,-0.0013725668383471287,0.0013962026910667356,-57.101166461823574,-100.5442804218404,1.949443997099321E-6,-0.0028274602483523204,0.0020618879564269954,0.0034994225380705537,143.89962980760347,7.694542390909849E-5,-41.1383767521118
18.48970716162924,1,73.95882864651698,-3.798188926700146E-4,-0.0014203567444241207,0.0014703078604780008,-56.65195001231924,-104.96890280951447,2.1618618374466146E-6,-0.0027155930119719647,0.0019123499241214441,0.0033213782212051226,144.84690062110656,6.931582693492307E-5,-41.59199049660545
18.492189751696287,1,73.96875900678513,-3.8538289519772213E-4,-0.0014221659556207312,0.00147350763002376,-56.63307410577116,-105.15958276039248,2.1712866678664866E-6,-0.0027090094464534754,0.0019054367952381632,0.003312014011340922,144.87910338375676,6.892692317860947E-5,-41.61661082478022
18.549659199998572,1,74.1986367999943,-5.182639077045793E-4,-0.0014581393044050363,0.0015475497298834701,-56.20721181253423,-109.5644581881031,2.394966707618851E-6,-0.0025189490115600094,0.0017363580088964365,0.0030594197131765793,145.42118297425594,5.8815682642244556E-5,-42.30576223753713
18.552141790065605,1,74.20856716026245,-5.24176477148864E-4,-0.0014594153473527405,0.001550747373222678,-56.189288936116284,-109.75436246350661,2.404879282630225E-6,-0.002509098543071451,0.001728687429546274,0.003046955348678797,145.43464173892914,5.833931006758908E-5,-42.34138868936122
18.60961123836794,1,74.43844495347177,-6.645809302262358E-4,-0.0014825812643074613,0.0016247680088201778,-55.78426716611029,-114.14267353919807,2.639927618726878E-6,-0.00224640056306238,0.0015438948796687238,0.002725789246168974,145.50014197521398,4.6691003341215E-5,-43.3090183803167
18.612093828434965,1,74.44837531373987,-6.707928857298256E-4,-0.0014832847617685246,0.0016279666175978587,-55.76719012441044,-114.33191018104071,2.6503372533242686E-6,-0.002233569495407099,0.001535623407944054,0.0027105304752008076,145.49011208332425,4.6172018070855363E-5,-43.35806176013705
18.669563276737307,1,74.67825310694921,-8.175422697698864E-4,-0.0014928093657722104,0.001702065060136438,-55.38056304659548,-118.70548713568576,2.8970821737263373E-6,-0.0019057986822188188,0.0013385508717983449,0.002328904888603458,144.9160971387293,3.408888658116838E-5,-44.676396306463836
18.672045866804325,1,74.68818346721729,-8.240011160331926E-4,-0.0014929078694678657,0.0017052701186223475,-55.36422804192215,-118.89410431694229,2.9080084353484386E-6,-0.0018903519622151153,0.0013298185102700371,0.0023112495638784253,144.87190703661585,3.357656227186769E-5,-44.74299550085847
18.72951531510661,1,74.91806126042644,-9.758500852665709E-4,-0.0014881201163019116,0.001779598261634616,-54.99363991831465,-123.2533728009804,3.167027098711465E-6,-0.0015067044416658174,0.0011235306395070794,0.0018795012941950834,143.28388277737653,2.2208233094256446E-5,-46.53966982946246
18.73199790517363,1,74.92799162069451,-9.825008864647077E-4,-0.0014875882863974708,0.0017828173777194717,-54.977947599080586,-123.4413577810794,3.178500688671336E-6,-0.001489068654063952,0.0011144622469079519,0.0018599564366020955,143.17968859593685,2.1751398637977753E-5,-46.631434851125896
18.78946735347587,1,75.15786941390348,-0.0011381574292189116,-0.001467982549141853,0.0018575724666025795,-54.62115845971489,-127.785341529195,3.450633337846926E-6,-0.0010599677759722146,9.016935978802865E-4,0.001391658969741023,139.59763634383785,1.2183391997548135E-5,-49.15227969358818
18.791949943542903,1,75.16779977417161,-0.0011449436733633439,-0.0014668021966506095,0.0018608150151574597,-54.60601507089913,-127.97262198202026,3.462696421848909E-6,-0.0010406134134761432,8.924007836147287E-4,0.001370947716130348,139.3576571023267,1.1825802337035845E-5,-49.284688918324726
18.849419391845117,1,75.39767756738046,-0.001303088877998455,-0.0014320377715441568,0.001936230563220999,-54.26092776114398,-132.29900023882155,3.749047787401955E-6,-5.772977051660245E-4,6.756026826017701E-4,8.888751708442422E-4,130.45168847702988,4.979326949122388E-6,-53.05264978448028
18.85190198191215,1,75.4076079276486,-0.0013099533160134918,-0.0014301977729043974,0.0019395072619189152,-54.24624630854808,-132.48544792269905,3.7617537796415778E-6,-5.567214803869996E-4,6.661859015311396E-4,8.686505539344777E-4,129.76109966769414,4.755760562466542E-6,-53.25773105137643
18.909371430214378,1,75.63748572085753,-0.0014692603891413819,-0.0013800955468446729,0.00201584266325897,-53.91093283799823,-136.7906660711257,4.063682189103525E-6,-7.084145772073306E-5,4.475751922929414E-4,4.5486891802081495E-4,98.6653759279865,1.308879138643314E-6,-58.884259020336536
18.911854020281424,1,75.64741608112568,-0.001476145834799746,-0.0013775916417473567,0.0020191651046794724,-53.89663417627745,-136.97610272407402,4.0770950297897405E-6,-4.9549326938901E-5,4.3812581063532946E-4,4.444863191272325E-4,96.13006935226076,1.2423260549070988E-6,-59.06474764087353
18.96932346858368,1,75.87729387433474,-0.0016352980734040152,-0.0013121281946647824,0.0020966945276578173,-53.56935929712711,-141.25553211830595,4.3961905046908365E-6,4.472125771560749E-4,2.1973081568067425E-4,5.007487651230458E-4,26.532841532585433,1.5791578289041824E-6,-58.03768120712998
18.971806058650728,1,75.8872242346029,-0.0016421481522667712,-0.0013089626795803567,0.0021000746939882275,-53.555373054081514,-141.43973734045383,4.410383501116326E-6,4.6872112193414265E-4,2.1033297530290577E-4,5.15046680507622E-4,24.45453712077373,1.6793024472202076E-6,-57.80730142328019
19.029275506953013,1,76.11710202781207,-0.0017998556185625074,-0.0012282621216664143,0.002179075879536177,-53.23461312576385,-145.68787729534583,4.74843675398216E-6,9.649959945316096E-4,-5.966693527790921E-6,9.653316845849301E-4,-0.2681895791844021,5.870112311615212E-6,-52.33794750066847
19.031758097020045,1,76.1270323880802,-0.0018066154561336455,-0.0012244434524550274,0.002182525667063889,-53.22087838460347,-145.8705980436525,4.7634910789790145E-6,9.862419306480043E-4,-1.5234529863201779E-5,9.86554977971375E-4,-0.8301623913783934,6.133150954010039E-6,-52.14665338418215
19.08922754532238,1,76.35691018128954,-0.0019616301520420636,-0.001128767313178806,0.002263269255779212,-52.905333881699086,-150.0813097949386,5.122455788910906E-6,0.001471276522667419,-2.2767643773587143E-4,0.0014888639125816825,-8.774923860580584,1.3944505530903748E-5,-48.56685641793733
19.091710135389405,1,76.36684054155764,-0.00196824699341987,-0.001124309630695231,0.0022668000353834325,-52.89179955990331,-150.26227098757852,5.138458746816927E-6,0.001491813287871084,-2.3674032669973388E-4,0.0015105373111583438,-9.001133783729742,1.4354191080111452E-5,-48.44042131576874
19.14917958369174,1,76.59671833476696,-0.002119376379125691,-0.0010140451243812157,0.0023495400026761477,-52.58040005433406,-154.42903079173183,5.520409782652072E-6,0.0019557230283855542,-4.4365697670378074E-4,0.0020054422025233194,-12.773198152862928,2.5285276135255533E-5,-45.97689858359997
19.15166217375875,1,76.606648695035,-0.002125800134460477,-0.0010089677171368154,0.0023531622396258866,-52.5670249415105,-154.60794642522043,5.5374529615635715E-6,0.001975146305724444,-4.5244674256246867E-4,0.0020263287178540227,-12.895546028501096,2.5814966846891923E-5,-45.886531571655084
19.20913162206105,1,76.8365264882442,-0.0022719188815778736,-8.846147094525487E-4,0.002438127930687656,-52.25892599996222,-158.72410333969992,5.944543337781718E-6,0.0024091160136758103,-6.522527116383501E-4,0.0024958656772257515,-15.145449041874045,3.9153940539073276E-5,-44.075404112486495
19.21161421212807,1,76.84645684851226,-0.0022781025935851647,-8.789414272111275E-4,0.0024418508824397907,-52.24567844534777,-158.90068748053852,5.962720768240018E-6,0.002427071227939688,-6.60701588222438E-4,0.002515406083728384,-15.224819302304791,3.97693558011127E-5,-44.007482024654706
19.26908366043029,1,77.07633464172117,-0.0024181625070518508,-7.410984191469838E-4,0.0025292410161096087,-51.940250558104744,-162.95971111084427,6.397140074482589E-6,0.0028235027571134074,-8.518893748006995E-4,0.002949226407112734,-16.787141555652813,5.466238019423295E-5,-42.625007273047764
19.27156625049733,1,77.0862650019893,-0.0024240627386460547,-7.348570508504285E-4,0.0025330725209220094,-51.92710782750671,-163.13368814535957,6.4165465096496314E-6,0.002839690297798249,-8.599339995303419E-4,0.0029670490308382055,-16.845762716140914,5.5324734566828006E-5,-42.572569368396906
19.329035698799544,1,77.31614279519818,-0.0025571008218381337,-5.842064826736945E-4,0.002623051386190766,-51.62391813728229,-167.12939287190665,6.88048337307365E-6,0.003192298438678031,-0.001041077374832513,0.003357775454636474,-18.060922131336923,7.085006093313457E-5,-41.49775989236803
19.331518288866583,1,77.32607315546633,-0.0025626779636144636,-5.774281113610252E-4,0.0026269977488442096,-51.610865485461304,-167.30050648162901,6.901212795052076E-6,0.0032064767067982664,-0.0010486580738115747,0.0033736068510794646,-18.108745714159504,7.151925557791252E-5,-41.456835868390336
19.38898773716882,1,77.55595094867527,-0.002687822637749055,-4.147212696019702E-4,0.002719693665383609,-51.30965362840809,-171.22724122409275,7.396823645291303E-6,0.0035103363952693483,-0.0012184213751186437,0.0037157844071151226,-19.14073579718538,8.675930249596294E-5,-40.617552888490785
19.391470327235858,1,77.56588130894343,-0.00269304113652995,-4.074396160456418E-4,0.0027237596398391496,-51.29668315281279,-171.39526168702952,7.418968087906366E-6,0.0035223228376022662,-0.0012254826669773405,0.0037294250402719778,-19.18287739957758,8.739689246043058E-5,-40.58567894194168
19.448939775538122,1,77.79575910215247,-0.0028095166577706524,-2.3348140283117E-4,0.0028192656104884706,-50.99733289338684,-175.24805773756594,7.948354130220012E-6,0.003773872068873234,-0.0013826342908089193,0.004019182717933671,-20.120675944574018,1.0150244285784735E-4,-39.9356622103562
19.451422365605154,1,77.80568946242063,-0.0028143451687320646,-2.2573216850994932E-4,0.002823454473544287,-50.984442246625264,-175.41278731780207,7.972002891766575E-6,0.0037835424131338847,-0.00138912553261478,0.004030497458440427,-20.16005536449509,1.0207415978585688E-4,-39.91121104723414
19.508891813907454,1,78.03556725562981,-0.0029214743142648345,-4.136596547272464E-5,0.0029218308357670713,-50.68695075094058,-179.18746065871645,8.537196789040195E-6,0.003980546233373031,-0.0015325538541857695,0.0042653855577133,-21.05677569699415,1.1431637579922812E-4,-39.41915731523811
19.511374403974486,1,78.04549761589797,-0.0029258857802591017,-3.318618427159405E-5,0.0029261445412224894,-50.67414179182098,-164.44128018006845,8.562436090659627E-6,0.00398783217192795,-0.0015384299541991327,0.004274297937384598,-21.095215816490335,1.1479405812387636E-4,-39.40100364099328
19.568843852276814,1,78.27537540910728,-0.0030230908978328033,1.60720986273912E-4,0.0030274233354992126,-50.37858834428334,176.958054700766,9.165399442024372E-6,0.004129313739958488,-0.0016671599884887087,0.004453167763743847,-21.985451192218104,1.2460173674236114E-4,-39.04488204128509
19.57132644234384,1,78.28530576937538,-0.0030270625604256474,1.6929357956247418E-4,0.0030318627352749223,-50.365865801563324,176.80035700741382,9.19231256987133E-6,0.004134199329151758,-0.0016723821165525604,0.004459654970847584,-22.024193813880654,1.2496459372358647E-4,-39.0322215939485
19.628795890646174,1,78.51518356258472,-0.0031138650944397663,3.7186542464307133E-4,0.003136053455396914,-50.072381561247376,173.19109943021826,9.834944882608321E-6,0.004220344338475405,-0.0017855914163549987,0.004582542718439884,-22.932579999158516,1.3194575799461492E-4,-38.7960962588523
19.631278480713192,1,78.5251139228528,-0.003117378441880607,3.8079300231154336E-4,0.0031406185725657005,-50.05975177237427,173.03706912081128,9.863612835994337E-6,0.004222861387065103,-0.0017901276520138163,0.004586630469093898,-22.972553443236272,1.3218096227318022E-4,-38.78834156656752
19.688747929015477,1,78.75499171606194,-0.0031933970631455363,5.911577200502201E-4,0.003247714945058235,-49.768491842326895,169.51341240110025,1.0547772343786126E-5,0.00425490215537328,-0.0018871601807615409,0.00465463511028949,-23.91842086809513,1.361293459766465E-4,-38.660494590574444
19.691230519082495,1,78.76492207633001,-0.003196437720999472,6.004029406517697E-4,0.0032524052836837513,-49.75596161394511,169.3631030788019,1.0578274998057758E-5,0.00425512487085693,-0.001890986050605084,0.004656392216433298,-23.96039270341597,1.3623200605906494E-4,-38.65721196331633
19.748699967384738,1,78.99479986953897,-0.00326138519697159,8.177062666339443E-4,0.003362392736465907,-49.46708031781637,165.92591213538125,1.1305811403590799E-5,0.004235210185957003,-0.001971363046169947,0.004671546679771679,-24.960557808247387,1.3712014215519055E-4,-38.62898746778031
19.75118255745177,1,79.00473022980708,-0.003263942767466678,8.27232821426476E-4,0.0033672076142664373,-49.45465593815973,165.77934497123854,1.1338229186415582E-5,0.004233249333742863,-0.0019744619143256237,0.0046710793767497285,-25.005231917826077,1.3709274821509994E-4,-38.629857563556044
19.808652005754,1,79.23460802301598,-0.0033176217153086177,0.0010506502847174772,0.0034800711311619536,-49.16828581821861,162.42877118950827,1.2111028216136706E-5,0.00416430573936392,-0.002037889051392605,0.004636217729593673,-26.075884022073772,1.3505416438337305E-4,-38.694929482186076
19.81113459582103,1,79.24453838328412,-0.0033196895716059364,0.0010604234088392546,0.0034850100229856388,-49.15597223576503,162.28593836767666,1.2145444289743565E-5,0.004160302548889147,-0.002040252339634313,0.004633663914546811,-26.123971155189174,1.3490562693835623E-4,-38.69972210808335
19.86860404412326,1,79.47441617649307,-0.003361987238153614,0.0012891717542723446,0.003600742133080024,-48.87220694534655,159.02150531914882,1.2965483855416168E-5,0.004045892208441856,-0.002086622783522544,0.00455228847982787,-27.282153209161752,1.3020908300059224E-4,-38.853624294421
19.8710866341903,1,79.48434653676121,-0.003363562279742423,0.0012991587014603218,0.003605805015666007,-48.860007114713376,158.88237393609504,1.300198679560262E-5,0.004040012234443352,-0.002088250009392893,0.004547812041028093,-27.334431299735403,1.2995349516513565E-4,-38.86218224514651
19.92855608249255,1,79.7142243299702,-0.003394444490663186,0.0015325064656220146,0.003724413727444755,-48.578888101578954,155.7030704872416,1.3871404569661751E-5,0.0038841918701738687,-0.00211764321850525,0.004423964726862146,-28.599416057181493,1.2297230102496423E-4,-39.102009019205084
19.931038672559595,1,79.72415469023835,-0.003395526865934585,0.0015426769465949446,0.003729601418662874,-48.566802487314504,155.56758664133997,1.3910091535360086E-5,0.003876618988230438,-0.00211854185061276,0.004417750150793235,-28.6567912179164,1.2262755321323032E-4,-39.11423792226625
19.988508120861866,1,79.95403248344749,-0.0034150312814084367,0.0017799542048393714,0.0038511179724144843,-48.288309162197976,152.47196190889565,1.4831263871500651E-5,0.0036838036979257474,-0.002131218217304806,0.004255892337088965,-30.051579538715348,1.1380684021569222E-4,-39.43846008000956
19.990990710928912,1,79.96396284371563,-0.0034156240831817934,0.0017902807907410525,0.003856432460901774,-48.27633538402801,152.3400547675477,1.4872244266632558E-5,0.003674734382755135,-0.002131403356181629,0.004248139782356658,-30.115157099451594,1.1339320421793948E-4,-39.454322370777
20,1,79.99999999999999,-0.0034169140850537688,0.0018279999799963218,0.0038759477644271347,-48.23307454086224,151.86760038910816,1.5025190820475814E-5,0.003639436041066264,-0.0021308376817919146,0.004217555473888673,-30.358641112177764,1.1179801863299424E-4,-39.518339667083076
